participante,idioma,estado,atenção,motivo de exclusão,código do item,classificação,ordem,estímulo,época,condição,modelo,tempo da resposta (s),mediana do item (s),ritmo relativo,ritmo demasiado rápido
P001,Português,em curso,,,s01__E3__pipeline,6,1,s01,E3,pipeline,microsoft/Phi-3-mini-4k-instruct,,19.5,,
P002,Português,concluído,Sim,,s09__E3__baseline,7,1,s09,E3,linha de base,microsoft/Phi-3-mini-4k-instruct,,26.5,,Não
P002,Português,concluído,Sim,,s06__E1__baseline,3,2,s06,E1,linha de base,microsoft/DialoGPT-medium,63,16,3.938,Não
P002,Português,concluído,Sim,,s01__E3__pipeline,7,3,s01,E3,pipeline,microsoft/Phi-3-mini-4k-instruct,39,19.5,2.000,Não
P002,Português,concluído,Sim,,s12__E3__baseline,7,4,s12,E3,linha de base,microsoft/Phi-3-mini-4k-instruct,68,21,3.238,Não
P002,Português,concluído,Sim,,s04__E3__pipeline,7,5,s04,E3,pipeline,microsoft/Phi-3-mini-4k-instruct,15,17,0.882,Não
P002,Português,concluído,Sim,,s07__E2__baseline,7,6,s07,E2,linha de base,facebook/blenderbot-400M-distill,17,15,1.133,Não
P002,Português,concluído,Sim,,s11__E3__baseline,7,7,s11,E3,linha de base,microsoft/Phi-3-mini-4k-instruct,30,20,1.500,Não
P002,Português,concluído,Sim,,s03__E1__pipeline,1,8,s03,E1,pipeline,microsoft/DialoGPT-medium,74,11,6.727,Não
P002,Português,concluído,Sim,,s03__E2__baseline,1,9,s03,E2,linha de base,facebook/blenderbot-400M-distill,9,13,0.692,Não
P002,Português,concluído,Sim,,s01__E2__baseline,6,10,s01,E2,linha de base,facebook/blenderbot-400M-distill,14,14,1.000,Não
P002,Português,concluído,Sim,,s02__E2__baseline,6,11,s02,E2,linha de base,facebook/blenderbot-400M-distill,16,15,1.067,Não
P002,Português,concluído,Sim,,s08__E3__baseline,7,12,s08,E3,linha de base,microsoft/Phi-3-mini-4k-instruct,19,15,1.267,Não
P002,Português,concluído,Sim,,s08__E1__baseline,1,13,s08,E1,linha de base,microsoft/DialoGPT-medium,9,6,1.500,Não
P002,Português,concluído,Sim,,s11__E2__pipeline,2,14,s11,E2,pipeline,facebook/blenderbot-400M-distill,22,16,1.375,Não
P002,Português,concluído,Sim,,s07__E3__baseline,7,15,s07,E3,linha de base,microsoft/Phi-3-mini-4k-instruct,14,24,0.583,Não
P002,Português,concluído,Sim,,s12__E4__pipeline,6,16,s12,E4,pipeline,Qwen/Qwen2.5-3B-Instruct,14,13,1.077,Não
P002,Português,concluído,Sim,,s01__E2__pipeline,5,17,s01,E2,pipeline,facebook/blenderbot-400M-distill,14,11.5,1.217,Não
P002,Português,concluído,Sim,,s09__E1__baseline,1,18,s09,E1,linha de base,microsoft/DialoGPT-medium,12,11,1.091,Não
P002,Português,concluído,Sim,,s05__E4__baseline,7,19,s05,E4,linha de base,Qwen/Qwen2.5-3B-Instruct,20,13.5,1.481,Não
P002,Português,concluído,Sim,,s09__E2__pipeline,5,20,s09,E2,pipeline,facebook/blenderbot-400M-distill,16,16,1.000,Não
P002,Português,concluído,Sim,,s05__E3__pipeline,7,21,s05,E3,pipeline,microsoft/Phi-3-mini-4k-instruct,11,18,0.611,Não
P002,Português,concluído,Sim,,s06__E4__pipeline,7,22,s06,E4,pipeline,Qwen/Qwen2.5-3B-Instruct,10,13,0.769,Não
P002,Português,concluído,Sim,,s07__E3__pipeline,7,23,s07,E3,pipeline,microsoft/Phi-3-mini-4k-instruct,15,16.5,0.909,Não
P002,Português,concluído,Sim,,s04__E3__baseline,7,24,s04,E3,linha de base,microsoft/Phi-3-mini-4k-instruct,7,17,0.412,Não
P003,Português,em curso,,,s01__E2__pipeline,6,1,s01,E2,pipeline,facebook/blenderbot-400M-distill,,11.5,,Não
P003,Português,em curso,,,s12__E4__pipeline,6,2,s12,E4,pipeline,Qwen/Qwen2.5-3B-Instruct,21,13,1.615,Não
P003,Português,em curso,,,s10__E3__pipeline,5,3,s10,E3,pipeline,microsoft/Phi-3-mini-4k-instruct,15,20,0.750,Não
P003,Português,em curso,,,s08__E2__baseline,1,4,s08,E2,linha de base,facebook/blenderbot-400M-distill,14,14,1.000,Não
P004,Inglês,concluído,Sim,,s11__E2__baseline,3,1,s11,E2,linha de base,facebook/blenderbot-400M-distill,,16,,Não
P004,Inglês,concluído,Sim,,s10__E4__baseline,5,2,s10,E4,linha de base,Qwen/Qwen2.5-3B-Instruct,15,13,1.154,Não
P004,Inglês,concluído,Sim,,s09__E3__pipeline,7,3,s09,E3,pipeline,microsoft/Phi-3-mini-4k-instruct,17,17,1.000,Não
P004,Inglês,concluído,Sim,,s06__E3__pipeline,7,4,s06,E3,pipeline,microsoft/Phi-3-mini-4k-instruct,21,18,1.167,Não
P004,Inglês,concluído,Sim,,s10__E2__pipeline,7,5,s10,E2,pipeline,facebook/blenderbot-400M-distill,12,11.5,1.043,Não
P004,Inglês,concluído,Sim,,s04__E2__pipeline,3,6,s04,E2,pipeline,facebook/blenderbot-400M-distill,10,14,0.714,Não
P004,Inglês,concluído,Sim,,s08__E1__pipeline,1,7,s08,E1,pipeline,microsoft/DialoGPT-medium,10,10,1.000,Não
P004,Inglês,concluído,Sim,,s11__E4__pipeline,6,8,s11,E4,pipeline,Qwen/Qwen2.5-3B-Instruct,15,14.5,1.034,Não
P004,Inglês,concluído,Sim,,s03__E3__pipeline,6,9,s03,E3,pipeline,microsoft/Phi-3-mini-4k-instruct,16,15,1.067,Não
P004,Inglês,concluído,Sim,,s12__E3__pipeline,3,10,s12,E3,pipeline,microsoft/Phi-3-mini-4k-instruct,14,19,0.737,Não
P004,Inglês,concluído,Sim,,s12__E4__baseline,4,11,s12,E4,linha de base,Qwen/Qwen2.5-3B-Instruct,10,20,0.500,Não
P004,Inglês,concluído,Sim,,s10__E3__pipeline,7,12,s10,E3,pipeline,microsoft/Phi-3-mini-4k-instruct,24,20,1.200,Não
P004,Inglês,concluído,Sim,,s12__E1__baseline,1,13,s12,E1,linha de base,microsoft/DialoGPT-medium,5,10,0.500,Não
P004,Inglês,concluído,Sim,,s02__E4__baseline,5,14,s02,E4,linha de base,Qwen/Qwen2.5-3B-Instruct,11,15,0.733,Não
P004,Inglês,concluído,Sim,,s05__E2__baseline,5,15,s05,E2,linha de base,facebook/blenderbot-400M-distill,10,16,0.625,Não
P004,Inglês,concluído,Sim,,s06__E2__pipeline,4,16,s06,E2,pipeline,facebook/blenderbot-400M-distill,10,15,0.667,Não
P004,Inglês,concluído,Sim,,s07__E1__pipeline,1,17,s07,E1,pipeline,microsoft/DialoGPT-medium,10,12,0.833,Não
P004,Inglês,concluído,Sim,,s08__E3__pipeline,7,18,s08,E3,pipeline,microsoft/Phi-3-mini-4k-instruct,28,21.5,1.302,Não
P004,Inglês,concluído,Sim,,s01__E1__baseline,1,19,s01,E1,linha de base,microsoft/DialoGPT-medium,4,8,0.500,Não
P004,Inglês,concluído,Sim,,s08__E2__baseline,5,20,s08,E2,linha de base,facebook/blenderbot-400M-distill,8,14,0.571,Não
P004,Inglês,concluído,Sim,,s09__E1__pipeline,1,21,s09,E1,pipeline,microsoft/DialoGPT-medium,4,12,0.333,Não
P004,Inglês,concluído,Sim,,s03__E1__baseline,1,22,s03,E1,linha de base,microsoft/DialoGPT-medium,7,14,0.500,Não
P004,Inglês,concluído,Sim,,s03__E4__baseline,4,23,s03,E4,linha de base,Qwen/Qwen2.5-3B-Instruct,9,13,0.692,Não
P004,Inglês,concluído,Sim,,s06__E2__baseline,3,24,s06,E2,linha de base,facebook/blenderbot-400M-distill,8,14,0.571,Não
P005,Português,concluído,Sim,ritmo demasiado rápido,s06__E4__baseline,6,1,s06,E4,linha de base,Qwen/Qwen2.5-3B-Instruct,,20,,Sim
P005,Português,concluído,Sim,ritmo demasiado rápido,s03__E4__pipeline,4,2,s03,E4,pipeline,Qwen/Qwen2.5-3B-Instruct,12,22,0.545,Sim
P005,Português,concluído,Sim,ritmo demasiado rápido,s03__E1__baseline,6,3,s03,E1,linha de base,microsoft/DialoGPT-medium,5,14,0.357,Sim
P005,Português,concluído,Sim,ritmo demasiado rápido,s12__E1__baseline,5,4,s12,E1,linha de base,microsoft/DialoGPT-medium,12,10,1.200,Sim
P005,Português,concluído,Sim,ritmo demasiado rápido,s11__E1__pipeline,5,5,s11,E1,pipeline,microsoft/DialoGPT-medium,11,10,1.100,Sim
P005,Português,concluído,Sim,ritmo demasiado rápido,s07__E1__pipeline,4,6,s07,E1,pipeline,microsoft/DialoGPT-medium,3,12,0.250,Sim
P005,Português,concluído,Sim,ritmo demasiado rápido,s04__E1__pipeline,4,7,s04,E1,pipeline,microsoft/DialoGPT-medium,2,13,0.154,Sim
P005,Português,concluído,Sim,ritmo demasiado rápido,s08__E4__pipeline,5,8,s08,E4,pipeline,Qwen/Qwen2.5-3B-Instruct,3,19.5,0.154,Sim
P005,Português,concluído,Sim,ritmo demasiado rápido,s01__E1__baseline,5,9,s01,E1,linha de base,microsoft/DialoGPT-medium,2,8,0.250,Sim
P005,Português,concluído,Sim,ritmo demasiado rápido,s10__E4__pipeline,6,10,s10,E4,pipeline,Qwen/Qwen2.5-3B-Instruct,8,18,0.444,Sim
P005,Português,concluído,Sim,ritmo demasiado rápido,s06__E2__pipeline,6,11,s06,E2,pipeline,facebook/blenderbot-400M-distill,2,15,0.133,Sim
P005,Português,concluído,Sim,ritmo demasiado rápido,s10__E2__baseline,6,12,s10,E2,linha de base,facebook/blenderbot-400M-distill,2,13.5,0.148,Sim
P005,Português,concluído,Sim,ritmo demasiado rápido,s12__E3__pipeline,5,13,s12,E3,pipeline,microsoft/Phi-3-mini-4k-instruct,3,19,0.158,Sim
P005,Português,concluído,Sim,ritmo demasiado rápido,s01__E1__pipeline,5,14,s01,E1,pipeline,microsoft/DialoGPT-medium,1,17,0.059,Sim
P005,Português,concluído,Sim,ritmo demasiado rápido,s07__E2__pipeline,5,15,s07,E2,pipeline,facebook/blenderbot-400M-distill,2,20,0.100,Sim
P005,Português,concluído,Sim,ritmo demasiado rápido,s11__E2__baseline,4,16,s11,E2,linha de base,facebook/blenderbot-400M-distill,1,16,0.063,Sim
P005,Português,concluído,Sim,ritmo demasiado rápido,s10__E1__pipeline,4,17,s10,E1,pipeline,microsoft/DialoGPT-medium,2,10,0.200,Sim
P005,Português,concluído,Sim,ritmo demasiado rápido,s04__E2__pipeline,6,18,s04,E2,pipeline,facebook/blenderbot-400M-distill,2,14,0.143,Sim
P005,Português,concluído,Sim,ritmo demasiado rápido,s11__E3__pipeline,6,19,s11,E3,pipeline,microsoft/Phi-3-mini-4k-instruct,6,19,0.316,Sim
P005,Português,concluído,Sim,ritmo demasiado rápido,s08__E3__pipeline,7,20,s08,E3,pipeline,microsoft/Phi-3-mini-4k-instruct,2,21.5,0.093,Sim
P005,Português,concluído,Sim,ritmo demasiado rápido,s01__E4__pipeline,7,21,s01,E4,pipeline,Qwen/Qwen2.5-3B-Instruct,6,25,0.240,Sim
P005,Português,concluído,Sim,ritmo demasiado rápido,s09__E3__pipeline,5,22,s09,E3,pipeline,microsoft/Phi-3-mini-4k-instruct,4,17,0.235,Sim
P005,Português,concluído,Sim,ritmo demasiado rápido,s06__E2__baseline,7,23,s06,E2,linha de base,facebook/blenderbot-400M-distill,2,14,0.143,Sim
P005,Português,concluído,Sim,ritmo demasiado rápido,s08__E1__pipeline,6,24,s08,E1,pipeline,microsoft/DialoGPT-medium,1,10,0.100,Sim
P006,Português,em curso,,,s11__E1__pipeline,4,1,s11,E1,pipeline,microsoft/DialoGPT-medium,,10,,
P007,Português,concluído,Sim,,s11__E1__baseline,3,1,s11,E1,linha de base,microsoft/DialoGPT-medium,,9,,Não
P007,Português,concluído,Sim,,s02__E3__pipeline,7,2,s02,E3,pipeline,microsoft/Phi-3-mini-4k-instruct,99,25.5,3.882,Não
P007,Português,concluído,Sim,,s12__E2__pipeline,7,3,s12,E2,pipeline,facebook/blenderbot-400M-distill,44,20,2.200,Não
P007,Português,concluído,Sim,,s04__E1__baseline,1,4,s04,E1,linha de base,microsoft/DialoGPT-medium,12,8,1.500,Não
P007,Português,concluído,Sim,,s05__E2__pipeline,7,5,s05,E2,pipeline,facebook/blenderbot-400M-distill,24,15,1.600,Não
P007,Português,concluído,Sim,,s02__E2__pipeline,5,6,s02,E2,pipeline,facebook/blenderbot-400M-distill,52,13,4.000,Não
P007,Português,concluído,Sim,,s04__E4__pipeline,7,7,s04,E4,pipeline,Qwen/Qwen2.5-3B-Instruct,42,17.5,2.400,Não
P007,Português,concluído,Sim,,s05__E3__baseline,7,8,s05,E3,linha de base,microsoft/Phi-3-mini-4k-instruct,31,24,1.292,Não
P007,Português,concluído,Sim,,s08__E4__baseline,7,9,s08,E4,linha de base,Qwen/Qwen2.5-3B-Instruct,43,15,2.867,Não
P007,Português,concluído,Sim,,s05__E1__baseline,2,10,s05,E1,linha de base,microsoft/DialoGPT-medium,17,11,1.545,Não
P007,Português,concluído,Sim,,s09__E4__baseline,7,11,s09,E4,linha de base,Qwen/Qwen2.5-3B-Instruct,26,20,1.300,Não
P007,Português,concluído,Sim,,s07__E4__baseline,7,12,s07,E4,linha de base,Qwen/Qwen2.5-3B-Instruct,19,15.5,1.226,Não
P007,Português,concluído,Sim,,s04__E4__baseline,7,13,s04,E4,linha de base,Qwen/Qwen2.5-3B-Instruct,14,15,0.933,Não
P007,Português,concluído,Sim,,s12__E2__baseline,7,14,s12,E2,linha de base,facebook/blenderbot-400M-distill,22,20.5,1.073,Não
P007,Português,concluído,Sim,,s02__E1__pipeline,2,15,s02,E1,pipeline,microsoft/DialoGPT-medium,15,10,1.500,Não
P007,Português,concluído,Sim,,s02__E4__pipeline,7,16,s02,E4,pipeline,Qwen/Qwen2.5-3B-Instruct,15,15,1.000,Não
P007,Português,concluído,Sim,,s05__E4__pipeline,7,17,s05,E4,pipeline,Qwen/Qwen2.5-3B-Instruct,16,14,1.143,Não
P007,Português,concluído,Sim,,s02__E1__baseline,1,18,s02,E1,linha de base,microsoft/DialoGPT-medium,32,11,2.909,Não
P007,Português,concluído,Sim,,s08__E2__pipeline,6,19,s08,E2,pipeline,facebook/blenderbot-400M-distill,25,14,1.786,Não
P007,Português,concluído,Sim,,s07__E1__baseline,1,20,s07,E1,linha de base,microsoft/DialoGPT-medium,9,11,0.818,Não
P007,Português,concluído,Sim,,s01__E4__baseline,7,21,s01,E4,linha de base,Qwen/Qwen2.5-3B-Instruct,16,15.5,1.032,Não
P007,Português,concluído,Sim,,s11__E4__baseline,7,22,s11,E4,linha de base,Qwen/Qwen2.5-3B-Instruct,13,13,1.000,Não
P007,Português,concluído,Sim,,s10__E3__baseline,7,23,s10,E3,linha de base,microsoft/Phi-3-mini-4k-instruct,22,19,1.158,Não
P007,Português,concluído,Sim,,s04__E2__baseline,4,24,s04,E2,linha de base,facebook/blenderbot-400M-distill,33,13,2.538,Não
P007,Português,concluído,Sim,,s10__E1__baseline,1,25,s10,E1,linha de base,microsoft/DialoGPT-medium,59,14,4.214,Não
P007,Português,concluído,Sim,,s06__E1__baseline,1,26,s06,E1,linha de base,microsoft/DialoGPT-medium,34,16,2.125,Não
P007,Português,concluído,Sim,,s06__E2__baseline,6,27,s06,E2,linha de base,facebook/blenderbot-400M-distill,19,14,1.357,Não
P007,Português,concluído,Sim,,s04__E2__pipeline,7,28,s04,E2,pipeline,facebook/blenderbot-400M-distill,11,14,0.786,Não
P007,Português,concluído,Sim,,s10__E2__pipeline,7,29,s10,E2,pipeline,facebook/blenderbot-400M-distill,12,11.5,1.043,Não
P007,Português,concluído,Sim,,s05__E1__pipeline,1,30,s05,E1,pipeline,microsoft/DialoGPT-medium,16,13.5,1.185,Não
P007,Português,concluído,Sim,,s04__E1__pipeline,1,31,s04,E1,pipeline,microsoft/DialoGPT-medium,12,13,0.923,Não
P007,Português,concluído,Sim,,s11__E4__pipeline,6,32,s11,E4,pipeline,Qwen/Qwen2.5-3B-Instruct,35,14.5,2.414,Não
P008,Português,em curso,,,s12__E1__pipeline,4,1,s12,E1,pipeline,microsoft/DialoGPT-medium,,12,,Não
P008,Português,em curso,,,s07__E4__pipeline,6,2,s07,E4,pipeline,Qwen/Qwen2.5-3B-Instruct,21,18,1.167,Não
P008,Português,em curso,,,s09__E2__baseline,5,3,s09,E2,linha de base,facebook/blenderbot-400M-distill,10,13.5,0.741,Não
P008,Português,em curso,,,s04__E4__baseline,7,4,s04,E4,linha de base,Qwen/Qwen2.5-3B-Instruct,,15,,Não
P009,Português,concluído,Não,falha no item de atenção,s12__E4__pipeline,6,1,s12,E4,pipeline,Qwen/Qwen2.5-3B-Instruct,,13,,Sim
P009,Português,concluído,Não,falha no item de atenção,s05__E4__baseline,7,2,s05,E4,linha de base,Qwen/Qwen2.5-3B-Instruct,13,13.5,0.963,Sim
P009,Português,concluído,Não,falha no item de atenção,s05__E3__pipeline,7,3,s05,E3,pipeline,microsoft/Phi-3-mini-4k-instruct,15,18,0.833,Sim
P009,Português,concluído,Não,falha no item de atenção,s02__E2__baseline,7,4,s02,E2,linha de base,facebook/blenderbot-400M-distill,1,15,0.067,Sim
P009,Português,concluído,Não,falha no item de atenção,s09__E4__pipeline,6,5,s09,E4,pipeline,Qwen/Qwen2.5-3B-Instruct,17,20,0.850,Sim
P009,Português,concluído,Não,falha no item de atenção,s09__E2__baseline,3,6,s09,E2,linha de base,facebook/blenderbot-400M-distill,11,13.5,0.815,Sim
P009,Português,concluído,Não,falha no item de atenção,s10__E1__baseline,3,7,s10,E1,linha de base,microsoft/DialoGPT-medium,14,14,1.000,Sim
P009,Português,concluído,Não,falha no item de atenção,s05__E1__pipeline,2,8,s05,E1,pipeline,microsoft/DialoGPT-medium,14,13.5,1.037,Sim
P009,Português,concluído,Não,falha no item de atenção,s08__E3__baseline,7,9,s08,E3,linha de base,microsoft/Phi-3-mini-4k-instruct,4,15,0.267,Sim
P009,Português,concluído,Não,falha no item de atenção,s12__E1__pipeline,4,10,s12,E1,pipeline,microsoft/DialoGPT-medium,6,12,0.500,Sim
P009,Português,concluído,Não,falha no item de atenção,s01__E2__pipeline,7,11,s01,E2,pipeline,facebook/blenderbot-400M-distill,6,11.5,0.522,Sim
P009,Português,concluído,Não,falha no item de atenção,s03__E3__baseline,5,12,s03,E3,linha de base,microsoft/Phi-3-mini-4k-instruct,4,17,0.235,Sim
P009,Português,concluído,Não,falha no item de atenção,s06__E1__pipeline,5,13,s06,E1,pipeline,microsoft/DialoGPT-medium,6,10,0.600,Sim
P009,Português,concluído,Não,falha no item de atenção,s06__E4__pipeline,5,14,s06,E4,pipeline,Qwen/Qwen2.5-3B-Instruct,9,13,0.692,Sim
P009,Português,concluído,Não,falha no item de atenção,s12__E3__baseline,6,15,s12,E3,linha de base,microsoft/Phi-3-mini-4k-instruct,3,21,0.143,Sim
P009,Português,concluído,Não,falha no item de atenção,s01__E2__baseline,6,16,s01,E2,linha de base,facebook/blenderbot-400M-distill,5,14,0.357,Sim
P009,Português,concluído,Não,falha no item de atenção,s01__E3__baseline,6,17,s01,E3,linha de base,microsoft/Phi-3-mini-4k-instruct,3,19,0.158,Sim
P009,Português,concluído,Não,falha no item de atenção,s07__E4__pipeline,7,18,s07,E4,pipeline,Qwen/Qwen2.5-3B-Instruct,5,18,0.278,Sim
P009,Português,concluído,Não,falha no item de atenção,s03__E1__pipeline,1,19,s03,E1,pipeline,microsoft/DialoGPT-medium,2,11,0.182,Sim
P009,Português,concluído,Não,falha no item de atenção,s02__E3__baseline,6,20,s02,E3,linha de base,microsoft/Phi-3-mini-4k-instruct,4,22,0.182,Sim
P009,Português,concluído,Não,falha no item de atenção,s03__E2__pipeline,2,21,s03,E2,pipeline,facebook/blenderbot-400M-distill,6,14.5,0.414,Sim
P009,Português,concluído,Não,falha no item de atenção,s06__E3__baseline,2,22,s06,E3,linha de base,microsoft/Phi-3-mini-4k-instruct,1,18,0.056,Sim
P009,Português,concluído,Não,falha no item de atenção,s09__E1__baseline,2,23,s09,E1,linha de base,microsoft/DialoGPT-medium,1,11,0.091,Sim
P009,Português,concluído,Não,falha no item de atenção,s08__E1__baseline,2,24,s08,E1,linha de base,microsoft/DialoGPT-medium,4,6,0.667,Sim
P010,Português,concluído,Sim,,s11__E4__pipeline,2,1,s11,E4,pipeline,Qwen/Qwen2.5-3B-Instruct,,14.5,,Não
P010,Português,concluído,Sim,,s07__E3__pipeline,5,2,s07,E3,pipeline,microsoft/Phi-3-mini-4k-instruct,61,16.5,3.697,Não
P010,Português,concluído,Sim,,s02__E4__baseline,5,3,s02,E4,linha de base,Qwen/Qwen2.5-3B-Instruct,49,15,3.267,Não
P010,Português,concluído,Sim,,s04__E3__pipeline,6,4,s04,E3,pipeline,microsoft/Phi-3-mini-4k-instruct,33,17,1.941,Não
P010,Português,concluído,Sim,,s01__E3__pipeline,5,5,s01,E3,pipeline,microsoft/Phi-3-mini-4k-instruct,56,19.5,2.872,Não
P010,Português,concluído,Sim,,s03__E2__baseline,7,6,s03,E2,linha de base,facebook/blenderbot-400M-distill,40,13,3.077,Não
P010,Português,concluído,Sim,,s04__E3__baseline,7,7,s04,E3,linha de base,microsoft/Phi-3-mini-4k-instruct,25,17,1.471,Não
P010,Português,concluído,Sim,,s11__E3__baseline,7,8,s11,E3,linha de base,microsoft/Phi-3-mini-4k-instruct,31,20,1.550,Não
P010,Português,concluído,Sim,,s10__E2__pipeline,6,9,s10,E2,pipeline,facebook/blenderbot-400M-distill,37,11.5,3.217,Não
P010,Português,concluído,Sim,,s12__E4__baseline,5,10,s12,E4,linha de base,Qwen/Qwen2.5-3B-Instruct,33,20,1.650,Não
P010,Português,concluído,Sim,,s11__E2__pipeline,5,11,s11,E2,pipeline,facebook/blenderbot-400M-distill,34,16,2.125,Não
P010,Português,concluído,Sim,,s07__E3__baseline,7,12,s07,E3,linha de base,microsoft/Phi-3-mini-4k-instruct,26,24,1.083,Não
P010,Português,concluído,Sim,,s08__E2__baseline,5,13,s08,E2,linha de base,facebook/blenderbot-400M-distill,21,14,1.500,Não
P010,Português,concluído,Sim,,s03__E3__pipeline,6,14,s03,E3,pipeline,microsoft/Phi-3-mini-4k-instruct,19,15,1.267,Não
P010,Português,concluído,Sim,,s09__E2__pipeline,5,15,s09,E2,pipeline,facebook/blenderbot-400M-distill,18,16,1.125,Não
P010,Português,concluído,Sim,,s06__E3__pipeline,5,16,s06,E3,pipeline,microsoft/Phi-3-mini-4k-instruct,26,18,1.444,Não
P010,Português,concluído,Sim,,s06__E1__baseline,3,17,s06,E1,linha de base,microsoft/DialoGPT-medium,27,16,1.688,Não
P010,Português,concluído,Sim,,s05__E2__baseline,4,18,s05,E2,linha de base,facebook/blenderbot-400M-distill,19,16,1.188,Não
P010,Português,concluído,Sim,,s10__E4__baseline,5,19,s10,E4,linha de base,Qwen/Qwen2.5-3B-Instruct,16,13,1.231,Não
P010,Português,concluído,Sim,,s10__E3__pipeline,6,20,s10,E3,pipeline,microsoft/Phi-3-mini-4k-instruct,17,20,0.850,Não
P010,Português,concluído,Sim,,s09__E3__baseline,6,21,s09,E3,linha de base,microsoft/Phi-3-mini-4k-instruct,33,26.5,1.245,Não
P010,Português,concluído,Sim,,s03__E4__baseline,4,22,s03,E4,linha de base,Qwen/Qwen2.5-3B-Instruct,22,13,1.692,Não
P010,Português,concluído,Sim,,s07__E2__baseline,5,23,s07,E2,linha de base,facebook/blenderbot-400M-distill,31,15,2.067,Não
P010,Português,concluído,Sim,,s09__E1__pipeline,2,24,s09,E1,pipeline,microsoft/DialoGPT-medium,26,12,2.167,Não
P011,Português,concluído,Não,falha no item de atenção,s02__E1__pipeline,2,1,s02,E1,pipeline,microsoft/DialoGPT-medium,,10,,Não
P011,Português,concluído,Não,falha no item de atenção,s07__E1__pipeline,3,2,s07,E1,pipeline,microsoft/DialoGPT-medium,21,12,1.750,Não
P011,Português,concluído,Não,falha no item de atenção,s04__E2__baseline,5,3,s04,E2,linha de base,facebook/blenderbot-400M-distill,16,13,1.231,Não
P011,Português,concluído,Não,falha no item de atenção,s04__E2__pipeline,6,4,s04,E2,pipeline,facebook/blenderbot-400M-distill,11,14,0.786,Não
P011,Português,concluído,Não,falha no item de atenção,s07__E1__baseline,2,5,s07,E1,linha de base,microsoft/DialoGPT-medium,12,11,1.091,Não
P011,Português,concluído,Não,falha no item de atenção,s03__E1__baseline,2,6,s03,E1,linha de base,microsoft/DialoGPT-medium,17,14,1.214,Não
P011,Português,concluído,Não,falha no item de atenção,s08__E2__pipeline,5,7,s08,E2,pipeline,facebook/blenderbot-400M-distill,30,14,2.143,Não
P011,Português,concluído,Não,falha no item de atenção,s02__E2__pipeline,4,8,s02,E2,pipeline,facebook/blenderbot-400M-distill,8,13,0.615,Não
P011,Português,concluído,Não,falha no item de atenção,s09__E3__pipeline,6,9,s09,E3,pipeline,microsoft/Phi-3-mini-4k-instruct,17,17,1.000,Não
P011,Português,concluído,Não,falha no item de atenção,s05__E2__pipeline,3,10,s05,E2,pipeline,facebook/blenderbot-400M-distill,13,15,0.867,Não
P011,Português,concluído,Não,falha no item de atenção,s06__E2__pipeline,1,11,s06,E2,pipeline,facebook/blenderbot-400M-distill,13,15,0.867,Não
P011,Português,concluído,Não,falha no item de atenção,s12__E3__pipeline,6,12,s12,E3,pipeline,microsoft/Phi-3-mini-4k-instruct,19,19,1.000,Não
P011,Português,concluído,Não,falha no item de atenção,s12__E2__baseline,1,13,s12,E2,linha de base,facebook/blenderbot-400M-distill,8,20.5,0.390,Não
P011,Português,concluído,Não,falha no item de atenção,s12__E2__pipeline,4,14,s12,E2,pipeline,facebook/blenderbot-400M-distill,25,20,1.250,Não
P011,Português,concluído,Não,falha no item de atenção,s08__E1__pipeline,1,15,s08,E1,pipeline,microsoft/DialoGPT-medium,7,10,0.700,Não
P011,Português,concluído,Não,falha no item de atenção,s02__E3__pipeline,7,16,s02,E3,pipeline,microsoft/Phi-3-mini-4k-instruct,13,25.5,0.510,Não
P011,Português,concluído,Não,falha no item de atenção,s11__E1__baseline,1,17,s11,E1,linha de base,microsoft/DialoGPT-medium,8,9,0.889,Não
P011,Português,concluído,Não,falha no item de atenção,s01__E1__baseline,1,18,s01,E1,linha de base,microsoft/DialoGPT-medium,7,8,0.875,Não
P011,Português,concluído,Não,falha no item de atenção,s08__E3__pipeline,6,19,s08,E3,pipeline,microsoft/Phi-3-mini-4k-instruct,14,21.5,0.651,Não
P011,Português,concluído,Não,falha no item de atenção,s12__E1__baseline,1,20,s12,E1,linha de base,microsoft/DialoGPT-medium,5,10,0.500,Não
P011,Português,concluído,Não,falha no item de atenção,s06__E2__baseline,1,21,s06,E2,linha de base,facebook/blenderbot-400M-distill,9,14,0.643,Não
P011,Português,concluído,Não,falha no item de atenção,s11__E2__baseline,3,22,s11,E2,linha de base,facebook/blenderbot-400M-distill,9,16,0.563,Não
P011,Português,concluído,Não,falha no item de atenção,s04__E4__pipeline,4,23,s04,E4,pipeline,Qwen/Qwen2.5-3B-Instruct,9,17.5,0.514,Não
P011,Português,concluído,Não,falha no item de atenção,s02__E4__pipeline,5,24,s02,E4,pipeline,Qwen/Qwen2.5-3B-Instruct,13,15,0.867,Não
P012,Português,concluído,Sim,,s01__E1__pipeline,3,1,s01,E1,pipeline,microsoft/DialoGPT-medium,,17,,Não
P012,Português,concluído,Sim,,s10__E1__pipeline,1,2,s10,E1,pipeline,microsoft/DialoGPT-medium,15,10,1.500,Não
P012,Português,concluído,Sim,,s04__E4__baseline,7,3,s04,E4,linha de base,Qwen/Qwen2.5-3B-Instruct,21,15,1.400,Não
P012,Português,concluído,Sim,,s10__E4__pipeline,7,4,s10,E4,pipeline,Qwen/Qwen2.5-3B-Instruct,12,18,0.667,Não
P012,Português,concluído,Sim,,s11__E1__pipeline,1,5,s11,E1,pipeline,microsoft/DialoGPT-medium,16,10,1.600,Não
P012,Português,concluído,Sim,,s08__E4__pipeline,7,6,s08,E4,pipeline,Qwen/Qwen2.5-3B-Instruct,22,19.5,1.128,Não
P012,Português,concluído,Sim,,s05__E4__pipeline,7,7,s05,E4,pipeline,Qwen/Qwen2.5-3B-Instruct,15,14,1.071,Não
P012,Português,concluído,Sim,,s10__E3__baseline,7,8,s10,E3,linha de base,microsoft/Phi-3-mini-4k-instruct,16,19,0.842,Não
P012,Português,concluído,Sim,,s06__E4__baseline,7,9,s06,E4,linha de base,Qwen/Qwen2.5-3B-Instruct,15,20,0.750,Não
P012,Português,concluído,Sim,,s09__E4__baseline,7,10,s09,E4,linha de base,Qwen/Qwen2.5-3B-Instruct,20,20,1.000,Não
P012,Português,concluído,Sim,,s11__E4__baseline,6,11,s11,E4,linha de base,Qwen/Qwen2.5-3B-Instruct,12,13,0.923,Não
P012,Português,concluído,Sim,,s11__E3__pipeline,6,12,s11,E3,pipeline,microsoft/Phi-3-mini-4k-instruct,14,19,0.737,Não
P012,Português,concluído,Sim,,s07__E2__pipeline,7,13,s07,E2,pipeline,facebook/blenderbot-400M-distill,14,20,0.700,Não
P012,Português,concluído,Sim,,s04__E1__baseline,1,14,s04,E1,linha de base,microsoft/DialoGPT-medium,6,8,0.750,Não
P012,Português,concluído,Sim,,s07__E4__baseline,7,15,s07,E4,linha de base,Qwen/Qwen2.5-3B-Instruct,12,15.5,0.774,Não
P012,Português,concluído,Sim,,s01__E4__baseline,7,16,s01,E4,linha de base,Qwen/Qwen2.5-3B-Instruct,12,15.5,0.774,Não
P012,Português,concluído,Sim,,s01__E4__pipeline,7,17,s01,E4,pipeline,Qwen/Qwen2.5-3B-Instruct,12,25,0.480,Não
P012,Português,concluído,Sim,,s02__E1__baseline,3,18,s02,E1,linha de base,microsoft/DialoGPT-medium,13,11,1.182,Não
P012,Português,concluído,Sim,,s05__E1__baseline,4,19,s05,E1,linha de base,microsoft/DialoGPT-medium,16,11,1.455,Não
P012,Português,concluído,Sim,,s08__E4__baseline,7,20,s08,E4,linha de base,Qwen/Qwen2.5-3B-Instruct,10,15,0.667,Não
P012,Português,concluído,Sim,,s04__E1__pipeline,1,21,s04,E1,pipeline,microsoft/DialoGPT-medium,15,13,1.154,Não
P012,Português,concluído,Sim,,s10__E2__baseline,5,22,s10,E2,linha de base,facebook/blenderbot-400M-distill,11,13.5,0.815,Não
P012,Português,concluído,Sim,,s05__E3__baseline,7,23,s05,E3,linha de base,microsoft/Phi-3-mini-4k-instruct,13,24,0.542,Não
P012,Português,concluído,Sim,,s03__E4__pipeline,7,24,s03,E4,pipeline,Qwen/Qwen2.5-3B-Instruct,19,22,0.864,Não
P012,Português,concluído,Sim,,s07__E3__baseline,7,25,s07,E3,linha de base,microsoft/Phi-3-mini-4k-instruct,29,24,1.208,Não
P012,Português,concluído,Sim,,s03__E4__baseline,7,26,s03,E4,linha de base,Qwen/Qwen2.5-3B-Instruct,12,13,0.923,Não
P012,Português,concluído,Sim,,s02__E2__baseline,7,27,s02,E2,linha de base,facebook/blenderbot-400M-distill,16,15,1.067,Não
P012,Português,concluído,Sim,,s08__E1__baseline,1,28,s08,E1,linha de base,microsoft/DialoGPT-medium,6,6,1.000,Não
P012,Português,concluído,Sim,,s11__E3__baseline,7,29,s11,E3,linha de base,microsoft/Phi-3-mini-4k-instruct,61,20,3.050,Não
P012,Português,concluído,Sim,,s09__E1__pipeline,1,30,s09,E1,pipeline,microsoft/DialoGPT-medium,7,12,0.583,Não
P012,Português,concluído,Sim,,s09__E2__pipeline,7,31,s09,E2,pipeline,facebook/blenderbot-400M-distill,8,16,0.500,Não
P012,Português,concluído,Sim,,s10__E4__baseline,7,32,s10,E4,linha de base,Qwen/Qwen2.5-3B-Instruct,8,13,0.615,Não
P012,Português,concluído,Sim,,s08__E1__pipeline,1,33,s08,E1,pipeline,microsoft/DialoGPT-medium,3,10,0.300,Não
P012,Português,concluído,Sim,,s07__E3__pipeline,7,34,s07,E3,pipeline,microsoft/Phi-3-mini-4k-instruct,8,16.5,0.485,Não
P012,Português,concluído,Sim,,s04__E2__pipeline,7,35,s04,E2,pipeline,facebook/blenderbot-400M-distill,8,14,0.571,Não
P012,Português,concluído,Sim,,s12__E1__baseline,1,36,s12,E1,linha de base,microsoft/DialoGPT-medium,4,10,0.400,Não
P012,Português,concluído,Sim,,s04__E4__pipeline,7,37,s04,E4,pipeline,Qwen/Qwen2.5-3B-Instruct,5,17.5,0.286,Não
P012,Português,concluído,Sim,,s10__E1__baseline,2,38,s10,E1,linha de base,microsoft/DialoGPT-medium,5,14,0.357,Não
P012,Português,concluído,Sim,,s09__E1__baseline,1,39,s09,E1,linha de base,microsoft/DialoGPT-medium,8,11,0.727,Não
P012,Português,concluído,Sim,,s02__E3__baseline,7,40,s02,E3,linha de base,microsoft/Phi-3-mini-4k-instruct,6,22,0.273,Não
P012,Português,concluído,Sim,,s07__E1__baseline,1,41,s07,E1,linha de base,microsoft/DialoGPT-medium,6,11,0.545,Não
P012,Português,concluído,Sim,,s07__E1__pipeline,1,42,s07,E1,pipeline,microsoft/DialoGPT-medium,3,12,0.250,Não
P012,Português,concluído,Sim,,s11__E4__pipeline,5,43,s11,E4,pipeline,Qwen/Qwen2.5-3B-Instruct,10,14.5,0.690,Não
P012,Português,concluído,Sim,,s08__E2__pipeline,7,44,s08,E2,pipeline,facebook/blenderbot-400M-distill,6,14,0.429,Não
P012,Português,concluído,Sim,,s04__E2__baseline,1,45,s04,E2,linha de base,facebook/blenderbot-400M-distill,7,13,0.538,Não
P012,Português,concluído,Sim,,s11__E1__baseline,1,46,s11,E1,linha de base,microsoft/DialoGPT-medium,13,9,1.444,Não
P012,Português,concluído,Sim,,s03__E3__baseline,7,47,s03,E3,linha de base,microsoft/Phi-3-mini-4k-instruct,5,17,0.294,Não
P012,Português,concluído,Sim,,s05__E3__pipeline,7,48,s05,E3,pipeline,microsoft/Phi-3-mini-4k-instruct,8,18,0.444,Não
P012,Português,concluído,Sim,,s12__E2__baseline,3,49,s12,E2,linha de base,facebook/blenderbot-400M-distill,15,20.5,0.732,Não
P012,Português,concluído,Sim,,s05__E4__baseline,7,50,s05,E4,linha de base,Qwen/Qwen2.5-3B-Instruct,7,13.5,0.519,Não
P012,Português,concluído,Sim,,s06__E3__baseline,7,51,s06,E3,linha de base,microsoft/Phi-3-mini-4k-instruct,5,18,0.278,Não
P012,Português,concluído,Sim,,s02__E1__pipeline,1,52,s02,E1,pipeline,microsoft/DialoGPT-medium,4,10,0.400,Não
P012,Português,concluído,Sim,,s08__E3__baseline,7,53,s08,E3,linha de base,microsoft/Phi-3-mini-4k-instruct,5,15,0.333,Não
P012,Português,concluído,Sim,,s09__E4__pipeline,7,54,s09,E4,pipeline,Qwen/Qwen2.5-3B-Instruct,7,20,0.350,Não
P012,Português,concluído,Sim,,s02__E3__pipeline,7,55,s02,E3,pipeline,microsoft/Phi-3-mini-4k-instruct,8,25.5,0.314,Não
P012,Português,concluído,Sim,,s12__E1__pipeline,1,56,s12,E1,pipeline,microsoft/DialoGPT-medium,,12,,Não
P012,Português,concluído,Sim,,s01__E1__baseline,1,57,s01,E1,linha de base,microsoft/DialoGPT-medium,6,8,0.750,Não
P012,Português,concluído,Sim,,s03__E1__pipeline,1,58,s03,E1,pipeline,microsoft/DialoGPT-medium,11,11,1.000,Não
P012,Português,concluído,Sim,,s11__E2__pipeline,2,59,s11,E2,pipeline,facebook/blenderbot-400M-distill,13,16,0.813,Não
P012,Português,concluído,Sim,,s02__E2__pipeline,1,60,s02,E2,pipeline,facebook/blenderbot-400M-distill,8,13,0.615,Não
P012,Português,concluído,Sim,,s06__E2__baseline,2,61,s06,E2,linha de base,facebook/blenderbot-400M-distill,14,14,1.000,Não
P012,Português,concluído,Sim,,s02__E4__pipeline,4,62,s02,E4,pipeline,Qwen/Qwen2.5-3B-Instruct,15,15,1.000,Não
P012,Português,concluído,Sim,,s05__E2__baseline,5,63,s05,E2,linha de base,facebook/blenderbot-400M-distill,9,16,0.563,Não
P012,Português,concluído,Sim,,s01__E3__pipeline,7,64,s01,E3,pipeline,microsoft/Phi-3-mini-4k-instruct,15,19.5,0.769,Não
P012,Português,concluído,Sim,,s09__E3__pipeline,7,65,s09,E3,pipeline,microsoft/Phi-3-mini-4k-instruct,15,17,0.882,Não
P012,Português,concluído,Sim,,s03__E3__pipeline,7,66,s03,E3,pipeline,microsoft/Phi-3-mini-4k-instruct,10,15,0.667,Não
P012,Português,concluído,Sim,,s11__E2__baseline,2,67,s11,E2,linha de base,facebook/blenderbot-400M-distill,7,16,0.438,Não
P012,Português,concluído,Sim,,s01__E2__baseline,3,68,s01,E2,linha de base,facebook/blenderbot-400M-distill,13,14,0.929,Não
P012,Português,concluído,Sim,,s12__E3__pipeline,7,69,s12,E3,pipeline,microsoft/Phi-3-mini-4k-instruct,12,19,0.632,Não
P012,Português,concluído,Sim,,s06__E3__pipeline,7,70,s06,E3,pipeline,microsoft/Phi-3-mini-4k-instruct,8,18,0.444,Não
P013,Português,em curso,,,,,,,,,,,,,
P014,Português,em curso,,,,,,,,,,,,,
P015,Português,em curso,,,,,,,,,,,,,
P016,Português,concluído,Sim,,s09__E3__baseline,7,1,s09,E3,linha de base,microsoft/Phi-3-mini-4k-instruct,,26.5,,Não
P016,Português,concluído,Sim,,s05__E1__pipeline,3,2,s05,E1,pipeline,microsoft/DialoGPT-medium,42,13.5,3.111,Não
P016,Português,concluído,Sim,,s06__E1__pipeline,1,3,s06,E1,pipeline,microsoft/DialoGPT-medium,14,10,1.400,Não
P016,Português,concluído,Sim,,s07__E2__baseline,2,4,s07,E2,linha de base,facebook/blenderbot-400M-distill,31,15,2.067,Não
P016,Português,concluído,Sim,,s09__E2__pipeline,5,5,s09,E2,pipeline,facebook/blenderbot-400M-distill,17,16,1.063,Não
P016,Português,concluído,Sim,,s07__E3__pipeline,7,6,s07,E3,pipeline,microsoft/Phi-3-mini-4k-instruct,16,16.5,0.970,Não
P016,Português,concluído,Sim,,s02__E3__baseline,7,7,s02,E3,linha de base,microsoft/Phi-3-mini-4k-instruct,16,22,0.727,Não
P016,Português,concluído,Sim,,s03__E3__baseline,7,8,s03,E3,linha de base,microsoft/Phi-3-mini-4k-instruct,17,17,1.000,Não
P016,Português,concluído,Sim,,s11__E2__pipeline,5,9,s11,E2,pipeline,facebook/blenderbot-400M-distill,19,16,1.188,Não
P016,Português,concluído,Sim,,s09__E4__pipeline,6,10,s09,E4,pipeline,Qwen/Qwen2.5-3B-Instruct,17,20,0.850,Não
P016,Português,concluído,Sim,,s04__E3__baseline,6,11,s04,E3,linha de base,microsoft/Phi-3-mini-4k-instruct,28,17,1.647,Não
P016,Português,concluído,Sim,,s07__E4__pipeline,6,12,s07,E4,pipeline,Qwen/Qwen2.5-3B-Instruct,20,18,1.111,Não
P016,Português,concluído,Sim,,s11__E3__baseline,7,13,s11,E3,linha de base,microsoft/Phi-3-mini-4k-instruct,14,20,0.700,Não
P016,Português,concluído,Sim,,s09__E2__baseline,4,14,s09,E2,linha de base,facebook/blenderbot-400M-distill,12,13.5,0.889,Não
P016,Português,concluído,Sim,,s04__E3__pipeline,7,15,s04,E3,pipeline,microsoft/Phi-3-mini-4k-instruct,9,17,0.529,Não
P016,Português,concluído,Sim,,s03__E2__baseline,3,16,s03,E2,linha de base,facebook/blenderbot-400M-distill,15,13,1.154,Não
P016,Português,concluído,Sim,,s01__E3__pipeline,7,17,s01,E3,pipeline,microsoft/Phi-3-mini-4k-instruct,7,19.5,0.359,Não
P016,Português,concluído,Sim,,s03__E2__pipeline,4,18,s03,E2,pipeline,facebook/blenderbot-400M-distill,6,14.5,0.414,Não
P016,Português,concluído,Sim,,s01__E3__baseline,7,19,s01,E3,linha de base,microsoft/Phi-3-mini-4k-instruct,12,19,0.632,Não
P016,Português,concluído,Sim,,s06__E1__baseline,2,20,s06,E1,linha de base,microsoft/DialoGPT-medium,17,16,1.063,Não
P016,Português,concluído,Sim,,s07__E3__baseline,7,21,s07,E3,linha de base,microsoft/Phi-3-mini-4k-instruct,13,24,0.542,Não
P016,Português,concluído,Sim,,s06__E3__baseline,7,22,s06,E3,linha de base,microsoft/Phi-3-mini-4k-instruct,13,18,0.722,Não
P016,Português,concluído,Sim,,s10__E1__baseline,2,23,s10,E1,linha de base,microsoft/DialoGPT-medium,12,14,0.857,Não
P016,Português,concluído,Sim,,s12__E1__pipeline,4,24,s12,E1,pipeline,microsoft/DialoGPT-medium,14,12,1.167,Não
P017,Português,concluído,Sim,,s11__E2__pipeline,5,1,s11,E2,pipeline,facebook/blenderbot-400M-distill,,16,,Não
P017,Português,concluído,Sim,,s07__E3__pipeline,7,2,s07,E3,pipeline,microsoft/Phi-3-mini-4k-instruct,49,16.5,2.970,Não
P017,Português,concluído,Sim,,s08__E3__baseline,6,3,s08,E3,linha de base,microsoft/Phi-3-mini-4k-instruct,25,15,1.667,Não
P017,Português,concluído,Sim,,s04__E3__baseline,7,4,s04,E3,linha de base,microsoft/Phi-3-mini-4k-instruct,43,17,2.529,Não
P017,Português,concluído,Sim,,s08__E1__baseline,1,5,s08,E1,linha de base,microsoft/DialoGPT-medium,252,6,42.000,Não
P017,Português,concluído,Sim,,s09__E1__baseline,1,6,s09,E1,linha de base,microsoft/DialoGPT-medium,,11,,Não
P017,Português,concluído,Sim,,s05__E4__baseline,6,7,s05,E4,linha de base,Qwen/Qwen2.5-3B-Instruct,32,13.5,2.370,Não
P017,Português,concluído,Sim,,s05__E3__pipeline,7,8,s05,E3,pipeline,microsoft/Phi-3-mini-4k-instruct,25,18,1.389,Não
P017,Português,concluído,Sim,,s03__E1__pipeline,1,9,s03,E1,pipeline,microsoft/DialoGPT-medium,13,11,1.182,Não
P017,Português,concluído,Sim,,s11__E3__baseline,7,10,s11,E3,linha de base,microsoft/Phi-3-mini-4k-instruct,59,20,2.950,Não
P017,Português,concluído,Sim,,s06__E1__baseline,6,11,s06,E1,linha de base,microsoft/DialoGPT-medium,18,16,1.125,Não
P017,Português,concluído,Sim,,s04__E3__pipeline,7,12,s04,E3,pipeline,microsoft/Phi-3-mini-4k-instruct,19,17,1.118,Não
P017,Português,concluído,Sim,,s03__E2__baseline,6,13,s03,E2,linha de base,facebook/blenderbot-400M-distill,94,13,7.231,Não
P017,Português,concluído,Sim,,s02__E2__baseline,6,14,s02,E2,linha de base,facebook/blenderbot-400M-distill,12,15,0.800,Não
P017,Português,concluído,Sim,,s07__E2__baseline,6,15,s07,E2,linha de base,facebook/blenderbot-400M-distill,21,15,1.400,Não
P017,Português,concluído,Sim,,s09__E3__baseline,7,16,s09,E3,linha de base,microsoft/Phi-3-mini-4k-instruct,40,26.5,1.509,Não
P017,Português,concluído,Sim,,s01__E2__baseline,7,17,s01,E2,linha de base,facebook/blenderbot-400M-distill,45,14,3.214,Não
P017,Português,concluído,Sim,,s06__E4__pipeline,7,18,s06,E4,pipeline,Qwen/Qwen2.5-3B-Instruct,22,13,1.692,Não
P017,Português,concluído,Sim,,s12__E3__baseline,7,19,s12,E3,linha de base,microsoft/Phi-3-mini-4k-instruct,63,21,3.000,Não
P017,Português,concluído,Sim,,s09__E2__pipeline,7,20,s09,E2,pipeline,facebook/blenderbot-400M-distill,13,16,0.813,Não
P017,Português,concluído,Sim,,s01__E3__pipeline,7,21,s01,E3,pipeline,microsoft/Phi-3-mini-4k-instruct,28,19.5,1.436,Não
P017,Português,concluído,Sim,,s12__E4__pipeline,7,22,s12,E4,pipeline,Qwen/Qwen2.5-3B-Instruct,21,13,1.615,Não
P017,Português,concluído,Sim,,s07__E3__baseline,6,23,s07,E3,linha de base,microsoft/Phi-3-mini-4k-instruct,26,24,1.083,Não
P017,Português,concluído,Sim,,s01__E2__pipeline,7,24,s01,E2,pipeline,facebook/blenderbot-400M-distill,13,11.5,1.130,Não
P018,Inglês,concluído,Sim,,s10__E4__baseline,6,1,s10,E4,linha de base,Qwen/Qwen2.5-3B-Instruct,,13,,Não
P018,Inglês,concluído,Sim,,s10__E2__pipeline,5,2,s10,E2,pipeline,facebook/blenderbot-400M-distill,25,11.5,2.174,Não
P018,Inglês,concluído,Sim,,s02__E4__baseline,6,3,s02,E4,linha de base,Qwen/Qwen2.5-3B-Instruct,17,15,1.133,Não
P018,Inglês,concluído,Sim,,s03__E3__pipeline,5,4,s03,E3,pipeline,microsoft/Phi-3-mini-4k-instruct,15,15,1.000,Não
P018,Inglês,concluído,Sim,,s12__E4__pipeline,5,5,s12,E4,pipeline,Qwen/Qwen2.5-3B-Instruct,26,13,2.000,Não
P018,Inglês,concluído,Sim,,s08__E2__baseline,2,6,s08,E2,linha de base,facebook/blenderbot-400M-distill,9,14,0.643,Não
P018,Inglês,concluído,Sim,,s03__E4__baseline,5,7,s03,E4,linha de base,Qwen/Qwen2.5-3B-Instruct,12,13,0.923,Não
P018,Inglês,concluído,Sim,,s12__E4__baseline,5,8,s12,E4,linha de base,Qwen/Qwen2.5-3B-Instruct,21,20,1.050,Não
P018,Inglês,concluído,Sim,,s11__E4__pipeline,5,9,s11,E4,pipeline,Qwen/Qwen2.5-3B-Instruct,13,14.5,0.897,Não
P018,Inglês,concluído,Sim,,s03__E1__pipeline,1,10,s03,E1,pipeline,microsoft/DialoGPT-medium,14,11,1.273,Não
P018,Inglês,concluído,Sim,,s05__E3__pipeline,7,11,s05,E3,pipeline,microsoft/Phi-3-mini-4k-instruct,12,18,0.667,Não
P018,Inglês,concluído,Sim,,s09__E1__baseline,1,12,s09,E1,linha de base,microsoft/DialoGPT-medium,10,11,0.909,Não
P018,Inglês,concluído,Sim,,s12__E3__baseline,7,13,s12,E3,linha de base,microsoft/Phi-3-mini-4k-instruct,10,21,0.476,Não
P018,Inglês,concluído,Sim,,s01__E2__baseline,3,14,s01,E2,linha de base,facebook/blenderbot-400M-distill,8,14,0.571,Não
P018,Inglês,concluído,Sim,,s06__E3__pipeline,7,15,s06,E3,pipeline,microsoft/Phi-3-mini-4k-instruct,12,18,0.667,Não
P018,Inglês,concluído,Sim,,s06__E4__pipeline,4,16,s06,E4,pipeline,Qwen/Qwen2.5-3B-Instruct,10,13,0.769,Não
P018,Inglês,concluído,Sim,,s02__E2__baseline,4,17,s02,E2,linha de base,facebook/blenderbot-400M-distill,8,15,0.533,Não
P018,Inglês,concluído,Sim,,s09__E1__pipeline,1,18,s09,E1,pipeline,microsoft/DialoGPT-medium,11,12,0.917,Não
P018,Inglês,concluído,Sim,,s05__E2__baseline,4,19,s05,E2,linha de base,facebook/blenderbot-400M-distill,8,16,0.500,Não
P018,Inglês,concluído,Sim,,s08__E3__baseline,5,20,s08,E3,linha de base,microsoft/Phi-3-mini-4k-instruct,12,15,0.800,Não
P018,Inglês,concluído,Sim,,s10__E3__pipeline,6,21,s10,E3,pipeline,microsoft/Phi-3-mini-4k-instruct,14,20,0.700,Não
P018,Inglês,concluído,Sim,,s05__E4__baseline,5,22,s05,E4,linha de base,Qwen/Qwen2.5-3B-Instruct,18,13.5,1.333,Não
P018,Inglês,concluído,Sim,,s08__E1__baseline,1,23,s08,E1,linha de base,microsoft/DialoGPT-medium,5,6,0.833,Não
P018,Inglês,concluído,Sim,,s01__E2__pipeline,2,24,s01,E2,pipeline,facebook/blenderbot-400M-distill,8,11.5,0.696,Não
P019,Português,em curso,,,,,,,,,,,,,
P020,Português,em curso,,,s04__E2__pipeline,7,1,s04,E2,pipeline,facebook/blenderbot-400M-distill,,14,,Não
P020,Português,em curso,,,s09__E3__pipeline,6,2,s09,E3,pipeline,microsoft/Phi-3-mini-4k-instruct,59,17,3.471,Não
P020,Português,em curso,,,s12__E3__pipeline,7,3,s12,E3,pipeline,microsoft/Phi-3-mini-4k-instruct,60,19,3.158,Não
P020,Português,em curso,,,s11__E1__pipeline,1,4,s11,E1,pipeline,microsoft/DialoGPT-medium,22,10,2.200,Não
P020,Português,em curso,,,s07__E2__pipeline,5,5,s07,E2,pipeline,facebook/blenderbot-400M-distill,38,20,1.900,Não
P020,Português,em curso,,,s11__E2__baseline,5,6,s11,E2,linha de base,facebook/blenderbot-400M-distill,15,16,0.938,Não
P020,Português,em curso,,,s03__E1__baseline,1,7,s03,E1,linha de base,microsoft/DialoGPT-medium,11,14,0.786,Não
P020,Português,em curso,,,s08__E4__pipeline,7,8,s08,E4,pipeline,Qwen/Qwen2.5-3B-Instruct,42,19.5,2.154,Não
P020,Português,em curso,,,s10__E4__pipeline,7,9,s10,E4,pipeline,Qwen/Qwen2.5-3B-Instruct,18,18,1.000,Não
P020,Português,em curso,,,s01__E4__pipeline,7,10,s01,E4,pipeline,Qwen/Qwen2.5-3B-Instruct,25,25,1.000,Não
P020,Português,em curso,,,s01__E1__baseline,1,11,s01,E1,linha de base,microsoft/DialoGPT-medium,8,8,1.000,Não
P020,Português,em curso,,,s06__E2__baseline,1,12,s06,E2,linha de base,facebook/blenderbot-400M-distill,22,14,1.571,Não
P020,Português,em curso,,,s12__E1__baseline,1,13,s12,E1,linha de base,microsoft/DialoGPT-medium,11,10,1.100,Não
P020,Português,em curso,,,s07__E1__pipeline,1,14,s07,E1,pipeline,microsoft/DialoGPT-medium,20,12,1.667,Não
P020,Português,em curso,,,s10__E1__pipeline,1,15,s10,E1,pipeline,microsoft/DialoGPT-medium,9,10,0.900,Não
P020,Português,em curso,,,s06__E2__pipeline,1,16,s06,E2,pipeline,facebook/blenderbot-400M-distill,51,15,3.400,Não
P020,Português,em curso,,,s04__E1__pipeline,1,17,s04,E1,pipeline,microsoft/DialoGPT-medium,14,13,1.077,Não
P020,Português,em curso,,,s08__E3__pipeline,7,18,s08,E3,pipeline,microsoft/Phi-3-mini-4k-instruct,23,21.5,1.070,Não
P020,Português,em curso,,,s01__E1__pipeline,1,19,s01,E1,pipeline,microsoft/DialoGPT-medium,11,17,0.647,Não
P020,Português,em curso,,,s08__E1__pipeline,1,20,s08,E1,pipeline,microsoft/DialoGPT-medium,29,10,2.900,Não
P020,Português,em curso,,,s11__E3__pipeline,7,21,s11,E3,pipeline,microsoft/Phi-3-mini-4k-instruct,26,19,1.368,Não
P020,Português,em curso,,,s10__E2__baseline,6,22,s10,E2,linha de base,facebook/blenderbot-400M-distill,13,13.5,0.963,Não
P020,Português,em curso,,,s03__E4__pipeline,7,23,s03,E4,pipeline,Qwen/Qwen2.5-3B-Instruct,24,22,1.091,Não
P020,Português,em curso,,,s06__E4__baseline,7,24,s06,E4,linha de base,Qwen/Qwen2.5-3B-Instruct,20,20,1.000,Não
P020,Português,em curso,,,s10__E4__baseline,6,25,s10,E4,linha de base,Qwen/Qwen2.5-3B-Instruct,36,13,2.769,Não
P020,Português,em curso,,,s05__E3__pipeline,7,26,s05,E3,pipeline,microsoft/Phi-3-mini-4k-instruct,26,18,1.444,Não
P020,Português,em curso,,,s02__E1__baseline,1,27,s02,E1,linha de base,microsoft/DialoGPT-medium,11,11,1.000,Não
P020,Português,em curso,,,s12__E4__pipeline,6,28,s12,E4,pipeline,Qwen/Qwen2.5-3B-Instruct,452,13,34.769,Não
P020,Português,em curso,,,s08__E2__pipeline,6,29,s08,E2,pipeline,facebook/blenderbot-400M-distill,12,14,0.857,Não
P020,Português,em curso,,,s07__E2__baseline,5,30,s07,E2,linha de base,facebook/blenderbot-400M-distill,16,15,1.067,Não
P020,Português,em curso,,,s10__E3__pipeline,7,31,s10,E3,pipeline,microsoft/Phi-3-mini-4k-instruct,23,20,1.150,Não
P020,Português,em curso,,,s06__E3__pipeline,7,32,s06,E3,pipeline,microsoft/Phi-3-mini-4k-instruct,20,18,1.111,Não
P021,Português,concluído,Sim,,s07__E1__baseline,1,1,s07,E1,linha de base,microsoft/DialoGPT-medium,,11,,Não
P021,Português,concluído,Sim,,s10__E1__pipeline,1,2,s10,E1,pipeline,microsoft/DialoGPT-medium,8,10,0.800,Não
P021,Português,concluído,Sim,,s10__E4__pipeline,7,3,s10,E4,pipeline,Qwen/Qwen2.5-3B-Instruct,14,18,0.778,Não
P021,Português,concluído,Sim,,s02__E3__pipeline,7,4,s02,E3,pipeline,microsoft/Phi-3-mini-4k-instruct,20,25.5,0.784,Não
P021,Português,concluído,Sim,,s01__E1__pipeline,2,5,s01,E1,pipeline,microsoft/DialoGPT-medium,19,17,1.118,Não
P021,Português,concluído,Sim,,s01__E4__pipeline,7,6,s01,E4,pipeline,Qwen/Qwen2.5-3B-Instruct,225,25,9.000,Não
P021,Português,concluído,Sim,,s02__E2__pipeline,3,7,s02,E2,pipeline,facebook/blenderbot-400M-distill,13,13,1.000,Não
P021,Português,concluído,Sim,,s08__E4__pipeline,7,8,s08,E4,pipeline,Qwen/Qwen2.5-3B-Instruct,16,19.5,0.821,Não
P021,Português,concluído,Sim,,s05__E2__pipeline,7,9,s05,E2,pipeline,facebook/blenderbot-400M-distill,15,15,1.000,Não
P021,Português,concluído,Sim,,s07__E2__pipeline,7,10,s07,E2,pipeline,facebook/blenderbot-400M-distill,27,20,1.350,Não
P021,Português,concluído,Sim,,s06__E4__baseline,7,11,s06,E4,linha de base,Qwen/Qwen2.5-3B-Instruct,22,20,1.100,Não
P021,Português,concluído,Sim,,s02__E1__pipeline,1,12,s02,E1,pipeline,microsoft/DialoGPT-medium,41,10,4.100,Não
P021,Português,concluído,Sim,,s03__E4__pipeline,7,13,s03,E4,pipeline,Qwen/Qwen2.5-3B-Instruct,20,22,0.909,Não
P021,Português,concluído,Sim,,s12__E2__baseline,7,14,s12,E2,linha de base,facebook/blenderbot-400M-distill,56,20.5,2.732,Não
P021,Português,concluído,Sim,,s02__E4__pipeline,7,15,s02,E4,pipeline,Qwen/Qwen2.5-3B-Instruct,12,15,0.800,Não
P021,Português,concluído,Sim,,s08__E2__pipeline,6,16,s08,E2,pipeline,facebook/blenderbot-400M-distill,24,14,1.714,Não
P021,Português,concluído,Sim,,s04__E4__pipeline,5,17,s04,E4,pipeline,Qwen/Qwen2.5-3B-Instruct,37,17.5,2.114,Não
P021,Português,concluído,Sim,,s11__E3__pipeline,7,18,s11,E3,pipeline,microsoft/Phi-3-mini-4k-instruct,36,19,1.895,Não
P021,Português,concluído,Sim,,s12__E2__pipeline,6,19,s12,E2,pipeline,facebook/blenderbot-400M-distill,9,20,0.450,Não
P021,Português,concluído,Sim,,s10__E2__baseline,7,20,s10,E2,linha de base,facebook/blenderbot-400M-distill,8,13.5,0.593,Não
P021,Português,concluído,Sim,,s11__E1__baseline,1,21,s11,E1,linha de base,microsoft/DialoGPT-medium,10,9,1.111,Não
P021,Português,concluído,Sim,,s11__E1__pipeline,1,22,s11,E1,pipeline,microsoft/DialoGPT-medium,7,10,0.700,Não
P021,Português,concluído,Sim,,s04__E2__baseline,6,23,s04,E2,linha de base,facebook/blenderbot-400M-distill,67,13,5.154,Não
P021,Português,concluído,Sim,,s04__E1__pipeline,1,24,s04,E1,pipeline,microsoft/DialoGPT-medium,10,13,0.769,Não
P021,Português,concluído,Sim,,s02__E3__baseline,7,25,s02,E3,linha de base,microsoft/Phi-3-mini-4k-instruct,32,22,1.455,Não
P021,Português,concluído,Sim,,s07__E3__baseline,7,26,s07,E3,linha de base,microsoft/Phi-3-mini-4k-instruct,88,24,3.667,Não
P021,Português,concluído,Sim,,s01__E3__baseline,7,27,s01,E3,linha de base,microsoft/Phi-3-mini-4k-instruct,40,19,2.105,Não
P021,Português,concluído,Sim,,s12__E1__baseline,1,28,s12,E1,linha de base,microsoft/DialoGPT-medium,6,10,0.600,Não
P021,Português,concluído,Sim,,s06__E1__pipeline,1,29,s06,E1,pipeline,microsoft/DialoGPT-medium,7,10,0.700,Não
P021,Português,concluído,Sim,,s06__E1__baseline,3,30,s06,E1,linha de base,microsoft/DialoGPT-medium,9,16,0.563,Não
P021,Português,concluído,Sim,,s09__E3__pipeline,6,31,s09,E3,pipeline,microsoft/Phi-3-mini-4k-instruct,18,17,1.059,Não
P021,Português,concluído,Sim,,s07__E3__pipeline,7,32,s07,E3,pipeline,microsoft/Phi-3-mini-4k-instruct,11,16.5,0.667,Não
P021,Português,concluído,Sim,,s01__E1__baseline,1,33,s01,E1,linha de base,microsoft/DialoGPT-medium,5,8,0.625,Não
P022,Português,em curso,,,,,,,,,,,,,
P023,Português,concluído,Não,falha no item de atenção,s01__E4__baseline,5,1,s01,E4,linha de base,Qwen/Qwen2.5-3B-Instruct,,15.5,,Não
P023,Português,concluído,Não,falha no item de atenção,s01__E3__baseline,7,2,s01,E3,linha de base,microsoft/Phi-3-mini-4k-instruct,59,19,3.105,Não
P023,Português,concluído,Não,falha no item de atenção,s08__E4__baseline,7,3,s08,E4,linha de base,Qwen/Qwen2.5-3B-Instruct,15,15,1.000,Não
P023,Português,concluído,Não,falha no item de atenção,s12__E1__pipeline,4,4,s12,E1,pipeline,microsoft/DialoGPT-medium,6,12,0.500,Não
P023,Português,concluído,Não,falha no item de atenção,s04__E4__baseline,5,5,s04,E4,linha de base,Qwen/Qwen2.5-3B-Instruct,16,15,1.067,Não
P023,Português,concluído,Não,falha no item de atenção,s10__E3__baseline,5,6,s10,E3,linha de base,microsoft/Phi-3-mini-4k-instruct,4,19,0.211,Não
P023,Português,concluído,Não,falha no item de atenção,s05__E1__baseline,5,7,s05,E1,linha de base,microsoft/DialoGPT-medium,11,11,1.000,Não
P023,Português,concluído,Não,falha no item de atenção,s06__E3__baseline,5,8,s06,E3,linha de base,microsoft/Phi-3-mini-4k-instruct,19,18,1.056,Não
P023,Português,concluído,Não,falha no item de atenção,s07__E4__baseline,5,9,s07,E4,linha de base,Qwen/Qwen2.5-3B-Instruct,8,15.5,0.516,Não
P023,Português,concluído,Não,falha no item de atenção,s09__E2__baseline,6,10,s09,E2,linha de base,facebook/blenderbot-400M-distill,6,13.5,0.444,Não
P023,Português,concluído,Não,falha no item de atenção,s03__E3__baseline,4,11,s03,E3,linha de base,microsoft/Phi-3-mini-4k-instruct,45,17,2.647,Não
P023,Português,concluído,Não,falha no item de atenção,s02__E1__baseline,5,12,s02,E1,linha de base,microsoft/DialoGPT-medium,7,11,0.636,Não
P023,Português,concluído,Não,falha no item de atenção,s02__E3__baseline,4,13,s02,E3,linha de base,microsoft/Phi-3-mini-4k-instruct,3,22,0.136,Não
P023,Português,concluído,Não,falha no item de atenção,s07__E4__pipeline,3,14,s07,E4,pipeline,Qwen/Qwen2.5-3B-Instruct,2,18,0.111,Não
P023,Português,concluído,Não,falha no item de atenção,s09__E4__pipeline,3,15,s09,E4,pipeline,Qwen/Qwen2.5-3B-Instruct,6,20,0.300,Não
P023,Português,concluído,Não,falha no item de atenção,s05__E1__pipeline,5,16,s05,E1,pipeline,microsoft/DialoGPT-medium,3,13.5,0.222,Não
P023,Português,concluído,Não,falha no item de atenção,s10__E1__baseline,5,17,s10,E1,linha de base,microsoft/DialoGPT-medium,1,14,0.071,Não
P023,Português,concluído,Não,falha no item de atenção,s05__E4__pipeline,4,18,s05,E4,pipeline,Qwen/Qwen2.5-3B-Instruct,3,14,0.214,Não
P023,Português,concluído,Não,falha no item de atenção,s11__E4__baseline,1,19,s11,E4,linha de base,Qwen/Qwen2.5-3B-Instruct,2,13,0.154,Não
P023,Português,concluído,Não,falha no item de atenção,s09__E4__baseline,3,20,s09,E4,linha de base,Qwen/Qwen2.5-3B-Instruct,3,20,0.150,Não
P023,Português,concluído,Não,falha no item de atenção,s03__E2__pipeline,4,21,s03,E2,pipeline,facebook/blenderbot-400M-distill,10,14.5,0.690,Não
P023,Português,concluído,Não,falha no item de atenção,s05__E3__baseline,5,22,s05,E3,linha de base,microsoft/Phi-3-mini-4k-instruct,17,24,0.708,Não
P023,Português,concluído,Não,falha no item de atenção,s06__E1__pipeline,5,23,s06,E1,pipeline,microsoft/DialoGPT-medium,14,10,1.400,Não
P023,Português,concluído,Não,falha no item de atenção,s04__E1__baseline,5,24,s04,E1,linha de base,microsoft/DialoGPT-medium,7,8,0.875,Não
P024,Português,em curso,,,,,,,,,,,,,
P025,Português,concluído,Sim,,s10__E2__pipeline,7,1,s10,E2,pipeline,facebook/blenderbot-400M-distill,,11.5,,Não
P025,Português,concluído,Sim,,s01__E3__pipeline,7,2,s01,E3,pipeline,microsoft/Phi-3-mini-4k-instruct,23,19.5,1.179,Não
P025,Português,concluído,Sim,,s12__E4__baseline,6,3,s12,E4,linha de base,Qwen/Qwen2.5-3B-Instruct,20,20,1.000,Não
P025,Português,concluído,Sim,,s06__E1__baseline,4,4,s06,E1,linha de base,microsoft/DialoGPT-medium,21,16,1.313,Não
P025,Português,concluído,Sim,,s05__E2__baseline,3,5,s05,E2,linha de base,facebook/blenderbot-400M-distill,13,16,0.813,Não
P025,Português,concluído,Sim,,s11__E2__pipeline,2,6,s11,E2,pipeline,facebook/blenderbot-400M-distill,12,16,0.750,Não
P025,Português,concluído,Sim,,s03__E4__baseline,6,7,s03,E4,linha de base,Qwen/Qwen2.5-3B-Instruct,32,13,2.462,Não
P025,Português,concluído,Sim,,s06__E3__pipeline,7,8,s06,E3,pipeline,microsoft/Phi-3-mini-4k-instruct,22,18,1.222,Não
P025,Português,concluído,Sim,,s07__E2__baseline,7,9,s07,E2,linha de base,facebook/blenderbot-400M-distill,14,15,0.933,Não
P025,Português,concluído,Sim,,s04__E3__baseline,7,10,s04,E3,linha de base,microsoft/Phi-3-mini-4k-instruct,24,17,1.412,Não
P025,Português,concluído,Sim,,s09__E3__baseline,6,11,s09,E3,linha de base,microsoft/Phi-3-mini-4k-instruct,18,26.5,0.679,Não
P025,Português,concluído,Sim,,s11__E4__pipeline,4,12,s11,E4,pipeline,Qwen/Qwen2.5-3B-Instruct,14,14.5,0.966,Não
P025,Português,concluído,Sim,,s08__E2__baseline,3,13,s08,E2,linha de base,facebook/blenderbot-400M-distill,12,14,0.857,Não
P025,Português,concluído,Sim,,s11__E3__baseline,6,14,s11,E3,linha de base,microsoft/Phi-3-mini-4k-instruct,20,20,1.000,Não
P025,Português,concluído,Sim,,s03__E3__pipeline,6,15,s03,E3,pipeline,microsoft/Phi-3-mini-4k-instruct,27,15,1.800,Não
P025,Português,concluído,Sim,,s09__E2__pipeline,5,16,s09,E2,pipeline,facebook/blenderbot-400M-distill,15,16,0.938,Não
P025,Português,concluído,Sim,,s03__E2__baseline,2,17,s03,E2,linha de base,facebook/blenderbot-400M-distill,10,13,0.769,Não
P025,Português,concluído,Sim,,s04__E3__pipeline,6,18,s04,E3,pipeline,microsoft/Phi-3-mini-4k-instruct,17,17,1.000,Não
P025,Português,concluído,Sim,,s02__E4__baseline,7,19,s02,E4,linha de base,Qwen/Qwen2.5-3B-Instruct,13,15,0.867,Não
P025,Português,concluído,Sim,,s10__E3__pipeline,6,20,s10,E3,pipeline,microsoft/Phi-3-mini-4k-instruct,25,20,1.250,Não
P025,Português,concluído,Sim,,s10__E4__baseline,4,21,s10,E4,linha de base,Qwen/Qwen2.5-3B-Instruct,11,13,0.846,Não
P025,Português,concluído,Sim,,s07__E3__pipeline,4,22,s07,E3,pipeline,microsoft/Phi-3-mini-4k-instruct,49,16.5,2.970,Não
P025,Português,concluído,Sim,,s09__E1__pipeline,1,23,s09,E1,pipeline,microsoft/DialoGPT-medium,15,12,1.250,Não
P025,Português,concluído,Sim,,s07__E3__baseline,6,24,s07,E3,linha de base,microsoft/Phi-3-mini-4k-instruct,21,24,0.875,Não
P026,Português,em curso,,,s08__E3__pipeline,7,1,s08,E3,pipeline,microsoft/Phi-3-mini-4k-instruct,,21.5,,Não
P026,Português,em curso,,,s06__E2__pipeline,2,2,s06,E2,pipeline,facebook/blenderbot-400M-distill,14,15,0.933,Não
P026,Português,em curso,,,s06__E2__baseline,3,3,s06,E2,linha de base,facebook/blenderbot-400M-distill,6,14,0.429,Não
P026,Português,em curso,,,s12__E1__baseline,1,4,s12,E1,linha de base,microsoft/DialoGPT-medium,10,10,1.000,Não
P027,Português,em curso,,,,,,,,,,,,,
P028,Português,concluído,Sim,,s06__E2__baseline,6,1,s06,E2,linha de base,facebook/blenderbot-400M-distill,,14,,Não
P028,Português,concluído,Sim,,s12__E3__pipeline,7,2,s12,E3,pipeline,microsoft/Phi-3-mini-4k-instruct,24,19,1.263,Não
P028,Português,concluído,Sim,,s12__E1__baseline,1,3,s12,E1,linha de base,microsoft/DialoGPT-medium,24,10,2.400,Não
P028,Português,concluído,Sim,,s03__E1__baseline,1,4,s03,E1,linha de base,microsoft/DialoGPT-medium,18,14,1.286,Não
P028,Português,concluído,Sim,,s07__E1__pipeline,4,5,s07,E1,pipeline,microsoft/DialoGPT-medium,28,12,2.333,Não
P028,Português,concluído,Sim,,s06__E1__pipeline,1,6,s06,E1,pipeline,microsoft/DialoGPT-medium,15,10,1.500,Não
P028,Português,concluído,Sim,,s04__E2__pipeline,7,7,s04,E2,pipeline,facebook/blenderbot-400M-distill,17,14,1.214,Não
P028,Português,concluído,Sim,,s03__E2__pipeline,4,8,s03,E2,pipeline,facebook/blenderbot-400M-distill,20,14.5,1.379,Não
P028,Português,concluído,Sim,,s12__E1__pipeline,4,9,s12,E1,pipeline,microsoft/DialoGPT-medium,13,12,1.083,Não
P028,Português,concluído,Sim,,s09__E4__pipeline,7,10,s09,E4,pipeline,Qwen/Qwen2.5-3B-Instruct,26,20,1.300,Não
P028,Português,concluído,Sim,,s06__E2__pipeline,4,11,s06,E2,pipeline,facebook/blenderbot-400M-distill,17,15,1.133,Não
P028,Português,concluído,Sim,,s09__E3__pipeline,7,12,s09,E3,pipeline,microsoft/Phi-3-mini-4k-instruct,26,17,1.529,Não
P028,Português,concluído,Sim,,s11__E2__baseline,4,13,s11,E2,linha de base,facebook/blenderbot-400M-distill,45,16,2.813,Não
P028,Português,concluído,Sim,,s09__E2__baseline,5,14,s09,E2,linha de base,facebook/blenderbot-400M-distill,29,13.5,2.148,Não
P028,Português,concluído,Sim,,s07__E4__pipeline,6,15,s07,E4,pipeline,Qwen/Qwen2.5-3B-Instruct,25,18,1.389,Não
P028,Português,concluído,Sim,,s02__E3__baseline,6,16,s02,E3,linha de base,microsoft/Phi-3-mini-4k-instruct,23,22,1.045,Não
P028,Português,concluído,Sim,,s06__E3__baseline,7,17,s06,E3,linha de base,microsoft/Phi-3-mini-4k-instruct,19,18,1.056,Não
P028,Português,concluído,Sim,,s08__E1__pipeline,1,18,s08,E1,pipeline,microsoft/DialoGPT-medium,13,10,1.300,Não
P028,Português,concluído,Sim,,s08__E3__pipeline,7,19,s08,E3,pipeline,microsoft/Phi-3-mini-4k-instruct,25,21.5,1.163,Não
P028,Português,concluído,Sim,,s01__E3__baseline,7,20,s01,E3,linha de base,microsoft/Phi-3-mini-4k-instruct,17,19,0.895,Não
P028,Português,concluído,Sim,,s05__E1__pipeline,5,21,s05,E1,pipeline,microsoft/DialoGPT-medium,20,13.5,1.481,Não
P028,Português,concluído,Sim,,s01__E1__baseline,1,22,s01,E1,linha de base,microsoft/DialoGPT-medium,11,8,1.375,Não
P028,Português,concluído,Sim,,s10__E1__baseline,5,23,s10,E1,linha de base,microsoft/DialoGPT-medium,14,14,1.000,Não
P028,Português,concluído,Sim,,s03__E3__baseline,5,24,s03,E3,linha de base,microsoft/Phi-3-mini-4k-instruct,22,17,1.294,Não
P029,Português,em curso,,,,,,,,,,,,,
P030,Português,em curso,,,,,,,,,,,,,
P031,Português,em curso,,,,,,,,,,,,,
P032,Português,em curso,,,s08__E1__baseline,1,1,s08,E1,linha de base,microsoft/DialoGPT-medium,,6,,Não
P032,Português,em curso,,,s09__E2__pipeline,7,2,s09,E2,pipeline,facebook/blenderbot-400M-distill,18,16,1.125,Não
P032,Português,em curso,,,s02__E2__baseline,5,3,s02,E2,linha de base,facebook/blenderbot-400M-distill,13,15,0.867,Não
P032,Português,em curso,,,s04__E3__baseline,5,4,s04,E3,linha de base,microsoft/Phi-3-mini-4k-instruct,19,17,1.118,Não
P032,Português,em curso,,,s12__E3__baseline,5,5,s12,E3,linha de base,microsoft/Phi-3-mini-4k-instruct,13,21,0.619,Não
P033,Português,em curso,,,,,,,,,,,,,
P034,Português,concluído,Sim,,s09__E1__pipeline,1,1,s09,E1,pipeline,microsoft/DialoGPT-medium,,12,,Não
P034,Português,concluído,Sim,,s12__E1__baseline,3,2,s12,E1,linha de base,microsoft/DialoGPT-medium,11,10,1.100,Não
P034,Português,concluído,Sim,,s05__E2__baseline,6,3,s05,E2,linha de base,facebook/blenderbot-400M-distill,16,16,1.000,Não
P034,Português,concluído,Sim,,s06__E2__pipeline,7,4,s06,E2,pipeline,facebook/blenderbot-400M-distill,8,15,0.533,Não
P034,Português,concluído,Sim,,s03__E1__baseline,4,5,s03,E1,linha de base,microsoft/DialoGPT-medium,8,14,0.571,Não
P034,Português,concluído,Sim,,s11__E2__baseline,4,6,s11,E2,linha de base,facebook/blenderbot-400M-distill,16,16,1.000,Não
P034,Português,concluído,Sim,,s02__E4__baseline,7,7,s02,E4,linha de base,Qwen/Qwen2.5-3B-Instruct,11,15,0.733,Não
P034,Português,concluído,Sim,,s08__E2__baseline,2,8,s08,E2,linha de base,facebook/blenderbot-400M-distill,14,14,1.000,Não
P034,Português,concluído,Sim,,s12__E3__pipeline,6,9,s12,E3,pipeline,microsoft/Phi-3-mini-4k-instruct,13,19,0.684,Não
P034,Português,concluído,Sim,,s08__E1__pipeline,1,10,s08,E1,pipeline,microsoft/DialoGPT-medium,9,10,0.900,Não
P034,Português,concluído,Sim,,s03__E3__pipeline,7,11,s03,E3,pipeline,microsoft/Phi-3-mini-4k-instruct,13,15,0.867,Não
P034,Português,concluído,Sim,,s07__E1__pipeline,3,12,s07,E1,pipeline,microsoft/DialoGPT-medium,12,12,1.000,Não
P034,Português,concluído,Sim,,s10__E4__baseline,7,13,s10,E4,linha de base,Qwen/Qwen2.5-3B-Instruct,13,13,1.000,Não
P034,Português,concluído,Sim,,s08__E3__pipeline,7,14,s08,E3,pipeline,microsoft/Phi-3-mini-4k-instruct,11,21.5,0.512,Não
P034,Português,concluído,Sim,,s03__E4__baseline,6,15,s03,E4,linha de base,Qwen/Qwen2.5-3B-Instruct,14,13,1.077,Não
P034,Português,concluído,Sim,,s12__E4__baseline,7,16,s12,E4,linha de base,Qwen/Qwen2.5-3B-Instruct,15,20,0.750,Não
P034,Português,concluído,Sim,,s10__E3__pipeline,5,17,s10,E3,pipeline,microsoft/Phi-3-mini-4k-instruct,10,20,0.500,Não
P034,Português,concluído,Sim,,s06__E2__baseline,4,18,s06,E2,linha de base,facebook/blenderbot-400M-distill,15,14,1.071,Não
P034,Português,concluído,Sim,,s10__E2__pipeline,6,19,s10,E2,pipeline,facebook/blenderbot-400M-distill,7,11.5,0.609,Não
P034,Português,concluído,Sim,,s04__E2__pipeline,5,20,s04,E2,pipeline,facebook/blenderbot-400M-distill,12,14,0.857,Não
P034,Português,concluído,Sim,,s01__E1__baseline,1,21,s01,E1,linha de base,microsoft/DialoGPT-medium,5,8,0.625,Não
P034,Português,concluído,Sim,,s11__E4__pipeline,4,22,s11,E4,pipeline,Qwen/Qwen2.5-3B-Instruct,12,14.5,0.828,Não
P034,Português,concluído,Sim,,s06__E3__pipeline,6,23,s06,E3,pipeline,microsoft/Phi-3-mini-4k-instruct,13,18,0.722,Não
P034,Português,concluído,Sim,,s09__E3__pipeline,6,24,s09,E3,pipeline,microsoft/Phi-3-mini-4k-instruct,16,17,0.941,Não
P035,Português,em curso,,,s12__E1__baseline,3,1,s12,E1,linha de base,microsoft/DialoGPT-medium,,10,,Não
P035,Português,em curso,,,s01__E4__pipeline,6,2,s01,E4,pipeline,Qwen/Qwen2.5-3B-Instruct,57,25,2.280,Não
P035,Português,em curso,,,s12__E3__pipeline,6,3,s12,E3,pipeline,microsoft/Phi-3-mini-4k-instruct,17,19,0.895,Não
P035,Português,em curso,,,s06__E2__pipeline,1,4,s06,E2,pipeline,facebook/blenderbot-400M-distill,19,15,1.267,Não
P035,Português,em curso,,,s01__E1__baseline,1,5,s01,E1,linha de base,microsoft/DialoGPT-medium,26,8,3.250,Não
P035,Português,em curso,,,s03__E4__pipeline,6,6,s03,E4,pipeline,Qwen/Qwen2.5-3B-Instruct,23,22,1.045,Não
P035,Português,em curso,,,s06__E4__baseline,6,7,s06,E4,linha de base,Qwen/Qwen2.5-3B-Instruct,68,20,3.400,Não
P035,Português,em curso,,,s06__E2__baseline,1,8,s06,E2,linha de base,facebook/blenderbot-400M-distill,9,14,0.643,Não
P035,Português,em curso,,,s11__E2__baseline,4,9,s11,E2,linha de base,facebook/blenderbot-400M-distill,120,16,7.500,Não
P035,Português,em curso,,,s08__E4__pipeline,6,10,s08,E4,pipeline,Qwen/Qwen2.5-3B-Instruct,13,19.5,0.667,Não
P035,Português,em curso,,,s10__E1__pipeline,1,11,s10,E1,pipeline,microsoft/DialoGPT-medium,7,10,0.700,Não
P035,Português,em curso,,,s04__E1__pipeline,1,12,s04,E1,pipeline,microsoft/DialoGPT-medium,61,13,4.692,Não
P035,Português,em curso,,,s07__E1__pipeline,1,13,s07,E1,pipeline,microsoft/DialoGPT-medium,9,12,0.750,Não
P035,Português,em curso,,,s11__E1__pipeline,1,14,s11,E1,pipeline,microsoft/DialoGPT-medium,6,10,0.600,Não
P035,Português,em curso,,,s09__E3__pipeline,6,15,s09,E3,pipeline,microsoft/Phi-3-mini-4k-instruct,67,17,3.941,Não
P035,Português,em curso,,,s08__E3__pipeline,6,16,s08,E3,pipeline,microsoft/Phi-3-mini-4k-instruct,18,21.5,0.837,Não
P035,Português,em curso,,,s03__E1__baseline,1,17,s03,E1,linha de base,microsoft/DialoGPT-medium,12,14,0.857,Não
P035,Português,em curso,,,s10__E2__baseline,6,18,s10,E2,linha de base,facebook/blenderbot-400M-distill,25,13.5,1.852,Não
P035,Português,em curso,,,s11__E3__pipeline,6,19,s11,E3,pipeline,microsoft/Phi-3-mini-4k-instruct,10,19,0.526,Não
P035,Português,em curso,,,s08__E1__pipeline,1,20,s08,E1,pipeline,microsoft/DialoGPT-medium,3,10,0.300,Não
P035,Português,em curso,,,s01__E1__pipeline,1,21,s01,E1,pipeline,microsoft/DialoGPT-medium,22,17,1.294,Não
P035,Português,em curso,,,s04__E2__pipeline,6,22,s04,E2,pipeline,facebook/blenderbot-400M-distill,8,14,0.571,Não
P035,Português,em curso,,,s07__E2__pipeline,6,23,s07,E2,pipeline,facebook/blenderbot-400M-distill,6,20,0.300,Não
P035,Português,em curso,,,s10__E4__pipeline,6,24,s10,E4,pipeline,Qwen/Qwen2.5-3B-Instruct,14,18,0.778,Não
P036,Português,em curso,,,,,,,,,,,,,
P037,Português,em curso,,,,,,,,,,,,,
P038,Português,concluído,Sim,,s03__E2__pipeline,4,1,s03,E2,pipeline,facebook/blenderbot-400M-distill,,14.5,,Não
P038,Português,concluído,Sim,,s07__E4__pipeline,6,2,s07,E4,pipeline,Qwen/Qwen2.5-3B-Instruct,91,18,5.056,Não
P038,Português,concluído,Sim,,s04__E4__baseline,6,3,s04,E4,linha de base,Qwen/Qwen2.5-3B-Instruct,18,15,1.200,Não
P038,Português,concluído,Sim,,s04__E1__baseline,1,4,s04,E1,linha de base,microsoft/DialoGPT-medium,9,8,1.125,Não
P038,Português,concluído,Sim,,s09__E2__baseline,4,5,s09,E2,linha de base,facebook/blenderbot-400M-distill,28,13.5,2.074,Não
P038,Português,concluído,Sim,,s03__E3__baseline,6,6,s03,E3,linha de base,microsoft/Phi-3-mini-4k-instruct,22,17,1.294,Não
P038,Português,concluído,Sim,,s07__E4__baseline,7,7,s07,E4,linha de base,Qwen/Qwen2.5-3B-Instruct,11,15.5,0.710,Não
P038,Português,concluído,Sim,,s02__E1__baseline,1,8,s02,E1,linha de base,microsoft/DialoGPT-medium,6,11,0.545,Não
P038,Português,concluído,Sim,,s06__E3__baseline,7,9,s06,E3,linha de base,microsoft/Phi-3-mini-4k-instruct,20,18,1.111,Não
P038,Português,concluído,Sim,,s01__E3__baseline,7,10,s01,E3,linha de base,microsoft/Phi-3-mini-4k-instruct,15,19,0.789,Não
P038,Português,concluído,Sim,,s05__E3__baseline,7,11,s05,E3,linha de base,microsoft/Phi-3-mini-4k-instruct,42,24,1.750,Não
P038,Português,concluído,Sim,,s09__E4__baseline,5,12,s09,E4,linha de base,Qwen/Qwen2.5-3B-Instruct,13,20,0.650,Não
P038,Português,concluído,Sim,,s05__E4__pipeline,4,13,s05,E4,pipeline,Qwen/Qwen2.5-3B-Instruct,17,14,1.214,Não
P038,Português,concluído,Sim,,s06__E1__pipeline,1,14,s06,E1,pipeline,microsoft/DialoGPT-medium,8,10,0.800,Não
P038,Português,concluído,Sim,,s11__E4__baseline,5,15,s11,E4,linha de base,Qwen/Qwen2.5-3B-Instruct,10,13,0.769,Não
P038,Português,concluído,Sim,,s05__E1__pipeline,1,16,s05,E1,pipeline,microsoft/DialoGPT-medium,5,13.5,0.370,Não
P038,Português,concluído,Sim,,s02__E3__baseline,5,17,s02,E3,linha de base,microsoft/Phi-3-mini-4k-instruct,26,22,1.182,Não
P038,Português,concluído,Sim,,s12__E1__pipeline,1,18,s12,E1,pipeline,microsoft/DialoGPT-medium,11,12,0.917,Não
P038,Português,concluído,Sim,,s01__E4__baseline,5,19,s01,E4,linha de base,Qwen/Qwen2.5-3B-Instruct,18,15.5,1.161,Não
P038,Português,concluído,Sim,,s05__E1__baseline,2,20,s05,E1,linha de base,microsoft/DialoGPT-medium,8,11,0.727,Não
P038,Português,concluído,Sim,,s09__E4__pipeline,5,21,s09,E4,pipeline,Qwen/Qwen2.5-3B-Instruct,17,20,0.850,Não
P038,Português,concluído,Sim,,s10__E3__baseline,7,22,s10,E3,linha de base,microsoft/Phi-3-mini-4k-instruct,19,19,1.000,Não
P038,Português,concluído,Sim,,s10__E1__baseline,2,23,s10,E1,linha de base,microsoft/DialoGPT-medium,6,14,0.429,Não
P038,Português,concluído,Sim,,s08__E4__baseline,4,24,s08,E4,linha de base,Qwen/Qwen2.5-3B-Instruct,17,15,1.133,Não
P038,Português,concluído,Sim,,s12__E3__pipeline,5,25,s12,E3,pipeline,microsoft/Phi-3-mini-4k-instruct,31,19,1.632,Não
P038,Português,concluído,Sim,,s06__E4__pipeline,4,26,s06,E4,pipeline,Qwen/Qwen2.5-3B-Instruct,10,13,0.769,Não
P038,Português,concluído,Sim,,s09__E3__pipeline,6,27,s09,E3,pipeline,microsoft/Phi-3-mini-4k-instruct,16,17,0.941,Não
P038,Português,concluído,Sim,,s06__E2__pipeline,1,28,s06,E2,pipeline,facebook/blenderbot-400M-distill,7,15,0.467,Não
P038,Português,concluído,Sim,,s10__E1__pipeline,1,29,s10,E1,pipeline,microsoft/DialoGPT-medium,5,10,0.500,Não
P038,Português,concluído,Sim,,s07__E1__baseline,1,30,s07,E1,linha de base,microsoft/DialoGPT-medium,6,11,0.545,Não
P038,Português,concluído,Sim,,s09__E1__pipeline,1,31,s09,E1,pipeline,microsoft/DialoGPT-medium,6,12,0.500,Não
P038,Português,concluído,Sim,,s03__E2__baseline,2,32,s03,E2,linha de base,facebook/blenderbot-400M-distill,7,13,0.538,Não
P038,Português,concluído,Sim,,s06__E4__baseline,5,33,s06,E4,linha de base,Qwen/Qwen2.5-3B-Instruct,184,20,9.200,Não
P038,Português,concluído,Sim,,s01__E3__pipeline,6,34,s01,E3,pipeline,microsoft/Phi-3-mini-4k-instruct,10,19.5,0.513,Não
P038,Português,concluído,Sim,,s01__E2__pipeline,3,35,s01,E2,pipeline,facebook/blenderbot-400M-distill,6,11.5,0.522,Não
P038,Português,concluído,Sim,,s10__E2__pipeline,4,36,s10,E2,pipeline,facebook/blenderbot-400M-distill,12,11.5,1.043,Não
P038,Português,concluído,Sim,,s02__E2__pipeline,2,37,s02,E2,pipeline,facebook/blenderbot-400M-distill,6,13,0.462,Não
P038,Português,concluído,Sim,,s08__E3__baseline,6,38,s08,E3,linha de base,microsoft/Phi-3-mini-4k-instruct,14,15,0.933,Não
P038,Português,concluído,Sim,,s01__E4__pipeline,4,39,s01,E4,pipeline,Qwen/Qwen2.5-3B-Instruct,11,25,0.440,Não
P038,Português,concluído,Sim,,s11__E2__pipeline,3,40,s11,E2,pipeline,facebook/blenderbot-400M-distill,7,16,0.438,Não
P038,Português,concluído,Sim,,s11__E1__baseline,1,41,s11,E1,linha de base,microsoft/DialoGPT-medium,5,9,0.556,Não
P038,Português,concluído,Sim,,s06__E1__baseline,1,42,s06,E1,linha de base,microsoft/DialoGPT-medium,19,16,1.188,Não
P038,Português,concluído,Sim,,s10__E4__pipeline,2,43,s10,E4,pipeline,Qwen/Qwen2.5-3B-Instruct,13,18,0.722,Não
P038,Português,concluído,Sim,,s11__E3__pipeline,5,44,s11,E3,pipeline,microsoft/Phi-3-mini-4k-instruct,10,19,0.526,Não
P038,Português,concluído,Sim,,s09__E2__pipeline,3,45,s09,E2,pipeline,facebook/blenderbot-400M-distill,7,16,0.438,Não
P039,Português,concluído,Sim,,s02__E3__baseline,7,1,s02,E3,linha de base,microsoft/Phi-3-mini-4k-instruct,,22,,Não
P039,Português,concluído,Sim,,s09__E1__baseline,5,2,s09,E1,linha de base,microsoft/DialoGPT-medium,50,11,4.545,Não
P039,Português,concluído,Sim,,s03__E2__pipeline,4,3,s03,E2,pipeline,facebook/blenderbot-400M-distill,31,14.5,2.138,Não
P039,Português,concluído,Sim,,s06__E4__pipeline,7,4,s06,E4,pipeline,Qwen/Qwen2.5-3B-Instruct,89,13,6.846,Não
P039,Português,concluído,Sim,,s12__E4__pipeline,7,5,s12,E4,pipeline,Qwen/Qwen2.5-3B-Instruct,15,13,1.154,Não
P039,Português,concluído,Sim,,s10__E1__baseline,7,6,s10,E1,linha de base,microsoft/DialoGPT-medium,71,14,5.071,Não
P039,Português,concluído,Sim,,s02__E2__baseline,5,7,s02,E2,linha de base,facebook/blenderbot-400M-distill,20,15,1.333,Não
P039,Português,concluído,Sim,,s01__E3__baseline,7,8,s01,E3,linha de base,microsoft/Phi-3-mini-4k-instruct,101,19,5.316,Não
P039,Português,concluído,Sim,,s09__E2__baseline,6,9,s09,E2,linha de base,facebook/blenderbot-400M-distill,70,13.5,5.185,Não
P039,Português,concluído,Sim,,s05__E4__baseline,7,10,s05,E4,linha de base,Qwen/Qwen2.5-3B-Instruct,46,13.5,3.407,Não
P039,Português,concluído,Sim,,s01__E2__pipeline,5,11,s01,E2,pipeline,facebook/blenderbot-400M-distill,50,11.5,4.348,Não
P039,Português,concluído,Sim,,s05__E1__pipeline,1,12,s05,E1,pipeline,microsoft/DialoGPT-medium,33,13.5,2.444,Não
P039,Português,concluído,Sim,,s12__E3__baseline,6,13,s12,E3,linha de base,microsoft/Phi-3-mini-4k-instruct,27,21,1.286,Não
P039,Português,concluído,Sim,,s03__E3__baseline,7,14,s03,E3,linha de base,microsoft/Phi-3-mini-4k-instruct,34,17,2.000,Não
P039,Português,concluído,Sim,,s07__E4__pipeline,6,15,s07,E4,pipeline,Qwen/Qwen2.5-3B-Instruct,40,18,2.222,Não
P039,Português,concluído,Sim,,s06__E1__pipeline,1,16,s06,E1,pipeline,microsoft/DialoGPT-medium,24,10,2.400,Não
P039,Português,concluído,Sim,,s09__E4__pipeline,5,17,s09,E4,pipeline,Qwen/Qwen2.5-3B-Instruct,174,20,8.700,Não
P039,Português,concluído,Sim,,s06__E3__baseline,5,18,s06,E3,linha de base,microsoft/Phi-3-mini-4k-instruct,90,18,5.000,Não
P039,Português,concluído,Sim,,s05__E3__pipeline,7,19,s05,E3,pipeline,microsoft/Phi-3-mini-4k-instruct,31,18,1.722,Não
P039,Português,concluído,Sim,,s01__E2__baseline,7,20,s01,E2,linha de base,facebook/blenderbot-400M-distill,69,14,4.929,Não
P039,Português,concluído,Sim,,s08__E3__baseline,6,21,s08,E3,linha de base,microsoft/Phi-3-mini-4k-instruct,46,15,3.067,Não
P039,Português,concluído,Sim,,s08__E1__baseline,1,22,s08,E1,linha de base,microsoft/DialoGPT-medium,12,6,2.000,Não
P039,Português,concluído,Sim,,s03__E1__pipeline,1,23,s03,E1,pipeline,microsoft/DialoGPT-medium,23,11,2.091,Não
P039,Português,concluído,Sim,,s12__E1__pipeline,1,24,s12,E1,pipeline,microsoft/DialoGPT-medium,9,12,0.750,Não
P039,Português,concluído,Sim,,s05__E2__pipeline,2,25,s05,E2,pipeline,facebook/blenderbot-400M-distill,,15,,Não
P039,Português,concluído,Sim,,s02__E4__pipeline,4,26,s02,E4,pipeline,Qwen/Qwen2.5-3B-Instruct,22,15,1.467,Não
P039,Português,concluído,Sim,,s04__E2__pipeline,5,27,s04,E2,pipeline,facebook/blenderbot-400M-distill,31,14,2.214,Não
P039,Português,concluído,Sim,,s05__E4__pipeline,7,28,s05,E4,pipeline,Qwen/Qwen2.5-3B-Instruct,15,14,1.071,Não
P039,Português,concluído,Sim,,s11__E1__pipeline,1,29,s11,E1,pipeline,microsoft/DialoGPT-medium,16,10,1.600,Não
P039,Português,concluído,Sim,,s04__E1__pipeline,1,30,s04,E1,pipeline,microsoft/DialoGPT-medium,13,13,1.000,Não
P039,Português,concluído,Sim,,s07__E2__pipeline,3,31,s07,E2,pipeline,facebook/blenderbot-400M-distill,468,20,23.400,Não
P040,Português,concluído,Sim,,s10__E3__pipeline,7,1,s10,E3,pipeline,microsoft/Phi-3-mini-4k-instruct,,20,,Não
P040,Português,concluído,Sim,,s03__E4__baseline,4,2,s03,E4,linha de base,Qwen/Qwen2.5-3B-Instruct,5,13,0.385,Não
P040,Português,concluído,Sim,,s09__E3__baseline,6,3,s09,E3,linha de base,microsoft/Phi-3-mini-4k-instruct,33,26.5,1.245,Não
P040,Português,concluído,Sim,,s04__E3__pipeline,6,4,s04,E3,pipeline,microsoft/Phi-3-mini-4k-instruct,16,17,0.941,Não
P040,Português,concluído,Sim,,s06__E1__baseline,6,5,s06,E1,linha de base,microsoft/DialoGPT-medium,13,16,0.813,Não
P040,Português,concluído,Sim,,s07__E2__baseline,6,6,s07,E2,linha de base,facebook/blenderbot-400M-distill,17,15,1.133,Não
P040,Português,concluído,Sim,,s06__E3__pipeline,7,7,s06,E3,pipeline,microsoft/Phi-3-mini-4k-instruct,19,18,1.056,Não
P040,Português,concluído,Sim,,s12__E4__baseline,5,8,s12,E4,linha de base,Qwen/Qwen2.5-3B-Instruct,14,20,0.700,Não
P040,Português,concluído,Sim,,s11__E4__pipeline,4,9,s11,E4,pipeline,Qwen/Qwen2.5-3B-Instruct,12,14.5,0.828,Não
P040,Português,concluído,Sim,,s08__E2__baseline,5,10,s08,E2,linha de base,facebook/blenderbot-400M-distill,10,14,0.714,Não
P040,Português,concluído,Sim,,s02__E4__baseline,5,11,s02,E4,linha de base,Qwen/Qwen2.5-3B-Instruct,13,15,0.867,Não
P040,Português,concluído,Sim,,s05__E2__baseline,3,12,s05,E2,linha de base,facebook/blenderbot-400M-distill,11,16,0.688,Não
P040,Português,concluído,Sim,,s04__E3__baseline,6,13,s04,E3,linha de base,microsoft/Phi-3-mini-4k-instruct,12,17,0.706,Não
P040,Português,concluído,Sim,,s01__E3__pipeline,7,14,s01,E3,pipeline,microsoft/Phi-3-mini-4k-instruct,19,19.5,0.974,Não
P040,Português,concluído,Sim,,s07__E3__baseline,7,15,s07,E3,linha de base,microsoft/Phi-3-mini-4k-instruct,20,24,0.833,Não
P040,Português,concluído,Sim,,s07__E3__pipeline,6,16,s07,E3,pipeline,microsoft/Phi-3-mini-4k-instruct,16,16.5,0.970,Não
P040,Português,concluído,Sim,,s09__E1__pipeline,1,17,s09,E1,pipeline,microsoft/DialoGPT-medium,19,12,1.583,Não
P040,Português,concluído,Sim,,s03__E3__pipeline,5,18,s03,E3,pipeline,microsoft/Phi-3-mini-4k-instruct,19,15,1.267,Não
P040,Português,concluído,Sim,,s11__E2__pipeline,4,19,s11,E2,pipeline,facebook/blenderbot-400M-distill,7,16,0.438,Não
P040,Português,concluído,Sim,,s10__E4__baseline,5,20,s10,E4,linha de base,Qwen/Qwen2.5-3B-Instruct,12,13,0.923,Não
P040,Português,concluído,Sim,,s11__E3__baseline,5,21,s11,E3,linha de base,microsoft/Phi-3-mini-4k-instruct,15,20,0.750,Não
P040,Português,concluído,Sim,,s03__E2__baseline,4,22,s03,E2,linha de base,facebook/blenderbot-400M-distill,8,13,0.615,Não
P040,Português,concluído,Sim,,s10__E2__pipeline,6,23,s10,E2,pipeline,facebook/blenderbot-400M-distill,9,11.5,0.783,Não
P040,Português,concluído,Sim,,s09__E2__pipeline,4,24,s09,E2,pipeline,facebook/blenderbot-400M-distill,9,16,0.563,Não
P041,Inglês,concluído,Sim,,s02__E1__pipeline,2,1,s02,E1,pipeline,microsoft/DialoGPT-medium,,10,,Não
P041,Inglês,concluído,Sim,,s04__E4__pipeline,6,2,s04,E4,pipeline,Qwen/Qwen2.5-3B-Instruct,40,17.5,2.286,Não
P041,Inglês,concluído,Sim,,s09__E3__pipeline,7,3,s09,E3,pipeline,microsoft/Phi-3-mini-4k-instruct,20,17,1.176,Não
P041,Inglês,concluído,Sim,,s06__E2__baseline,2,4,s06,E2,linha de base,facebook/blenderbot-400M-distill,30,14,2.143,Não
P041,Inglês,concluído,Sim,,s06__E2__pipeline,2,5,s06,E2,pipeline,facebook/blenderbot-400M-distill,27,15,1.800,Não
P041,Inglês,concluído,Sim,,s07__E1__baseline,1,6,s07,E1,linha de base,microsoft/DialoGPT-medium,15,11,1.364,Não
P041,Inglês,concluído,Sim,,s04__E2__pipeline,6,7,s04,E2,pipeline,facebook/blenderbot-400M-distill,14,14,1.000,Não
P041,Inglês,concluído,Sim,,s02__E3__pipeline,7,8,s02,E3,pipeline,microsoft/Phi-3-mini-4k-instruct,25,25.5,0.980,Não
P041,Inglês,concluído,Sim,,s12__E1__baseline,1,9,s12,E1,linha de base,microsoft/DialoGPT-medium,10,10,1.000,Não
P041,Inglês,concluído,Sim,,s12__E2__pipeline,3,10,s12,E2,pipeline,facebook/blenderbot-400M-distill,61,20,3.050,Não
P041,Inglês,concluído,Sim,,s03__E1__baseline,1,11,s03,E1,linha de base,microsoft/DialoGPT-medium,10,14,0.714,Não
P041,Inglês,concluído,Sim,,s05__E2__pipeline,2,12,s05,E2,pipeline,facebook/blenderbot-400M-distill,13,15,0.867,Não
P041,Inglês,concluído,Sim,,s11__E2__baseline,3,13,s11,E2,linha de base,facebook/blenderbot-400M-distill,23,16,1.438,Não
P041,Inglês,concluído,Sim,,s02__E4__pipeline,6,14,s02,E4,pipeline,Qwen/Qwen2.5-3B-Instruct,35,15,2.333,Não
P041,Inglês,concluído,Sim,,s08__E1__pipeline,1,15,s08,E1,pipeline,microsoft/DialoGPT-medium,9,10,0.900,Não
P041,Inglês,concluído,Sim,,s12__E2__baseline,2,16,s12,E2,linha de base,facebook/blenderbot-400M-distill,14,20.5,0.683,Não
P041,Inglês,concluído,Sim,,s08__E3__pipeline,7,17,s08,E3,pipeline,microsoft/Phi-3-mini-4k-instruct,20,21.5,0.930,Não
P041,Inglês,concluído,Sim,,s01__E1__baseline,1,18,s01,E1,linha de base,microsoft/DialoGPT-medium,11,8,1.375,Não
P041,Inglês,concluído,Sim,,s07__E1__pipeline,1,19,s07,E1,pipeline,microsoft/DialoGPT-medium,11,12,0.917,Não
P041,Inglês,concluído,Sim,,s08__E2__pipeline,2,20,s08,E2,pipeline,facebook/blenderbot-400M-distill,21,14,1.500,Não
P041,Inglês,concluído,Sim,,s02__E2__pipeline,1,21,s02,E2,pipeline,facebook/blenderbot-400M-distill,18,13,1.385,Não
P041,Inglês,concluído,Sim,,s04__E2__baseline,2,22,s04,E2,linha de base,facebook/blenderbot-400M-distill,8,13,0.615,Não
P041,Inglês,concluído,Sim,,s11__E1__baseline,1,23,s11,E1,linha de base,microsoft/DialoGPT-medium,7,9,0.778,Não
P041,Inglês,concluído,Sim,,s12__E3__pipeline,5,24,s12,E3,pipeline,microsoft/Phi-3-mini-4k-instruct,41,19,2.158,Não
P041,Inglês,concluído,Sim,,s08__E4__pipeline,6,25,s08,E4,pipeline,Qwen/Qwen2.5-3B-Instruct,38,19.5,1.949,Não
P041,Inglês,concluído,Sim,,s08__E4__baseline,6,26,s08,E4,linha de base,Qwen/Qwen2.5-3B-Instruct,12,15,0.800,Não
P041,Inglês,concluído,Sim,,s04__E3__baseline,7,27,s04,E3,linha de base,microsoft/Phi-3-mini-4k-instruct,125,17,7.353,Não
P041,Inglês,concluído,Sim,,s10__E3__baseline,7,28,s10,E3,linha de base,microsoft/Phi-3-mini-4k-instruct,33,19,1.737,Não
P041,Inglês,concluído,Sim,,s08__E3__baseline,7,29,s08,E3,linha de base,microsoft/Phi-3-mini-4k-instruct,19,15,1.267,Não
P041,Inglês,concluído,Sim,,s10__E4__pipeline,3,30,s10,E4,pipeline,Qwen/Qwen2.5-3B-Instruct,17,18,0.944,Não
P041,Inglês,concluído,Sim,,s04__E3__pipeline,7,31,s04,E3,pipeline,microsoft/Phi-3-mini-4k-instruct,20,17,1.176,Não
P041,Inglês,concluído,Sim,,s01__E2__baseline,6,32,s01,E2,linha de base,facebook/blenderbot-400M-distill,14,14,1.000,Não
P041,Inglês,concluído,Sim,,s11__E4__pipeline,5,33,s11,E4,pipeline,Qwen/Qwen2.5-3B-Instruct,15,14.5,1.034,Não
P041,Inglês,concluído,Sim,,s03__E2__pipeline,4,34,s03,E2,pipeline,facebook/blenderbot-400M-distill,10,14.5,0.690,Não
P041,Inglês,concluído,Sim,,s05__E3__pipeline,7,35,s05,E3,pipeline,microsoft/Phi-3-mini-4k-instruct,43,18,2.389,Não
P041,Inglês,concluído,Sim,,s05__E4__pipeline,5,36,s05,E4,pipeline,Qwen/Qwen2.5-3B-Instruct,14,14,1.000,Não
P041,Inglês,concluído,Sim,,s01__E3__baseline,7,37,s01,E3,linha de base,microsoft/Phi-3-mini-4k-instruct,28,19,1.474,Não
P041,Inglês,concluído,Sim,,s11__E1__pipeline,1,38,s11,E1,pipeline,microsoft/DialoGPT-medium,12,10,1.200,Não
P041,Inglês,concluído,Sim,,s09__E1__baseline,1,39,s09,E1,linha de base,microsoft/DialoGPT-medium,17,11,1.545,Não
P041,Inglês,concluído,Sim,,s07__E4__baseline,7,40,s07,E4,linha de base,Qwen/Qwen2.5-3B-Instruct,62,15.5,4.000,Não
P041,Inglês,concluído,Sim,,s02__E4__baseline,5,41,s02,E4,linha de base,Qwen/Qwen2.5-3B-Instruct,11,15,0.733,Não
P041,Inglês,concluído,Sim,,s09__E2__baseline,1,42,s09,E2,linha de base,facebook/blenderbot-400M-distill,15,13.5,1.111,Não
P041,Inglês,concluído,Sim,,s06__E1__baseline,1,43,s06,E1,linha de base,microsoft/DialoGPT-medium,12,16,0.750,Não
P041,Inglês,concluído,Sim,,s01__E3__pipeline,7,44,s01,E3,pipeline,microsoft/Phi-3-mini-4k-instruct,13,19.5,0.667,Não
P041,Inglês,concluído,Sim,,s12__E4__pipeline,6,45,s12,E4,pipeline,Qwen/Qwen2.5-3B-Instruct,13,13,1.000,Não
P041,Inglês,concluído,Sim,,s01__E4__baseline,6,46,s01,E4,linha de base,Qwen/Qwen2.5-3B-Instruct,126,15.5,8.129,Não
P041,Inglês,concluído,Sim,,s10__E4__baseline,4,47,s10,E4,linha de base,Qwen/Qwen2.5-3B-Instruct,22,13,1.692,Não
P041,Inglês,concluído,Sim,,s05__E3__baseline,7,48,s05,E3,linha de base,microsoft/Phi-3-mini-4k-instruct,24,24,1.000,Não
P041,Inglês,concluído,Sim,,s11__E3__pipeline,7,49,s11,E3,pipeline,microsoft/Phi-3-mini-4k-instruct,17,19,0.895,Não
P041,Inglês,concluído,Sim,,s05__E1__pipeline,1,50,s05,E1,pipeline,microsoft/DialoGPT-medium,10,13.5,0.741,Não
P041,Inglês,concluído,Sim,,s09__E3__baseline,6,51,s09,E3,linha de base,microsoft/Phi-3-mini-4k-instruct,46,26.5,1.736,Não
P041,Inglês,concluído,Sim,,s03__E3__baseline,6,52,s03,E3,linha de base,microsoft/Phi-3-mini-4k-instruct,24,17,1.412,Não
P041,Inglês,concluído,Sim,,s06__E1__pipeline,1,53,s06,E1,pipeline,microsoft/DialoGPT-medium,9,10,0.900,Não
P041,Inglês,concluído,Sim,,s09__E4__baseline,6,54,s09,E4,linha de base,Qwen/Qwen2.5-3B-Instruct,21,20,1.050,Não
P042,Português,concluído,Sim,,s04__E1__pipeline,2,1,s04,E1,pipeline,microsoft/DialoGPT-medium,,13,,Não
P042,Português,concluído,Sim,,s10__E1__pipeline,1,2,s10,E1,pipeline,microsoft/DialoGPT-medium,10,10,1.000,Não
P042,Português,concluído,Sim,,s10__E3__baseline,5,3,s10,E3,linha de base,microsoft/Phi-3-mini-4k-instruct,15,19,0.789,Não
P042,Português,concluído,Sim,,s05__E4__pipeline,4,4,s05,E4,pipeline,Qwen/Qwen2.5-3B-Instruct,12,14,0.857,Não
P042,Português,concluído,Sim,,s07__E4__baseline,4,5,s07,E4,linha de base,Qwen/Qwen2.5-3B-Instruct,17,15.5,1.097,Não
P042,Português,concluído,Sim,,s10__E4__pipeline,5,6,s10,E4,pipeline,Qwen/Qwen2.5-3B-Instruct,11,18,0.611,Não
P042,Português,concluído,Sim,,s01__E1__pipeline,1,7,s01,E1,pipeline,microsoft/DialoGPT-medium,11,17,0.647,Não
P042,Português,concluído,Sim,,s05__E3__baseline,5,8,s05,E3,linha de base,microsoft/Phi-3-mini-4k-instruct,15,24,0.625,Não
P042,Português,concluído,Sim,,s08__E4__pipeline,5,9,s08,E4,pipeline,Qwen/Qwen2.5-3B-Instruct,12,19.5,0.615,Não
P042,Português,concluído,Sim,,s11__E4__baseline,3,10,s11,E4,linha de base,Qwen/Qwen2.5-3B-Instruct,8,13,0.615,Não
P042,Português,concluído,Sim,,s04__E1__baseline,1,11,s04,E1,linha de base,microsoft/DialoGPT-medium,7,8,0.875,Não
P042,Português,concluído,Sim,,s06__E4__baseline,5,12,s06,E4,linha de base,Qwen/Qwen2.5-3B-Instruct,15,20,0.750,Não
P042,Português,concluído,Sim,,s02__E1__baseline,1,13,s02,E1,linha de base,microsoft/DialoGPT-medium,8,11,0.727,Não
P042,Português,concluído,Sim,,s08__E4__baseline,6,14,s08,E4,linha de base,Qwen/Qwen2.5-3B-Instruct,13,15,0.867,Não
P042,Português,concluído,Sim,,s11__E1__pipeline,1,15,s11,E1,pipeline,microsoft/DialoGPT-medium,5,10,0.500,Não
P042,Português,concluído,Sim,,s07__E2__pipeline,3,16,s07,E2,pipeline,facebook/blenderbot-400M-distill,11,20,0.550,Não
P042,Português,concluído,Sim,,s09__E4__baseline,3,17,s09,E4,linha de base,Qwen/Qwen2.5-3B-Instruct,17,20,0.850,Não
P042,Português,concluído,Sim,,s01__E4__baseline,4,18,s01,E4,linha de base,Qwen/Qwen2.5-3B-Instruct,15,15.5,0.968,Não
P042,Português,concluído,Sim,,s01__E4__pipeline,2,19,s01,E4,pipeline,Qwen/Qwen2.5-3B-Instruct,12,25,0.480,Não
P042,Português,concluído,Sim,,s11__E3__pipeline,5,20,s11,E3,pipeline,microsoft/Phi-3-mini-4k-instruct,8,19,0.421,Não
P042,Português,concluído,Sim,,s03__E4__pipeline,4,21,s03,E4,pipeline,Qwen/Qwen2.5-3B-Instruct,11,22,0.500,Não
P042,Português,concluído,Sim,,s05__E1__baseline,1,22,s05,E1,linha de base,microsoft/DialoGPT-medium,6,11,0.545,Não
P042,Português,concluído,Sim,,s04__E4__baseline,4,23,s04,E4,linha de base,Qwen/Qwen2.5-3B-Instruct,9,15,0.600,Não
P042,Português,concluído,Sim,,s10__E2__baseline,4,24,s10,E2,linha de base,facebook/blenderbot-400M-distill,9,13.5,0.667,Não
P043,Português,concluído,Sim,,s06__E1__pipeline,6,1,s06,E1,pipeline,microsoft/DialoGPT-medium,,10,,Não
P043,Português,concluído,Sim,,s06__E2__baseline,6,2,s06,E2,linha de base,facebook/blenderbot-400M-distill,17,14,1.214,Não
P043,Português,concluído,Sim,,s07__E4__pipeline,7,3,s07,E4,pipeline,Qwen/Qwen2.5-3B-Instruct,68,18,3.778,Não
P043,Português,concluído,Sim,,s12__E1__baseline,3,4,s12,E1,linha de base,microsoft/DialoGPT-medium,142,10,14.200,Não
P043,Português,concluído,Sim,,s05__E1__pipeline,6,5,s05,E1,pipeline,microsoft/DialoGPT-medium,34,13.5,2.519,Não
P043,Português,concluído,Sim,,s12__E1__pipeline,7,6,s12,E1,pipeline,microsoft/DialoGPT-medium,22,12,1.833,Não
P043,Português,concluído,Sim,,s07__E1__pipeline,4,7,s07,E1,pipeline,microsoft/DialoGPT-medium,34,12,2.833,Não
P043,Português,concluído,Sim,,s03__E2__pipeline,6,8,s03,E2,pipeline,facebook/blenderbot-400M-distill,35,14.5,2.414,Não
P043,Português,concluído,Sim,,s01__E3__baseline,7,9,s01,E3,linha de base,microsoft/Phi-3-mini-4k-instruct,48,19,2.526,Não
P043,Português,concluído,Sim,,s06__E3__baseline,7,10,s06,E3,linha de base,microsoft/Phi-3-mini-4k-instruct,57,18,3.167,Não
P043,Português,concluído,Sim,,s12__E3__pipeline,7,11,s12,E3,pipeline,microsoft/Phi-3-mini-4k-instruct,47,19,2.474,Não
P043,Português,concluído,Sim,,s09__E4__pipeline,6,12,s09,E4,pipeline,Qwen/Qwen2.5-3B-Instruct,64,20,3.200,Não
P043,Português,concluído,Sim,,s03__E1__baseline,1,13,s03,E1,linha de base,microsoft/DialoGPT-medium,13,14,0.929,Não
P043,Português,concluído,Sim,,s08__E3__pipeline,1,14,s08,E3,pipeline,microsoft/Phi-3-mini-4k-instruct,,21.5,,Não
P043,Português,concluído,Sim,,s06__E2__pipeline,6,15,s06,E2,pipeline,facebook/blenderbot-400M-distill,25,15,1.667,Não
P043,Português,concluído,Sim,,s02__E3__baseline,6,16,s02,E3,linha de base,microsoft/Phi-3-mini-4k-instruct,46,22,2.091,Não
P043,Português,concluído,Sim,,s10__E1__baseline,5,17,s10,E1,linha de base,microsoft/DialoGPT-medium,19,14,1.357,Não
P043,Português,concluído,Sim,,s01__E1__baseline,1,18,s01,E1,linha de base,microsoft/DialoGPT-medium,15,8,1.875,Não
P043,Português,concluído,Sim,,s03__E3__baseline,6,19,s03,E3,linha de base,microsoft/Phi-3-mini-4k-instruct,43,17,2.529,Não
P043,Português,concluído,Sim,,s08__E1__pipeline,1,20,s08,E1,pipeline,microsoft/DialoGPT-medium,17,10,1.700,Não
P043,Português,concluído,Sim,,s09__E2__baseline,6,21,s09,E2,linha de base,facebook/blenderbot-400M-distill,17,13.5,1.259,Não
P043,Português,concluído,Sim,,s09__E3__pipeline,6,22,s09,E3,pipeline,microsoft/Phi-3-mini-4k-instruct,39,17,2.294,Não
P043,Português,concluído,Sim,,s11__E2__baseline,5,23,s11,E2,linha de base,facebook/blenderbot-400M-distill,22,16,1.375,Não
P043,Português,concluído,Sim,,s04__E2__pipeline,7,24,s04,E2,pipeline,facebook/blenderbot-400M-distill,18,14,1.286,Não
P044,Português,concluído,Sim,,s07__E3__baseline,7,1,s07,E3,linha de base,microsoft/Phi-3-mini-4k-instruct,,24,,Não
P044,Português,concluído,Sim,,s11__E2__pipeline,4,2,s11,E2,pipeline,facebook/blenderbot-400M-distill,20,16,1.250,Não
P044,Português,concluído,Sim,,s08__E4__pipeline,5,3,s08,E4,pipeline,Qwen/Qwen2.5-3B-Instruct,12,19.5,0.615,Não
P044,Português,concluído,Sim,,s09__E3__baseline,6,4,s09,E3,linha de base,microsoft/Phi-3-mini-4k-instruct,22,26.5,0.830,Não
P044,Português,concluído,Sim,,s01__E4__pipeline,6,5,s01,E4,pipeline,Qwen/Qwen2.5-3B-Instruct,71,25,2.840,Não
P044,Português,concluído,Sim,,s09__E2__pipeline,5,6,s09,E2,pipeline,facebook/blenderbot-400M-distill,13,16,0.813,Não
P044,Português,concluído,Sim,,s10__E2__baseline,5,7,s10,E2,linha de base,facebook/blenderbot-400M-distill,9,13.5,0.667,Não
P044,Português,concluído,Sim,,s11__E3__pipeline,6,8,s11,E3,pipeline,microsoft/Phi-3-mini-4k-instruct,17,19,0.895,Não
P044,Português,concluído,Sim,,s07__E2__pipeline,4,9,s07,E2,pipeline,facebook/blenderbot-400M-distill,10,20,0.500,Não
P044,Português,concluído,Sim,,s11__E1__pipeline,1,10,s11,E1,pipeline,microsoft/DialoGPT-medium,10,10,1.000,Não
P044,Português,concluído,Sim,,s10__E4__pipeline,2,11,s10,E4,pipeline,Qwen/Qwen2.5-3B-Instruct,16,18,0.889,Não
P044,Português,concluído,Sim,,s11__E3__baseline,7,12,s11,E3,linha de base,microsoft/Phi-3-mini-4k-instruct,16,20,0.800,Não
P044,Português,concluído,Sim,,s07__E3__pipeline,7,13,s07,E3,pipeline,microsoft/Phi-3-mini-4k-instruct,14,16.5,0.848,Não
P044,Português,concluído,Sim,,s01__E3__pipeline,7,14,s01,E3,pipeline,microsoft/Phi-3-mini-4k-instruct,15,19.5,0.769,Não
P044,Português,concluído,Sim,,s01__E1__pipeline,1,15,s01,E1,pipeline,microsoft/DialoGPT-medium,8,17,0.471,Não
P044,Português,concluído,Sim,,s03__E2__baseline,2,16,s03,E2,linha de base,facebook/blenderbot-400M-distill,13,13,1.000,Não
P044,Português,concluído,Sim,,s04__E1__pipeline,1,17,s04,E1,pipeline,microsoft/DialoGPT-medium,9,13,0.692,Não
P044,Português,concluído,Sim,,s04__E3__pipeline,7,18,s04,E3,pipeline,microsoft/Phi-3-mini-4k-instruct,13,17,0.765,Não
P044,Português,concluído,Sim,,s07__E2__baseline,3,19,s07,E2,linha de base,facebook/blenderbot-400M-distill,9,15,0.600,Não
P044,Português,concluído,Sim,,s10__E1__pipeline,1,20,s10,E1,pipeline,microsoft/DialoGPT-medium,9,10,0.900,Não
P044,Português,concluído,Sim,,s03__E4__pipeline,7,21,s03,E4,pipeline,Qwen/Qwen2.5-3B-Instruct,21,22,0.955,Não
P044,Português,concluído,Sim,,s06__E1__baseline,1,22,s06,E1,linha de base,microsoft/DialoGPT-medium,9,16,0.563,Não
P044,Português,concluído,Sim,,s06__E4__baseline,5,23,s06,E4,linha de base,Qwen/Qwen2.5-3B-Instruct,11,20,0.550,Não
P044,Português,concluído,Sim,,s04__E3__baseline,7,24,s04,E3,linha de base,microsoft/Phi-3-mini-4k-instruct,9,17,0.529,Não
P045,Português,em curso,,,,,,,,,,,,,
P046,Português,em curso,,,,,,,,,,,,,
P047,Português,concluído,Não,falha no item de atenção,s04__E3__pipeline,7,1,s04,E3,pipeline,microsoft/Phi-3-mini-4k-instruct,,17,,Não
P047,Português,concluído,Não,falha no item de atenção,s12__E3__baseline,7,2,s12,E3,linha de base,microsoft/Phi-3-mini-4k-instruct,21,21,1.000,Não
P047,Português,concluído,Não,falha no item de atenção,s01__E2__baseline,7,3,s01,E2,linha de base,facebook/blenderbot-400M-distill,14,14,1.000,Não
P047,Português,concluído,Não,falha no item de atenção,s05__E3__pipeline,7,4,s05,E3,pipeline,microsoft/Phi-3-mini-4k-instruct,18,18,1.000,Não
P047,Português,concluído,Não,falha no item de atenção,s08__E1__baseline,1,5,s08,E1,linha de base,microsoft/DialoGPT-medium,11,6,1.833,Não
P047,Português,concluído,Não,falha no item de atenção,s04__E3__baseline,7,6,s04,E3,linha de base,microsoft/Phi-3-mini-4k-instruct,12,17,0.706,Não
P047,Português,concluído,Não,falha no item de atenção,s12__E4__pipeline,6,7,s12,E4,pipeline,Qwen/Qwen2.5-3B-Instruct,8,13,0.615,Não
P047,Português,concluído,Não,falha no item de atenção,s03__E1__pipeline,1,8,s03,E1,pipeline,microsoft/DialoGPT-medium,7,11,0.636,Não
P047,Português,concluído,Não,falha no item de atenção,s09__E1__baseline,1,9,s09,E1,linha de base,microsoft/DialoGPT-medium,8,11,0.727,Não
P047,Português,concluído,Não,falha no item de atenção,s07__E2__baseline,3,10,s07,E2,linha de base,facebook/blenderbot-400M-distill,8,15,0.533,Não
P047,Português,concluído,Não,falha no item de atenção,s06__E4__pipeline,7,11,s06,E4,pipeline,Qwen/Qwen2.5-3B-Instruct,17,13,1.308,Não
P047,Português,concluído,Não,falha no item de atenção,s06__E1__baseline,3,12,s06,E1,linha de base,microsoft/DialoGPT-medium,9,16,0.563,Não
P047,Português,concluído,Não,falha no item de atenção,s05__E4__baseline,7,13,s05,E4,linha de base,Qwen/Qwen2.5-3B-Instruct,13,13.5,0.963,Não
P047,Português,concluído,Não,falha no item de atenção,s09__E3__baseline,7,14,s09,E3,linha de base,microsoft/Phi-3-mini-4k-instruct,11,26.5,0.415,Não
P047,Português,concluído,Não,falha no item de atenção,s02__E2__baseline,7,15,s02,E2,linha de base,facebook/blenderbot-400M-distill,15,15,1.000,Não
P047,Português,concluído,Não,falha no item de atenção,s01__E3__pipeline,5,16,s01,E3,pipeline,microsoft/Phi-3-mini-4k-instruct,13,19.5,0.667,Não
P047,Português,concluído,Não,falha no item de atenção,s07__E3__baseline,7,17,s07,E3,linha de base,microsoft/Phi-3-mini-4k-instruct,10,24,0.417,Não
P047,Português,concluído,Não,falha no item de atenção,s08__E3__baseline,7,18,s08,E3,linha de base,microsoft/Phi-3-mini-4k-instruct,11,15,0.733,Não
P047,Português,concluído,Não,falha no item de atenção,s01__E2__pipeline,6,19,s01,E2,pipeline,facebook/blenderbot-400M-distill,12,11.5,1.043,Não
P047,Português,concluído,Não,falha no item de atenção,s07__E3__pipeline,7,20,s07,E3,pipeline,microsoft/Phi-3-mini-4k-instruct,9,16.5,0.545,Não
P047,Português,concluído,Não,falha no item de atenção,s03__E2__baseline,7,21,s03,E2,linha de base,facebook/blenderbot-400M-distill,7,13,0.538,Não
P047,Português,concluído,Não,falha no item de atenção,s11__E2__pipeline,5,22,s11,E2,pipeline,facebook/blenderbot-400M-distill,12,16,0.750,Não
P047,Português,concluído,Não,falha no item de atenção,s11__E3__baseline,7,23,s11,E3,linha de base,microsoft/Phi-3-mini-4k-instruct,8,20,0.400,Não
P047,Português,concluído,Não,falha no item de atenção,s09__E2__pipeline,7,24,s09,E2,pipeline,facebook/blenderbot-400M-distill,8,16,0.500,Não
P048,Português,em curso,,,,,,,,,,,,,
P049,Português,concluído,Sim,,s03__E1__baseline,4,1,s03,E1,linha de base,microsoft/DialoGPT-medium,,14,,Não
P049,Português,concluído,Sim,,s05__E2__baseline,4,2,s05,E2,linha de base,facebook/blenderbot-400M-distill,20,16,1.250,Não
P049,Português,concluído,Sim,,s08__E1__pipeline,1,3,s08,E1,pipeline,microsoft/DialoGPT-medium,14,10,1.400,Não
P049,Português,concluído,Sim,,s11__E4__pipeline,4,4,s11,E4,pipeline,Qwen/Qwen2.5-3B-Instruct,34,14.5,2.345,Não
P049,Português,concluído,Sim,,s03__E4__baseline,5,5,s03,E4,linha de base,Qwen/Qwen2.5-3B-Instruct,20,13,1.538,Não
P049,Português,concluído,Sim,,s11__E2__baseline,5,6,s11,E2,linha de base,facebook/blenderbot-400M-distill,12,16,0.750,Não
P049,Português,concluído,Sim,,s09__E1__pipeline,1,7,s09,E1,pipeline,microsoft/DialoGPT-medium,13,12,1.083,Não
P049,Português,concluído,Sim,,s12__E3__pipeline,7,8,s12,E3,pipeline,microsoft/Phi-3-mini-4k-instruct,19,19,1.000,Não
P049,Português,concluído,Sim,,s06__E2__baseline,4,9,s06,E2,linha de base,facebook/blenderbot-400M-distill,40,14,2.857,Não
P049,Português,concluído,Sim,,s06__E3__pipeline,7,10,s06,E3,pipeline,microsoft/Phi-3-mini-4k-instruct,17,18,0.944,Não
P049,Português,concluído,Sim,,s10__E4__baseline,7,11,s10,E4,linha de base,Qwen/Qwen2.5-3B-Instruct,13,13,1.000,Não
P049,Português,concluído,Sim,,s08__E2__baseline,7,12,s08,E2,linha de base,facebook/blenderbot-400M-distill,13,14,0.929,Não
P049,Português,concluído,Sim,,s02__E4__baseline,7,13,s02,E4,linha de base,Qwen/Qwen2.5-3B-Instruct,21,15,1.400,Não
P049,Português,concluído,Sim,,s12__E1__baseline,1,14,s12,E1,linha de base,microsoft/DialoGPT-medium,9,10,0.900,Não
P049,Português,concluído,Sim,,s07__E1__pipeline,1,15,s07,E1,pipeline,microsoft/DialoGPT-medium,12,12,1.000,Não
P049,Português,concluído,Sim,,s10__E2__pipeline,7,16,s10,E2,pipeline,facebook/blenderbot-400M-distill,9,11.5,0.783,Não
P049,Português,concluído,Sim,,s10__E3__pipeline,7,17,s10,E3,pipeline,microsoft/Phi-3-mini-4k-instruct,17,20,0.850,Não
P049,Português,concluído,Sim,,s01__E1__baseline,1,18,s01,E1,linha de base,microsoft/DialoGPT-medium,16,8,2.000,Não
P049,Português,concluído,Sim,,s04__E2__pipeline,6,19,s04,E2,pipeline,facebook/blenderbot-400M-distill,27,14,1.929,Não
P049,Português,concluído,Sim,,s09__E3__pipeline,7,20,s09,E3,pipeline,microsoft/Phi-3-mini-4k-instruct,24,17,1.412,Não
P049,Português,concluído,Sim,,s06__E2__pipeline,4,21,s06,E2,pipeline,facebook/blenderbot-400M-distill,13,15,0.867,Não
P049,Português,concluído,Sim,,s03__E3__pipeline,7,22,s03,E3,pipeline,microsoft/Phi-3-mini-4k-instruct,21,15,1.400,Não
P049,Português,concluído,Sim,,s08__E3__pipeline,7,23,s08,E3,pipeline,microsoft/Phi-3-mini-4k-instruct,23,21.5,1.070,Não
P049,Português,concluído,Sim,,s12__E4__baseline,7,24,s12,E4,linha de base,Qwen/Qwen2.5-3B-Instruct,19,20,0.950,Não
P050,Português,em curso,,,s04__E1__pipeline,1,1,s04,E1,pipeline,microsoft/DialoGPT-medium,,13,,
P051,Português,concluído,Não,falha no item de atenção,s01__E1__pipeline,4,1,s01,E1,pipeline,microsoft/DialoGPT-medium,,17,,Não
P051,Português,concluído,Não,falha no item de atenção,s11__E3__pipeline,7,2,s11,E3,pipeline,microsoft/Phi-3-mini-4k-instruct,36,19,1.895,Não
P051,Português,concluído,Não,falha no item de atenção,s04__E2__baseline,3,3,s04,E2,linha de base,facebook/blenderbot-400M-distill,46,13,3.538,Não
P051,Português,concluído,Não,falha no item de atenção,s12__E2__baseline,4,4,s12,E2,linha de base,facebook/blenderbot-400M-distill,54,20.5,2.634,Não
P051,Português,concluído,Não,falha no item de atenção,s08__E2__pipeline,7,5,s08,E2,pipeline,facebook/blenderbot-400M-distill,18,14,1.286,Não
P051,Português,concluído,Não,falha no item de atenção,s10__E2__baseline,6,6,s10,E2,linha de base,facebook/blenderbot-400M-distill,32,13.5,2.370,Não
P051,Português,concluído,Não,falha no item de atenção,s07__E2__pipeline,7,7,s07,E2,pipeline,facebook/blenderbot-400M-distill,16,20,0.800,Não
P051,Português,concluído,Não,falha no item de atenção,s05__E2__pipeline,7,8,s05,E2,pipeline,facebook/blenderbot-400M-distill,17,15,1.133,Não
P051,Português,concluído,Não,falha no item de atenção,s11__E1__baseline,6,9,s11,E1,linha de base,microsoft/DialoGPT-medium,57,9,6.333,Não
P051,Português,concluído,Não,falha no item de atenção,s10__E1__pipeline,1,10,s10,E1,pipeline,microsoft/DialoGPT-medium,16,10,1.600,Não
P051,Português,concluído,Não,falha no item de atenção,s08__E4__pipeline,7,11,s08,E4,pipeline,Qwen/Qwen2.5-3B-Instruct,19,19.5,0.974,Não
P051,Português,concluído,Não,falha no item de atenção,s11__E1__pipeline,7,12,s11,E1,pipeline,microsoft/DialoGPT-medium,2,10,0.200,Não
P051,Português,concluído,Não,falha no item de atenção,s06__E4__baseline,7,13,s06,E4,linha de base,Qwen/Qwen2.5-3B-Instruct,20,20,1.000,Não
P051,Português,concluído,Não,falha no item de atenção,s01__E4__pipeline,7,14,s01,E4,pipeline,Qwen/Qwen2.5-3B-Instruct,15,25,0.600,Não
P051,Português,concluído,Não,falha no item de atenção,s03__E4__pipeline,7,15,s03,E4,pipeline,Qwen/Qwen2.5-3B-Instruct,26,22,1.182,Não
P051,Português,concluído,Não,falha no item de atenção,s02__E2__pipeline,2,16,s02,E2,pipeline,facebook/blenderbot-400M-distill,17,13,1.308,Não
P051,Português,concluído,Não,falha no item de atenção,s04__E1__pipeline,2,17,s04,E1,pipeline,microsoft/DialoGPT-medium,23,13,1.769,Não
P051,Português,concluído,Não,falha no item de atenção,s10__E4__pipeline,5,18,s10,E4,pipeline,Qwen/Qwen2.5-3B-Instruct,37,18,2.056,Não
P051,Português,concluído,Não,falha no item de atenção,s12__E2__pipeline,6,19,s12,E2,pipeline,facebook/blenderbot-400M-distill,43,20,2.150,Não
P051,Português,concluído,Não,falha no item de atenção,s04__E4__pipeline,5,20,s04,E4,pipeline,Qwen/Qwen2.5-3B-Instruct,46,17.5,2.629,Não
P051,Português,concluído,Não,falha no item de atenção,s02__E3__pipeline,5,21,s02,E3,pipeline,microsoft/Phi-3-mini-4k-instruct,26,25.5,1.020,Não
P051,Português,concluído,Não,falha no item de atenção,s07__E1__baseline,1,22,s07,E1,linha de base,microsoft/DialoGPT-medium,14,11,1.273,Não
P051,Português,concluído,Não,falha no item de atenção,s02__E4__pipeline,5,23,s02,E4,pipeline,Qwen/Qwen2.5-3B-Instruct,29,15,1.933,Não
P051,Português,concluído,Não,falha no item de atenção,s02__E1__pipeline,3,24,s02,E1,pipeline,microsoft/DialoGPT-medium,28,10,2.800,Não
P051,Português,concluído,Não,falha no item de atenção,s02__E1__baseline,6,25,s02,E1,linha de base,microsoft/DialoGPT-medium,37,11,3.364,Não
P051,Português,concluído,Não,falha no item de atenção,s03__E2__pipeline,6,26,s03,E2,pipeline,facebook/blenderbot-400M-distill,7,14.5,0.483,Não
P051,Português,concluído,Não,falha no item de atenção,s08__E2__baseline,6,27,s08,E2,linha de base,facebook/blenderbot-400M-distill,12,14,0.857,Não
P051,Português,concluído,Não,falha no item de atenção,s09__E1__baseline,7,28,s09,E1,linha de base,microsoft/DialoGPT-medium,31,11,2.818,Não
P051,Português,concluído,Não,falha no item de atenção,s12__E3__baseline,7,29,s12,E3,linha de base,microsoft/Phi-3-mini-4k-instruct,21,21,1.000,Não
P051,Português,concluído,Não,falha no item de atenção,s09__E3__pipeline,7,30,s09,E3,pipeline,microsoft/Phi-3-mini-4k-instruct,21,17,1.235,Não
P051,Português,concluído,Não,falha no item de atenção,s10__E3__pipeline,7,31,s10,E3,pipeline,microsoft/Phi-3-mini-4k-instruct,33,20,1.650,Não
P051,Português,concluído,Não,falha no item de atenção,s06__E4__pipeline,7,32,s06,E4,pipeline,Qwen/Qwen2.5-3B-Instruct,13,13,1.000,Não
P051,Português,concluído,Não,falha no item de atenção,s05__E4__pipeline,7,33,s05,E4,pipeline,Qwen/Qwen2.5-3B-Instruct,14,14,1.000,Não
P051,Português,concluído,Não,falha no item de atenção,s11__E4__pipeline,7,34,s11,E4,pipeline,Qwen/Qwen2.5-3B-Instruct,12,14.5,0.828,Não
P051,Português,concluído,Não,falha no item de atenção,s03__E4__baseline,7,35,s03,E4,linha de base,Qwen/Qwen2.5-3B-Instruct,12,13,0.923,Não
P051,Português,concluído,Não,falha no item de atenção,s11__E3__baseline,7,36,s11,E3,linha de base,microsoft/Phi-3-mini-4k-instruct,16,20,0.800,Não
P051,Português,concluído,Não,falha no item de atenção,s08__E1__pipeline,1,37,s08,E1,pipeline,microsoft/DialoGPT-medium,15,10,1.500,Não
P051,Português,concluído,Não,falha no item de atenção,s11__E2__pipeline,4,38,s11,E2,pipeline,facebook/blenderbot-400M-distill,15,16,0.938,Não
P051,Português,concluído,Não,falha no item de atenção,s04__E4__baseline,7,39,s04,E4,linha de base,Qwen/Qwen2.5-3B-Instruct,39,15,2.600,Não
P051,Português,concluído,Não,falha no item de atenção,s07__E4__baseline,7,40,s07,E4,linha de base,Qwen/Qwen2.5-3B-Instruct,23,15.5,1.484,Não
P051,Português,concluído,Não,falha no item de atenção,s01__E3__pipeline,6,41,s01,E3,pipeline,microsoft/Phi-3-mini-4k-instruct,26,19.5,1.333,Não
P052,Português,em curso,,,,,,,,,,,,,
P053,Português,em curso,,,s07__E4__baseline,7,1,s07,E4,linha de base,Qwen/Qwen2.5-3B-Instruct,,15.5,,
P054,Português,em curso,,,,,,,,,,,,,
P055,Português,em curso,,,,,,,,,,,,,
P056,Português,concluído,Sim,ritmo demasiado rápido,s08__E2__pipeline,4,1,s08,E2,pipeline,facebook/blenderbot-400M-distill,,14,,Sim
P056,Português,concluído,Sim,ritmo demasiado rápido,s04__E2__baseline,5,2,s04,E2,linha de base,facebook/blenderbot-400M-distill,11,13,0.846,Sim
P056,Português,concluído,Sim,ritmo demasiado rápido,s03__E1__baseline,5,3,s03,E1,linha de base,microsoft/DialoGPT-medium,3,14,0.214,Sim
P056,Português,concluído,Sim,ritmo demasiado rápido,s02__E4__pipeline,4,4,s02,E4,pipeline,Qwen/Qwen2.5-3B-Instruct,8,15,0.533,Sim
P056,Português,concluído,Sim,ritmo demasiado rápido,s02__E1__pipeline,1,5,s02,E1,pipeline,microsoft/DialoGPT-medium,73,10,7.300,Sim
P056,Português,concluído,Sim,ritmo demasiado rápido,s04__E2__pipeline,3,6,s04,E2,pipeline,facebook/blenderbot-400M-distill,9,14,0.643,Sim
P056,Português,concluído,Sim,ritmo demasiado rápido,s12__E2__pipeline,4,7,s12,E2,pipeline,facebook/blenderbot-400M-distill,12,20,0.600,Sim
P056,Português,concluído,Sim,ritmo demasiado rápido,s06__E2__baseline,1,8,s06,E2,linha de base,facebook/blenderbot-400M-distill,19,14,1.357,Sim
P056,Português,concluído,Sim,ritmo demasiado rápido,s11__E1__baseline,1,9,s11,E1,linha de base,microsoft/DialoGPT-medium,9,9,1.000,Sim
P056,Português,concluído,Sim,ritmo demasiado rápido,s04__E4__pipeline,5,10,s04,E4,pipeline,Qwen/Qwen2.5-3B-Instruct,14,17.5,0.800,Sim
P056,Português,concluído,Sim,ritmo demasiado rápido,s08__E3__pipeline,6,11,s08,E3,pipeline,microsoft/Phi-3-mini-4k-instruct,5,21.5,0.233,Sim
P056,Português,concluído,Sim,ritmo demasiado rápido,s02__E2__pipeline,1,12,s02,E2,pipeline,facebook/blenderbot-400M-distill,8,13,0.615,Sim
P056,Português,concluído,Sim,ritmo demasiado rápido,s07__E1__pipeline,1,13,s07,E1,pipeline,microsoft/DialoGPT-medium,5,12,0.417,Sim
P056,Português,concluído,Sim,ritmo demasiado rápido,s12__E1__baseline,1,14,s12,E1,linha de base,microsoft/DialoGPT-medium,3,10,0.300,Sim
P056,Português,concluído,Sim,ritmo demasiado rápido,s02__E3__pipeline,6,15,s02,E3,pipeline,microsoft/Phi-3-mini-4k-instruct,5,25.5,0.196,Sim
P056,Português,concluído,Sim,ritmo demasiado rápido,s07__E1__baseline,1,16,s07,E1,linha de base,microsoft/DialoGPT-medium,42,11,3.818,Sim
P056,Português,concluído,Sim,ritmo demasiado rápido,s06__E2__pipeline,3,17,s06,E2,pipeline,facebook/blenderbot-400M-distill,51,15,3.400,Sim
P056,Português,concluído,Sim,ritmo demasiado rápido,s11__E2__baseline,1,18,s11,E2,linha de base,facebook/blenderbot-400M-distill,4,16,0.250,Sim
P056,Português,concluído,Sim,ritmo demasiado rápido,s08__E1__pipeline,1,19,s08,E1,pipeline,microsoft/DialoGPT-medium,3,10,0.300,Sim
P056,Português,concluído,Sim,ritmo demasiado rápido,s05__E2__pipeline,1,20,s05,E2,pipeline,facebook/blenderbot-400M-distill,2,15,0.133,Sim
P056,Português,concluído,Sim,ritmo demasiado rápido,s09__E3__pipeline,2,21,s09,E3,pipeline,microsoft/Phi-3-mini-4k-instruct,2,17,0.118,Sim
P056,Português,concluído,Sim,ritmo demasiado rápido,s01__E1__baseline,3,22,s01,E1,linha de base,microsoft/DialoGPT-medium,3,8,0.375,Sim
P056,Português,concluído,Sim,ritmo demasiado rápido,s12__E2__baseline,4,23,s12,E2,linha de base,facebook/blenderbot-400M-distill,2,20.5,0.098,Sim
P056,Português,concluído,Sim,ritmo demasiado rápido,s12__E3__pipeline,6,24,s12,E3,pipeline,microsoft/Phi-3-mini-4k-instruct,3,19,0.158,Sim
P057,Português,em curso,,,,,,,,,,,,,
P058,Português,em curso,,,,,,,,,,,,,
P059,Português,em curso,,,,,,,,,,,,,
P060,Português,em curso,,,s12__E2__baseline,3,1,s12,E2,linha de base,facebook/blenderbot-400M-distill,,20.5,,Não
P060,Português,em curso,,,s02__E4__pipeline,3,2,s02,E4,pipeline,Qwen/Qwen2.5-3B-Instruct,5,15,0.333,Não
P060,Português,em curso,,,s12__E2__pipeline,4,3,s12,E2,pipeline,facebook/blenderbot-400M-distill,31,20,1.550,Não
P060,Português,em curso,,,s03__E1__pipeline,2,4,s03,E1,pipeline,microsoft/DialoGPT-medium,22,11,2.000,Não
P060,Português,em curso,,,s05__E3__pipeline,5,5,s05,E3,pipeline,microsoft/Phi-3-mini-4k-instruct,21,18,1.167,Não
P060,Português,em curso,,,s11__E1__baseline,6,6,s11,E1,linha de base,microsoft/DialoGPT-medium,20,9,2.222,Não
P061,Português,em curso,,,,,,,,,,,,,
P062,Português,em curso,,,,,,,,,,,,,
P063,Português,concluído,Sim,,s05__E2__baseline,4,1,s05,E2,linha de base,facebook/blenderbot-400M-distill,,16,,Não
P063,Português,concluído,Sim,,s09__E1__pipeline,1,2,s09,E1,pipeline,microsoft/DialoGPT-medium,14,12,1.167,Não
P063,Português,concluído,Sim,,s06__E3__pipeline,7,3,s06,E3,pipeline,microsoft/Phi-3-mini-4k-instruct,31,18,1.722,Não
P063,Português,concluído,Sim,,s01__E2__baseline,7,4,s01,E2,linha de base,facebook/blenderbot-400M-distill,10,14,0.714,Não
P063,Português,concluído,Sim,,s08__E2__baseline,1,5,s08,E2,linha de base,facebook/blenderbot-400M-distill,21,14,1.500,Não
P063,Português,concluído,Sim,,s12__E4__baseline,7,6,s12,E4,linha de base,Qwen/Qwen2.5-3B-Instruct,23,20,1.150,Não
P063,Português,concluído,Sim,,s10__E3__pipeline,7,7,s10,E3,pipeline,microsoft/Phi-3-mini-4k-instruct,24,20,1.200,Não
P063,Português,concluído,Sim,,s02__E4__baseline,7,8,s02,E4,linha de base,Qwen/Qwen2.5-3B-Instruct,21,15,1.400,Não
P063,Português,concluído,Sim,,s01__E2__pipeline,4,9,s01,E2,pipeline,facebook/blenderbot-400M-distill,15,11.5,1.304,Não
P063,Português,concluído,Sim,,s02__E2__baseline,6,10,s02,E2,linha de base,facebook/blenderbot-400M-distill,11,15,0.733,Não
P063,Português,concluído,Sim,,s09__E1__baseline,1,11,s09,E1,linha de base,microsoft/DialoGPT-medium,10,11,0.909,Não
P063,Português,concluído,Sim,,s03__E1__pipeline,1,12,s03,E1,pipeline,microsoft/DialoGPT-medium,19,11,1.727,Não
P063,Português,concluído,Sim,,s06__E4__pipeline,7,13,s06,E4,pipeline,Qwen/Qwen2.5-3B-Instruct,13,13,1.000,Não
P063,Português,concluído,Sim,,s12__E4__pipeline,6,14,s12,E4,pipeline,Qwen/Qwen2.5-3B-Instruct,12,13,0.923,Não
P063,Português,concluído,Sim,,s12__E3__baseline,7,15,s12,E3,linha de base,microsoft/Phi-3-mini-4k-instruct,19,21,0.905,Não
P063,Português,concluído,Sim,,s05__E3__pipeline,7,16,s05,E3,pipeline,microsoft/Phi-3-mini-4k-instruct,18,18,1.000,Não
P063,Português,concluído,Sim,,s08__E3__baseline,7,17,s08,E3,linha de base,microsoft/Phi-3-mini-4k-instruct,15,15,1.000,Não
P063,Português,concluído,Sim,,s08__E1__baseline,1,18,s08,E1,linha de base,microsoft/DialoGPT-medium,5,6,0.833,Não
P063,Português,concluído,Sim,,s11__E4__pipeline,5,19,s11,E4,pipeline,Qwen/Qwen2.5-3B-Instruct,13,14.5,0.897,Não
P063,Português,concluído,Sim,,s05__E4__baseline,6,20,s05,E4,linha de base,Qwen/Qwen2.5-3B-Instruct,8,13.5,0.593,Não
P063,Português,concluído,Sim,,s03__E3__pipeline,6,21,s03,E3,pipeline,microsoft/Phi-3-mini-4k-instruct,29,15,1.933,Não
P063,Português,concluído,Sim,,s10__E4__baseline,6,22,s10,E4,linha de base,Qwen/Qwen2.5-3B-Instruct,10,13,0.769,Não
P063,Português,concluído,Sim,,s03__E4__baseline,5,23,s03,E4,linha de base,Qwen/Qwen2.5-3B-Instruct,10,13,0.769,Não
P063,Português,concluído,Sim,,s10__E2__pipeline,7,24,s10,E2,pipeline,facebook/blenderbot-400M-distill,10,11.5,0.870,Não
P064,Português,em curso,,,s03__E4__baseline,7,1,s03,E4,linha de base,Qwen/Qwen2.5-3B-Instruct,,13,,Não
P064,Português,em curso,,,s08__E2__baseline,3,2,s08,E2,linha de base,facebook/blenderbot-400M-distill,25,14,1.786,Não
P064,Português,em curso,,,s11__E2__baseline,2,3,s11,E2,linha de base,facebook/blenderbot-400M-distill,20,16,1.250,Não
P064,Português,em curso,,,s11__E4__pipeline,1,4,s11,E4,pipeline,Qwen/Qwen2.5-3B-Instruct,27,14.5,1.862,Não
P064,Português,em curso,,,s04__E2__pipeline,5,5,s04,E2,pipeline,facebook/blenderbot-400M-distill,19,14,1.357,Não
P065,Português,em curso,,,,,,,,,,,,,
P066,Português,em curso,,,,,,,,,,,,,
P067,Português,em curso,,,s04__E4__pipeline,6,1,s04,E4,pipeline,Qwen/Qwen2.5-3B-Instruct,,17.5,,Não
P067,Português,em curso,,,s01__E4__baseline,6,2,s01,E4,linha de base,Qwen/Qwen2.5-3B-Instruct,15,15.5,0.968,Não
P067,Português,em curso,,,s02__E3__pipeline,4,3,s02,E3,pipeline,microsoft/Phi-3-mini-4k-instruct,49,25.5,1.922,Não
P067,Português,em curso,,,s10__E3__baseline,5,4,s10,E3,linha de base,microsoft/Phi-3-mini-4k-instruct,19,19,1.000,Não
P068,Português,concluído,Sim,,s01__E3__baseline,7,1,s01,E3,linha de base,microsoft/Phi-3-mini-4k-instruct,,19,,Não
P068,Português,concluído,Sim,,s03__E2__pipeline,5,2,s03,E2,pipeline,facebook/blenderbot-400M-distill,16,14.5,1.103,Não
P068,Português,concluído,Sim,,s09__E4__pipeline,7,3,s09,E4,pipeline,Qwen/Qwen2.5-3B-Instruct,27,20,1.350,Não
P068,Português,concluído,Sim,,s11__E4__baseline,6,4,s11,E4,linha de base,Qwen/Qwen2.5-3B-Instruct,13,13,1.000,Não
P068,Português,concluído,Sim,,s06__E1__pipeline,2,5,s06,E1,pipeline,microsoft/DialoGPT-medium,10,10,1.000,Não
P068,Português,concluído,Sim,,s05__E3__baseline,6,6,s05,E3,linha de base,microsoft/Phi-3-mini-4k-instruct,29,24,1.208,Não
P068,Português,concluído,Sim,,s09__E2__baseline,4,7,s09,E2,linha de base,facebook/blenderbot-400M-distill,8,13.5,0.593,Não
P068,Português,concluído,Sim,,s12__E1__pipeline,3,8,s12,E1,pipeline,microsoft/DialoGPT-medium,10,12,0.833,Não
P068,Português,concluído,Sim,,s05__E1__pipeline,2,9,s05,E1,pipeline,microsoft/DialoGPT-medium,12,13.5,0.889,Não
P068,Português,concluído,Sim,,s06__E3__baseline,7,10,s06,E3,linha de base,microsoft/Phi-3-mini-4k-instruct,18,18,1.000,Não
P068,Português,concluído,Sim,,s05__E1__baseline,5,11,s05,E1,linha de base,microsoft/DialoGPT-medium,6,11,0.545,Não
P068,Português,concluído,Sim,,s08__E4__baseline,6,12,s08,E4,linha de base,Qwen/Qwen2.5-3B-Instruct,15,15,1.000,Não
P068,Português,concluído,Sim,,s04__E1__baseline,2,13,s04,E1,linha de base,microsoft/DialoGPT-medium,8,8,1.000,Não
P068,Português,concluído,Sim,,s07__E4__baseline,5,14,s07,E4,linha de base,Qwen/Qwen2.5-3B-Instruct,15,15.5,0.968,Não
P068,Português,concluído,Sim,,s03__E3__baseline,6,15,s03,E3,linha de base,microsoft/Phi-3-mini-4k-instruct,26,17,1.529,Não
P068,Português,concluído,Sim,,s10__E1__baseline,4,16,s10,E1,linha de base,microsoft/DialoGPT-medium,7,14,0.500,Não
P068,Português,concluído,Sim,,s04__E4__baseline,7,17,s04,E4,linha de base,Qwen/Qwen2.5-3B-Instruct,10,15,0.667,Não
P068,Português,concluído,Sim,,s07__E4__pipeline,6,18,s07,E4,pipeline,Qwen/Qwen2.5-3B-Instruct,9,18,0.500,Não
P068,Português,concluído,Sim,,s09__E4__baseline,5,19,s09,E4,linha de base,Qwen/Qwen2.5-3B-Instruct,14,20,0.700,Não
P068,Português,concluído,Sim,,s02__E3__baseline,7,20,s02,E3,linha de base,microsoft/Phi-3-mini-4k-instruct,24,22,1.091,Não
P068,Português,concluído,Sim,,s01__E4__baseline,5,21,s01,E4,linha de base,Qwen/Qwen2.5-3B-Instruct,17,15.5,1.097,Não
P068,Português,concluído,Sim,,s02__E1__baseline,1,22,s02,E1,linha de base,microsoft/DialoGPT-medium,4,11,0.364,Não
P068,Português,concluído,Sim,,s05__E4__pipeline,5,23,s05,E4,pipeline,Qwen/Qwen2.5-3B-Instruct,11,14,0.786,Não
P068,Português,concluído,Sim,,s10__E3__baseline,6,24,s10,E3,linha de base,microsoft/Phi-3-mini-4k-instruct,15,19,0.789,Não
P069,Português,em curso,,,s06__E3__baseline,7,1,s06,E3,linha de base,microsoft/Phi-3-mini-4k-instruct,,18,,
P070,Português,em curso,,,s11__E4__pipeline,4,1,s11,E4,pipeline,Qwen/Qwen2.5-3B-Instruct,,14.5,,Não
P070,Português,em curso,,,s06__E3__pipeline,6,2,s06,E3,pipeline,microsoft/Phi-3-mini-4k-instruct,8,18,0.444,Não
P070,Português,em curso,,,s07__E2__baseline,6,3,s07,E2,linha de base,facebook/blenderbot-400M-distill,9,15,0.600,Não
P070,Português,em curso,,,s07__E3__baseline,6,4,s07,E3,linha de base,microsoft/Phi-3-mini-4k-instruct,6,24,0.250,Não
P070,Português,em curso,,,s11__E3__baseline,5,5,s11,E3,linha de base,microsoft/Phi-3-mini-4k-instruct,6,20,0.300,Não
P070,Português,em curso,,,s05__E2__baseline,3,6,s05,E2,linha de base,facebook/blenderbot-400M-distill,4,16,0.250,Não
P070,Português,em curso,,,s04__E3__baseline,5,7,s04,E3,linha de base,microsoft/Phi-3-mini-4k-instruct,4,17,0.235,Não
P071,Português,em curso,,,,,,,,,,,,,
P072,Português,em curso,,,,,,,,,,,,,
P073,Português,em curso,,,,,,,,,,,,,
P074,Português,em curso,,,s07__E3__baseline,4,1,s07,E3,linha de base,microsoft/Phi-3-mini-4k-instruct,,24,,Não
P074,Português,em curso,,,s04__E1__pipeline,1,2,s04,E1,pipeline,microsoft/DialoGPT-medium,51,13,3.923,Não
P074,Português,em curso,,,s11__E3__pipeline,5,3,s11,E3,pipeline,microsoft/Phi-3-mini-4k-instruct,71,19,3.737,Não
P074,Português,em curso,,,s07__E2__pipeline,5,4,s07,E2,pipeline,facebook/blenderbot-400M-distill,22,20,1.100,Não
P074,Português,em curso,,,s01__E3__pipeline,5,5,s01,E3,pipeline,microsoft/Phi-3-mini-4k-instruct,37,19.5,1.897,Não
P074,Português,em curso,,,s07__E3__pipeline,6,6,s07,E3,pipeline,microsoft/Phi-3-mini-4k-instruct,24,16.5,1.455,Não
P074,Português,em curso,,,s04__E3__baseline,7,7,s04,E3,linha de base,microsoft/Phi-3-mini-4k-instruct,30,17,1.765,Não
P074,Português,em curso,,,s10__E2__baseline,4,8,s10,E2,linha de base,facebook/blenderbot-400M-distill,24,13.5,1.778,Não
P074,Português,em curso,,,s11__E1__pipeline,3,9,s11,E1,pipeline,microsoft/DialoGPT-medium,8,10,0.800,Não
P074,Português,em curso,,,s06__E1__baseline,3,10,s06,E1,linha de base,microsoft/DialoGPT-medium,31,16,1.938,Não
P074,Português,em curso,,,s09__E2__pipeline,5,11,s09,E2,pipeline,facebook/blenderbot-400M-distill,32,16,2.000,Não
P074,Português,em curso,,,s04__E3__pipeline,7,12,s04,E3,pipeline,microsoft/Phi-3-mini-4k-instruct,28,17,1.647,Não
P074,Português,em curso,,,s09__E3__baseline,7,13,s09,E3,linha de base,microsoft/Phi-3-mini-4k-instruct,38,26.5,1.434,Não
P074,Português,em curso,,,s10__E4__pipeline,6,14,s10,E4,pipeline,Qwen/Qwen2.5-3B-Instruct,32,18,1.778,Não
P074,Português,em curso,,,s03__E4__pipeline,5,15,s03,E4,pipeline,Qwen/Qwen2.5-3B-Instruct,33,22,1.500,Não
P074,Português,em curso,,,s06__E4__baseline,7,16,s06,E4,linha de base,Qwen/Qwen2.5-3B-Instruct,28,20,1.400,Não
P074,Português,em curso,,,s03__E2__baseline,3,17,s03,E2,linha de base,facebook/blenderbot-400M-distill,20,13,1.538,Não
P074,Português,em curso,,,s01__E1__pipeline,1,18,s01,E1,pipeline,microsoft/DialoGPT-medium,17,17,1.000,Não
P074,Português,em curso,,,s10__E1__pipeline,1,19,s10,E1,pipeline,microsoft/DialoGPT-medium,13,10,1.300,Não
P074,Português,em curso,,,s08__E4__pipeline,6,20,s08,E4,pipeline,Qwen/Qwen2.5-3B-Instruct,29,19.5,1.487,Não
P074,Português,em curso,,,s11__E3__baseline,5,21,s11,E3,linha de base,microsoft/Phi-3-mini-4k-instruct,29,20,1.450,Não
P074,Português,em curso,,,s01__E4__pipeline,6,22,s01,E4,pipeline,Qwen/Qwen2.5-3B-Instruct,21,25,0.840,Não
P074,Português,em curso,,,s11__E2__pipeline,2,23,s11,E2,pipeline,facebook/blenderbot-400M-distill,19,16,1.188,Não
P074,Português,em curso,,,s07__E2__baseline,5,24,s07,E2,linha de base,facebook/blenderbot-400M-distill,15,15,1.000,Não
P075,Português,em curso,,,,,,,,,,,,,
P076,Português,em curso,,,s09__E2__pipeline,6,1,s09,E2,pipeline,facebook/blenderbot-400M-distill,,16,,Não
P076,Português,em curso,,,s11__E2__pipeline,4,2,s11,E2,pipeline,facebook/blenderbot-400M-distill,26,16,1.625,Não
P076,Português,em curso,,,s03__E2__baseline,6,3,s03,E2,linha de base,facebook/blenderbot-400M-distill,21,13,1.615,Não
P076,Português,em curso,,,s12__E1__pipeline,4,4,s12,E1,pipeline,microsoft/DialoGPT-medium,19,12,1.583,Não
P076,Português,em curso,,,s01__E3__baseline,7,5,s01,E3,linha de base,microsoft/Phi-3-mini-4k-instruct,19,19,1.000,Não
P076,Português,em curso,,,s03__E3__baseline,7,6,s03,E3,linha de base,microsoft/Phi-3-mini-4k-instruct,15,17,0.882,Não
P076,Português,em curso,,,s06__E1__pipeline,1,7,s06,E1,pipeline,microsoft/DialoGPT-medium,16,10,1.600,Não
P076,Português,em curso,,,s11__E3__baseline,7,8,s11,E3,linha de base,microsoft/Phi-3-mini-4k-instruct,13,20,0.650,Não
P076,Português,em curso,,,s01__E3__pipeline,7,9,s01,E3,pipeline,microsoft/Phi-3-mini-4k-instruct,13,19.5,0.667,Não
P076,Português,em curso,,,s07__E3__pipeline,7,10,s07,E3,pipeline,microsoft/Phi-3-mini-4k-instruct,32,16.5,1.939,Não
P076,Português,em curso,,,s07__E2__baseline,6,11,s07,E2,linha de base,facebook/blenderbot-400M-distill,10,15,0.667,Não
P076,Português,em curso,,,s09__E4__pipeline,7,12,s09,E4,pipeline,Qwen/Qwen2.5-3B-Instruct,15,20,0.750,Não
P076,Português,em curso,,,s09__E3__baseline,7,13,s09,E3,linha de base,microsoft/Phi-3-mini-4k-instruct,13,26.5,0.491,Não
P076,Português,em curso,,,s06__E1__baseline,1,14,s06,E1,linha de base,microsoft/DialoGPT-medium,10,16,0.625,Não
P076,Português,em curso,,,s02__E3__baseline,7,15,s02,E3,linha de base,microsoft/Phi-3-mini-4k-instruct,35,22,1.591,Não
P076,Português,em curso,,,s05__E1__pipeline,2,16,s05,E1,pipeline,microsoft/DialoGPT-medium,12,13.5,0.889,Não
P076,Português,em curso,,,s04__E3__pipeline,7,17,s04,E3,pipeline,microsoft/Phi-3-mini-4k-instruct,21,17,1.235,Não
P076,Português,em curso,,,s04__E3__baseline,7,18,s04,E3,linha de base,microsoft/Phi-3-mini-4k-instruct,12,17,0.706,Não
P076,Português,em curso,,,s09__E2__baseline,6,19,s09,E2,linha de base,facebook/blenderbot-400M-distill,17,13.5,1.259,Não
P076,Português,em curso,,,s03__E2__pipeline,5,20,s03,E2,pipeline,facebook/blenderbot-400M-distill,9,14.5,0.621,Não
P076,Português,em curso,,,s07__E3__baseline,7,21,s07,E3,linha de base,microsoft/Phi-3-mini-4k-instruct,35,24,1.458,Não
P076,Português,em curso,,,s06__E3__baseline,7,22,s06,E3,linha de base,microsoft/Phi-3-mini-4k-instruct,13,18,0.722,Não
P076,Português,em curso,,,s10__E1__baseline,2,23,s10,E1,linha de base,microsoft/DialoGPT-medium,9,14,0.643,Não
P076,Português,em curso,,,s07__E4__pipeline,5,24,s07,E4,pipeline,Qwen/Qwen2.5-3B-Instruct,12,18,0.667,Não
P076,Português,em curso,,,s02__E1__pipeline,2,25,s02,E1,pipeline,microsoft/DialoGPT-medium,,10,,Não
P076,Português,em curso,,,s01__E1__pipeline,2,26,s01,E1,pipeline,microsoft/DialoGPT-medium,104,17,6.118,Não
P076,Português,em curso,,,s03__E4__pipeline,6,27,s03,E4,pipeline,Qwen/Qwen2.5-3B-Instruct,19,22,0.864,Não
P076,Português,em curso,,,s02__E2__pipeline,6,28,s02,E2,pipeline,facebook/blenderbot-400M-distill,15,13,1.154,Não
P076,Português,em curso,,,s08__E2__pipeline,6,29,s08,E2,pipeline,facebook/blenderbot-400M-distill,14,14,1.000,Não
P077,Português,em curso,,,,,,,,,,,,,
P078,Inglês,concluído,Sim,,s10__E3__pipeline,6,1,s10,E3,pipeline,microsoft/Phi-3-mini-4k-instruct,,20,,Não
P078,Inglês,concluído,Sim,,s02__E2__baseline,7,2,s02,E2,linha de base,facebook/blenderbot-400M-distill,14,15,0.933,Não
P078,Inglês,concluído,Sim,,s01__E2__pipeline,4,3,s01,E2,pipeline,facebook/blenderbot-400M-distill,9,11.5,0.783,Não
P078,Inglês,concluído,Sim,,s03__E3__pipeline,4,4,s03,E3,pipeline,microsoft/Phi-3-mini-4k-instruct,14,15,0.933,Não
P078,Inglês,concluído,Sim,,s05__E2__baseline,3,5,s05,E2,linha de base,facebook/blenderbot-400M-distill,17,16,1.063,Não
P078,Inglês,concluído,Sim,,s02__E4__baseline,4,6,s02,E4,linha de base,Qwen/Qwen2.5-3B-Instruct,8,15,0.533,Não
P078,Inglês,concluído,Sim,,s09__E1__baseline,2,7,s09,E1,linha de base,microsoft/DialoGPT-medium,19,11,1.727,Não
P078,Inglês,concluído,Sim,,s06__E4__pipeline,6,8,s06,E4,pipeline,Qwen/Qwen2.5-3B-Instruct,12,13,0.923,Não
P078,Inglês,concluído,Sim,,s08__E1__baseline,1,9,s08,E1,linha de base,microsoft/DialoGPT-medium,6,6,1.000,Não
P078,Inglês,concluído,Sim,,s03__E4__baseline,4,10,s03,E4,linha de base,Qwen/Qwen2.5-3B-Instruct,12,13,0.923,Não
P078,Inglês,concluído,Sim,,s12__E4__pipeline,5,11,s12,E4,pipeline,Qwen/Qwen2.5-3B-Instruct,13,13,1.000,Não
P078,Inglês,concluído,Sim,,s10__E2__pipeline,6,12,s10,E2,pipeline,facebook/blenderbot-400M-distill,10,11.5,0.870,Não
P078,Inglês,concluído,Sim,,s12__E4__baseline,5,13,s12,E4,linha de base,Qwen/Qwen2.5-3B-Instruct,9,20,0.450,Não
P078,Inglês,concluído,Sim,,s08__E2__baseline,3,14,s08,E2,linha de base,facebook/blenderbot-400M-distill,10,14,0.714,Não
P078,Inglês,concluído,Sim,,s11__E4__pipeline,5,15,s11,E4,pipeline,Qwen/Qwen2.5-3B-Instruct,9,14.5,0.621,Não
P078,Inglês,concluído,Sim,,s05__E4__baseline,6,16,s05,E4,linha de base,Qwen/Qwen2.5-3B-Instruct,16,13.5,1.185,Não
P078,Inglês,concluído,Sim,,s08__E3__baseline,7,17,s08,E3,linha de base,microsoft/Phi-3-mini-4k-instruct,12,15,0.800,Não
P078,Inglês,concluído,Sim,,s01__E2__baseline,4,18,s01,E2,linha de base,facebook/blenderbot-400M-distill,8,14,0.571,Não
P078,Inglês,concluído,Sim,,s05__E3__pipeline,6,19,s05,E3,pipeline,microsoft/Phi-3-mini-4k-instruct,9,18,0.500,Não
P078,Inglês,concluído,Sim,,s03__E1__pipeline,1,20,s03,E1,pipeline,microsoft/DialoGPT-medium,7,11,0.636,Não
P078,Inglês,concluído,Sim,,s09__E1__pipeline,1,21,s09,E1,pipeline,microsoft/DialoGPT-medium,4,12,0.333,Não
P078,Inglês,concluído,Sim,,s12__E3__baseline,6,22,s12,E3,linha de base,microsoft/Phi-3-mini-4k-instruct,17,21,0.810,Não
P078,Inglês,concluído,Sim,,s10__E4__baseline,5,23,s10,E4,linha de base,Qwen/Qwen2.5-3B-Instruct,12,13,0.923,Não
P078,Inglês,concluído,Sim,,s06__E3__pipeline,6,24,s06,E3,pipeline,microsoft/Phi-3-mini-4k-instruct,14,18,0.778,Não
P079,Português,concluído,Sim,,s03__E1__baseline,1,1,s03,E1,linha de base,microsoft/DialoGPT-medium,,14,,Não
P079,Português,concluído,Sim,,s09__E1__pipeline,1,2,s09,E1,pipeline,microsoft/DialoGPT-medium,30,12,2.500,Não
P079,Português,concluído,Sim,,s08__E2__baseline,5,3,s08,E2,linha de base,facebook/blenderbot-400M-distill,20,14,1.429,Não
P079,Português,concluído,Sim,,s09__E3__pipeline,7,4,s09,E3,pipeline,microsoft/Phi-3-mini-4k-instruct,13,17,0.765,Não
P079,Português,concluído,Sim,,s11__E2__baseline,4,5,s11,E2,linha de base,facebook/blenderbot-400M-distill,21,16,1.313,Não
P079,Português,concluído,Sim,,s12__E3__pipeline,7,6,s12,E3,pipeline,microsoft/Phi-3-mini-4k-instruct,19,19,1.000,Não
P079,Português,concluído,Sim,,s11__E4__pipeline,6,7,s11,E4,pipeline,Qwen/Qwen2.5-3B-Instruct,63,14.5,4.345,Não
P079,Português,concluído,Sim,,s10__E3__pipeline,7,8,s10,E3,pipeline,microsoft/Phi-3-mini-4k-instruct,22,20,1.100,Não
P079,Português,concluído,Sim,,s06__E2__baseline,5,9,s06,E2,linha de base,facebook/blenderbot-400M-distill,14,14,1.000,Não
P079,Português,concluído,Sim,,s08__E3__pipeline,7,10,s08,E3,pipeline,microsoft/Phi-3-mini-4k-instruct,130,21.5,6.047,Não
P079,Português,concluído,Sim,,s07__E1__pipeline,1,11,s07,E1,pipeline,microsoft/DialoGPT-medium,12,12,1.000,Não
P079,Português,concluído,Sim,,s12__E4__baseline,5,12,s12,E4,linha de base,Qwen/Qwen2.5-3B-Instruct,16,20,0.800,Não
P079,Português,concluído,Sim,,s05__E2__baseline,3,13,s05,E2,linha de base,facebook/blenderbot-400M-distill,16,16,1.000,Não
P079,Português,concluído,Sim,,s01__E1__baseline,1,14,s01,E1,linha de base,microsoft/DialoGPT-medium,5,8,0.625,Não
P079,Português,concluído,Sim,,s02__E4__baseline,5,15,s02,E4,linha de base,Qwen/Qwen2.5-3B-Instruct,9,15,0.600,Não
P079,Português,concluído,Sim,,s12__E1__baseline,1,16,s12,E1,linha de base,microsoft/DialoGPT-medium,3,10,0.300,Não
P079,Português,concluído,Sim,,s06__E2__pipeline,4,17,s06,E2,pipeline,facebook/blenderbot-400M-distill,19,15,1.267,Não
P079,Português,concluído,Sim,,s10__E2__pipeline,4,18,s10,E2,pipeline,facebook/blenderbot-400M-distill,9,11.5,0.783,Não
P079,Português,concluído,Sim,,s03__E4__baseline,6,19,s03,E4,linha de base,Qwen/Qwen2.5-3B-Instruct,13,13,1.000,Não
P079,Português,concluído,Sim,,s03__E3__pipeline,5,20,s03,E3,pipeline,microsoft/Phi-3-mini-4k-instruct,12,15,0.800,Não
P079,Português,concluído,Sim,,s08__E1__pipeline,1,21,s08,E1,pipeline,microsoft/DialoGPT-medium,2,10,0.200,Não
P079,Português,concluído,Sim,,s10__E4__baseline,6,22,s10,E4,linha de base,Qwen/Qwen2.5-3B-Instruct,11,13,0.846,Não
P079,Português,concluído,Sim,,s06__E3__pipeline,7,23,s06,E3,pipeline,microsoft/Phi-3-mini-4k-instruct,13,18,0.722,Não
P079,Português,concluído,Sim,,s04__E2__pipeline,5,24,s04,E2,pipeline,facebook/blenderbot-400M-distill,10,14,0.714,Não
P080,Português,concluído,Sim,,s08__E3__pipeline,7,1,s08,E3,pipeline,microsoft/Phi-3-mini-4k-instruct,,21.5,,Não
P080,Português,concluído,Sim,,s08__E4__pipeline,7,2,s08,E4,pipeline,Qwen/Qwen2.5-3B-Instruct,15,19.5,0.769,Não
P080,Português,concluído,Sim,,s06__E2__baseline,5,3,s06,E2,linha de base,facebook/blenderbot-400M-distill,14,14,1.000,Não
P080,Português,concluído,Sim,,s12__E1__baseline,2,4,s12,E1,linha de base,microsoft/DialoGPT-medium,29,10,2.900,Não
P080,Português,concluído,Sim,,s03__E1__baseline,1,5,s03,E1,linha de base,microsoft/DialoGPT-medium,187,14,13.357,Não
P080,Português,concluído,Sim,,s11__E3__pipeline,7,6,s11,E3,pipeline,microsoft/Phi-3-mini-4k-instruct,,19,,Não
P080,Português,concluído,Sim,,s06__E4__baseline,7,7,s06,E4,linha de base,Qwen/Qwen2.5-3B-Instruct,11,20,0.550,Não
P080,Português,concluído,Sim,,s10__E4__pipeline,7,8,s10,E4,pipeline,Qwen/Qwen2.5-3B-Instruct,95,18,5.278,Não
P080,Português,concluído,Sim,,s09__E3__pipeline,6,9,s09,E3,pipeline,microsoft/Phi-3-mini-4k-instruct,14,17,0.824,Não
P080,Português,concluído,Sim,,s04__E2__pipeline,5,10,s04,E2,pipeline,facebook/blenderbot-400M-distill,17,14,1.214,Não
P080,Português,concluído,Sim,,s03__E4__pipeline,7,11,s03,E4,pipeline,Qwen/Qwen2.5-3B-Instruct,177,22,8.045,Não
P080,Português,concluído,Sim,,s12__E3__pipeline,6,12,s12,E3,pipeline,microsoft/Phi-3-mini-4k-instruct,12,19,0.632,Não
P080,Português,concluído,Sim,,s11__E2__baseline,4,13,s11,E2,linha de base,facebook/blenderbot-400M-distill,11,16,0.688,Não
P080,Português,concluído,Sim,,s01__E4__pipeline,6,14,s01,E4,pipeline,Qwen/Qwen2.5-3B-Instruct,23,25,0.920,Não
P080,Português,concluído,Sim,,s10__E2__baseline,5,15,s10,E2,linha de base,facebook/blenderbot-400M-distill,12,13.5,0.889,Não
P080,Português,concluído,Sim,,s10__E1__pipeline,1,16,s10,E1,pipeline,microsoft/DialoGPT-medium,7,10,0.700,Não
P080,Português,concluído,Sim,,s11__E1__pipeline,1,17,s11,E1,pipeline,microsoft/DialoGPT-medium,6,10,0.600,Não
P080,Português,concluído,Sim,,s07__E2__pipeline,3,18,s07,E2,pipeline,facebook/blenderbot-400M-distill,12,20,0.600,Não
P080,Português,concluído,Sim,,s06__E2__pipeline,1,19,s06,E2,pipeline,facebook/blenderbot-400M-distill,10,15,0.667,Não
P080,Português,concluído,Sim,,s01__E1__pipeline,2,20,s01,E1,pipeline,microsoft/DialoGPT-medium,15,17,0.882,Não
P080,Português,concluído,Sim,,s04__E1__pipeline,1,21,s04,E1,pipeline,microsoft/DialoGPT-medium,11,13,0.846,Não
P080,Português,concluído,Sim,,s01__E1__baseline,1,22,s01,E1,linha de base,microsoft/DialoGPT-medium,4,8,0.500,Não
P080,Português,concluído,Sim,,s07__E1__pipeline,1,23,s07,E1,pipeline,microsoft/DialoGPT-medium,8,12,0.667,Não
P080,Português,concluído,Sim,,s08__E1__pipeline,1,24,s08,E1,pipeline,microsoft/DialoGPT-medium,6,10,0.600,Não
P081,Português,concluído,Sim,,s04__E4__pipeline,4,1,s04,E4,pipeline,Qwen/Qwen2.5-3B-Instruct,,17.5,,Não
P081,Português,concluído,Sim,,s02__E1__pipeline,1,2,s02,E1,pipeline,microsoft/DialoGPT-medium,11,10,1.100,Não
P081,Português,concluído,Sim,,s02__E2__pipeline,2,3,s02,E2,pipeline,facebook/blenderbot-400M-distill,8,13,0.615,Não
P081,Português,concluído,Sim,,s01__E1__pipeline,1,4,s01,E1,pipeline,microsoft/DialoGPT-medium,12,17,0.706,Não
P081,Português,concluído,Sim,,s02__E4__pipeline,7,5,s02,E4,pipeline,Qwen/Qwen2.5-3B-Instruct,16,15,1.067,Não
P081,Português,concluído,Sim,,s11__E1__pipeline,1,6,s11,E1,pipeline,microsoft/DialoGPT-medium,9,10,0.900,Não
P081,Português,concluído,Sim,,s03__E4__pipeline,6,7,s03,E4,pipeline,Qwen/Qwen2.5-3B-Instruct,19,22,0.864,Não
P081,Português,concluído,Sim,,s10__E2__baseline,6,8,s10,E2,linha de base,facebook/blenderbot-400M-distill,16,13.5,1.185,Não
P081,Português,concluído,Sim,,s11__E1__baseline,1,9,s11,E1,linha de base,microsoft/DialoGPT-medium,8,9,0.889,Não
P081,Português,concluído,Sim,,s01__E4__pipeline,5,10,s01,E4,pipeline,Qwen/Qwen2.5-3B-Instruct,30,25,1.200,Não
P081,Português,concluído,Sim,,s07__E1__baseline,1,11,s07,E1,linha de base,microsoft/DialoGPT-medium,3,11,0.273,Não
P081,Português,concluído,Sim,,s06__E4__baseline,5,12,s06,E4,linha de base,Qwen/Qwen2.5-3B-Instruct,32,20,1.600,Não
P081,Português,concluído,Sim,,s04__E2__baseline,5,13,s04,E2,linha de base,facebook/blenderbot-400M-distill,9,13,0.692,Não
P081,Português,concluído,Sim,,s11__E3__pipeline,7,14,s11,E3,pipeline,microsoft/Phi-3-mini-4k-instruct,12,19,0.632,Não
P081,Português,concluído,Sim,,s04__E1__pipeline,1,15,s04,E1,pipeline,microsoft/DialoGPT-medium,15,13,1.154,Não
P081,Português,concluído,Sim,,s10__E1__pipeline,1,16,s10,E1,pipeline,microsoft/DialoGPT-medium,7,10,0.700,Não
P081,Português,concluído,Sim,,s02__E3__pipeline,7,17,s02,E3,pipeline,microsoft/Phi-3-mini-4k-instruct,12,25.5,0.471,Não
P081,Português,concluído,Sim,,s05__E2__pipeline,5,18,s05,E2,pipeline,facebook/blenderbot-400M-distill,15,15,1.000,Não
P081,Português,concluído,Sim,,s10__E4__pipeline,6,19,s10,E4,pipeline,Qwen/Qwen2.5-3B-Instruct,18,18,1.000,Não
P081,Português,concluído,Sim,,s12__E2__pipeline,4,20,s12,E2,pipeline,facebook/blenderbot-400M-distill,17,20,0.850,Não
P081,Português,concluído,Sim,,s12__E2__baseline,4,21,s12,E2,linha de base,facebook/blenderbot-400M-distill,18,20.5,0.878,Não
P081,Português,concluído,Sim,,s08__E4__pipeline,6,22,s08,E4,pipeline,Qwen/Qwen2.5-3B-Instruct,26,19.5,1.333,Não
P081,Português,concluído,Sim,,s07__E2__pipeline,4,23,s07,E2,pipeline,facebook/blenderbot-400M-distill,100,20,5.000,Não
P081,Português,concluído,Sim,,s08__E2__pipeline,5,24,s08,E2,pipeline,facebook/blenderbot-400M-distill,7,14,0.500,Não
P082,Português,em curso,,,s08__E4__baseline,7,1,s08,E4,linha de base,Qwen/Qwen2.5-3B-Instruct,,15,,Não
P082,Português,em curso,,,s12__E2__pipeline,6,2,s12,E2,pipeline,facebook/blenderbot-400M-distill,18,20,0.900,Não
P083,Português,em curso,,,,,,,,,,,,,
P084,Português,concluído,Sim,,s02__E2__baseline,7,1,s02,E2,linha de base,facebook/blenderbot-400M-distill,,15,,Não
P084,Português,concluído,Sim,,s03__E1__pipeline,1,2,s03,E1,pipeline,microsoft/DialoGPT-medium,24,11,2.182,Não
P084,Português,concluído,Sim,,s08__E1__baseline,1,3,s08,E1,linha de base,microsoft/DialoGPT-medium,13,6,2.167,Não
P084,Português,concluído,Sim,,s09__E2__baseline,5,4,s09,E2,linha de base,facebook/blenderbot-400M-distill,18,13.5,1.333,Não
P084,Português,concluído,Sim,,s05__E3__pipeline,6,5,s05,E3,pipeline,microsoft/Phi-3-mini-4k-instruct,14,18,0.778,Não
P084,Português,concluído,Sim,,s09__E4__pipeline,7,6,s09,E4,pipeline,Qwen/Qwen2.5-3B-Instruct,13,20,0.650,Não
P084,Português,concluído,Sim,,s05__E1__pipeline,1,7,s05,E1,pipeline,microsoft/DialoGPT-medium,7,13.5,0.519,Não
P084,Português,concluído,Sim,,s12__E3__baseline,6,8,s12,E3,linha de base,microsoft/Phi-3-mini-4k-instruct,21,21,1.000,Não
P084,Português,concluído,Sim,,s09__E1__baseline,1,9,s09,E1,linha de base,microsoft/DialoGPT-medium,12,11,1.091,Não
P084,Português,concluído,Sim,,s10__E1__baseline,5,10,s10,E1,linha de base,microsoft/DialoGPT-medium,13,14,0.929,Não
P084,Português,concluído,Sim,,s12__E1__pipeline,2,11,s12,E1,pipeline,microsoft/DialoGPT-medium,12,12,1.000,Não
P084,Português,concluído,Sim,,s01__E2__baseline,6,12,s01,E2,linha de base,facebook/blenderbot-400M-distill,17,14,1.214,Não
P084,Português,concluído,Sim,,s03__E2__pipeline,6,13,s03,E2,pipeline,facebook/blenderbot-400M-distill,8,14.5,0.552,Não
P084,Português,concluído,Sim,,s12__E4__pipeline,6,14,s12,E4,pipeline,Qwen/Qwen2.5-3B-Instruct,9,13,0.692,Não
P084,Português,concluído,Sim,,s02__E3__baseline,6,15,s02,E3,linha de base,microsoft/Phi-3-mini-4k-instruct,16,22,0.727,Não
P084,Português,concluído,Sim,,s06__E3__baseline,6,16,s06,E3,linha de base,microsoft/Phi-3-mini-4k-instruct,13,18,0.722,Não
P084,Português,concluído,Sim,,s01__E2__pipeline,5,17,s01,E2,pipeline,facebook/blenderbot-400M-distill,13,11.5,1.130,Não
P084,Português,concluído,Sim,,s01__E3__baseline,6,18,s01,E3,linha de base,microsoft/Phi-3-mini-4k-instruct,16,19,0.842,Não
P084,Português,concluído,Sim,,s06__E4__pipeline,6,19,s06,E4,pipeline,Qwen/Qwen2.5-3B-Instruct,12,13,0.923,Não
P084,Português,concluído,Sim,,s08__E3__baseline,6,20,s08,E3,linha de base,microsoft/Phi-3-mini-4k-instruct,16,15,1.067,Não
P084,Português,concluído,Sim,,s06__E1__pipeline,1,21,s06,E1,pipeline,microsoft/DialoGPT-medium,5,10,0.500,Não
P084,Português,concluído,Sim,,s07__E4__pipeline,5,22,s07,E4,pipeline,Qwen/Qwen2.5-3B-Instruct,13,18,0.722,Não
P084,Português,concluído,Sim,,s05__E4__baseline,6,23,s05,E4,linha de base,Qwen/Qwen2.5-3B-Instruct,16,13.5,1.185,Não
P084,Português,concluído,Sim,,s03__E3__baseline,7,24,s03,E3,linha de base,microsoft/Phi-3-mini-4k-instruct,9,17,0.529,Não
P085,Português,concluído,Sim,,s02__E4__baseline,6,1,s02,E4,linha de base,Qwen/Qwen2.5-3B-Instruct,,15,,Não
P085,Português,concluído,Sim,,s04__E3__baseline,7,2,s04,E3,linha de base,microsoft/Phi-3-mini-4k-instruct,148,17,8.706,Não
P085,Português,concluído,Sim,,s09__E3__baseline,5,3,s09,E3,linha de base,microsoft/Phi-3-mini-4k-instruct,41,26.5,1.547,Não
P085,Português,concluído,Sim,,s11__E3__baseline,6,4,s11,E3,linha de base,microsoft/Phi-3-mini-4k-instruct,20,20,1.000,Não
P085,Português,concluído,Sim,,s09__E1__pipeline,1,5,s09,E1,pipeline,microsoft/DialoGPT-medium,31,12,2.583,Não
P085,Português,concluído,Sim,,s08__E2__baseline,2,6,s08,E2,linha de base,facebook/blenderbot-400M-distill,16,14,1.143,Não
P085,Português,concluído,Sim,,s07__E3__baseline,7,7,s07,E3,linha de base,microsoft/Phi-3-mini-4k-instruct,550,24,22.917,Não
P085,Português,concluído,Sim,,s11__E2__pipeline,4,8,s11,E2,pipeline,facebook/blenderbot-400M-distill,16,16,1.000,Não
P085,Português,concluído,Sim,,s11__E4__pipeline,5,9,s11,E4,pipeline,Qwen/Qwen2.5-3B-Instruct,11,14.5,0.759,Não
P085,Português,concluído,Sim,,s03__E3__pipeline,6,10,s03,E3,pipeline,microsoft/Phi-3-mini-4k-instruct,15,15,1.000,Não
P085,Português,concluído,Sim,,s01__E3__pipeline,7,11,s01,E3,pipeline,microsoft/Phi-3-mini-4k-instruct,9,19.5,0.462,Não
P085,Português,concluído,Sim,,s04__E3__pipeline,7,12,s04,E3,pipeline,microsoft/Phi-3-mini-4k-instruct,10,17,0.588,Não
P085,Português,concluído,Sim,,s10__E3__pipeline,7,13,s10,E3,pipeline,microsoft/Phi-3-mini-4k-instruct,64,20,3.200,Não
P085,Português,concluído,Sim,,s07__E2__baseline,5,14,s07,E2,linha de base,facebook/blenderbot-400M-distill,212,15,14.133,Não
P085,Português,concluído,Sim,,s12__E4__baseline,6,15,s12,E4,linha de base,Qwen/Qwen2.5-3B-Instruct,15,20,0.750,Não
P085,Português,concluído,Sim,,s10__E4__baseline,6,16,s10,E4,linha de base,Qwen/Qwen2.5-3B-Instruct,12,13,0.923,Não
P085,Português,concluído,Sim,,s07__E3__pipeline,7,17,s07,E3,pipeline,microsoft/Phi-3-mini-4k-instruct,11,16.5,0.667,Não
P085,Português,concluído,Sim,,s03__E4__baseline,7,18,s03,E4,linha de base,Qwen/Qwen2.5-3B-Instruct,10,13,0.769,Não
P085,Português,concluído,Sim,,s09__E2__pipeline,7,19,s09,E2,pipeline,facebook/blenderbot-400M-distill,9,16,0.563,Não
P085,Português,concluído,Sim,,s10__E2__pipeline,7,20,s10,E2,pipeline,facebook/blenderbot-400M-distill,11,11.5,0.957,Não
P085,Português,concluído,Sim,,s06__E3__pipeline,7,21,s06,E3,pipeline,microsoft/Phi-3-mini-4k-instruct,14,18,0.778,Não
P085,Português,concluído,Sim,,s06__E1__baseline,1,22,s06,E1,linha de base,microsoft/DialoGPT-medium,8,16,0.500,Não
P085,Português,concluído,Sim,,s05__E2__baseline,1,23,s05,E2,linha de base,facebook/blenderbot-400M-distill,9,16,0.563,Não
P085,Português,concluído,Sim,,s03__E2__baseline,6,24,s03,E2,linha de base,facebook/blenderbot-400M-distill,6,13,0.462,Não
P085,Português,concluído,Sim,,s10__E1__baseline,4,25,s10,E1,linha de base,microsoft/DialoGPT-medium,406,14,29.000,Não
P085,Português,concluído,Sim,,s04__E2__pipeline,5,26,s04,E2,pipeline,facebook/blenderbot-400M-distill,8,14,0.571,Não
P085,Português,concluído,Sim,,s05__E1__baseline,5,27,s05,E1,linha de base,microsoft/DialoGPT-medium,9,11,0.818,Não
P085,Português,concluído,Sim,,s02__E4__pipeline,5,28,s02,E4,pipeline,Qwen/Qwen2.5-3B-Instruct,,15,,Não
P086,Português,em curso,,,,,,,,,,,,,
P087,Português,concluído,Sim,,s10__E1__pipeline,1,1,s10,E1,pipeline,microsoft/DialoGPT-medium,,10,,Não
P087,Português,concluído,Sim,,s06__E4__baseline,5,2,s06,E4,linha de base,Qwen/Qwen2.5-3B-Instruct,40,20,2.000,Não
P087,Português,concluído,Sim,,s05__E1__baseline,2,3,s05,E1,linha de base,microsoft/DialoGPT-medium,26,11,2.364,Não
P087,Português,concluído,Sim,,s10__E3__baseline,7,4,s10,E3,linha de base,microsoft/Phi-3-mini-4k-instruct,31,19,1.632,Não
P087,Português,concluído,Sim,,s08__E4__pipeline,7,5,s08,E4,pipeline,Qwen/Qwen2.5-3B-Instruct,26,19.5,1.333,Não
P087,Português,concluído,Sim,,s04__E1__baseline,1,6,s04,E1,linha de base,microsoft/DialoGPT-medium,8,8,1.000,Não
P087,Português,concluído,Sim,,s09__E4__baseline,5,7,s09,E4,linha de base,Qwen/Qwen2.5-3B-Instruct,27,20,1.350,Não
P087,Português,concluído,Sim,,s11__E3__pipeline,7,8,s11,E3,pipeline,microsoft/Phi-3-mini-4k-instruct,12,19,0.632,Não
P087,Português,concluído,Sim,,s02__E1__baseline,4,9,s02,E1,linha de base,microsoft/DialoGPT-medium,16,11,1.455,Não
P087,Português,concluído,Sim,,s08__E4__baseline,6,10,s08,E4,linha de base,Qwen/Qwen2.5-3B-Instruct,,15,,Não
P087,Português,concluído,Sim,,s10__E2__baseline,7,11,s10,E2,linha de base,facebook/blenderbot-400M-distill,10,13.5,0.741,Não
P087,Português,concluído,Sim,,s04__E4__baseline,7,12,s04,E4,linha de base,Qwen/Qwen2.5-3B-Instruct,13,15,0.867,Não
P087,Português,concluído,Sim,,s03__E4__pipeline,7,13,s03,E4,pipeline,Qwen/Qwen2.5-3B-Instruct,26,22,1.182,Não
P087,Português,concluído,Sim,,s07__E2__pipeline,3,14,s07,E2,pipeline,facebook/blenderbot-400M-distill,9,20,0.450,Não
P087,Português,concluído,Sim,,s11__E4__baseline,5,15,s11,E4,linha de base,Qwen/Qwen2.5-3B-Instruct,17,13,1.308,Não
P087,Português,concluído,Sim,,s01__E1__pipeline,1,16,s01,E1,pipeline,microsoft/DialoGPT-medium,9,17,0.529,Não
P087,Português,concluído,Sim,,s11__E1__pipeline,1,17,s11,E1,pipeline,microsoft/DialoGPT-medium,3,10,0.300,Não
P087,Português,concluído,Sim,,s04__E1__pipeline,1,18,s04,E1,pipeline,microsoft/DialoGPT-medium,3,13,0.231,Não
P087,Português,concluído,Sim,,s05__E3__baseline,7,19,s05,E3,linha de base,microsoft/Phi-3-mini-4k-instruct,26,24,1.083,Não
P087,Português,concluído,Sim,,s07__E4__baseline,6,20,s07,E4,linha de base,Qwen/Qwen2.5-3B-Instruct,7,15.5,0.452,Não
P087,Português,concluído,Sim,,s05__E4__pipeline,6,21,s05,E4,pipeline,Qwen/Qwen2.5-3B-Instruct,10,14,0.714,Não
P087,Português,concluído,Sim,,s01__E4__pipeline,5,22,s01,E4,pipeline,Qwen/Qwen2.5-3B-Instruct,6,25,0.240,Não
P087,Português,concluído,Sim,,s10__E4__pipeline,4,23,s10,E4,pipeline,Qwen/Qwen2.5-3B-Instruct,22,18,1.222,Não
P087,Português,concluído,Sim,,s01__E4__baseline,5,24,s01,E4,linha de base,Qwen/Qwen2.5-3B-Instruct,13,15.5,0.839,Não
P088,Português,concluído,Sim,,s03__E1__baseline,1,1,s03,E1,linha de base,microsoft/DialoGPT-medium,,14,,Não
P088,Português,concluído,Sim,,s08__E3__pipeline,7,2,s08,E3,pipeline,microsoft/Phi-3-mini-4k-instruct,35,21.5,1.628,Não
P088,Português,concluído,Sim,,s01__E3__baseline,6,3,s01,E3,linha de base,microsoft/Phi-3-mini-4k-instruct,28,19,1.474,Não
P088,Português,concluído,Sim,,s09__E4__pipeline,7,4,s09,E4,pipeline,Qwen/Qwen2.5-3B-Instruct,136,20,6.800,Não
P088,Português,concluído,Sim,,s07__E4__pipeline,5,5,s07,E4,pipeline,Qwen/Qwen2.5-3B-Instruct,34,18,1.889,Não
P088,Português,concluído,Sim,,s12__E3__pipeline,7,6,s12,E3,pipeline,microsoft/Phi-3-mini-4k-instruct,,19,,Não
P088,Português,concluído,Sim,,s07__E1__pipeline,1,7,s07,E1,pipeline,microsoft/DialoGPT-medium,15,12,1.250,Não
P088,Português,concluído,Sim,,s12__E1__pipeline,1,8,s12,E1,pipeline,microsoft/DialoGPT-medium,14,12,1.167,Não
P088,Português,concluído,Sim,,s06__E3__baseline,7,9,s06,E3,linha de base,microsoft/Phi-3-mini-4k-instruct,55,18,3.056,Não
P088,Português,concluído,Sim,,s05__E1__pipeline,1,10,s05,E1,pipeline,microsoft/DialoGPT-medium,28,13.5,2.074,Não
P088,Português,concluído,Sim,,s11__E2__baseline,2,11,s11,E2,linha de base,facebook/blenderbot-400M-distill,13,16,0.813,Não
P088,Português,concluído,Sim,,s06__E2__baseline,1,12,s06,E2,linha de base,facebook/blenderbot-400M-distill,15,14,1.071,Não
P088,Português,concluído,Sim,,s02__E3__baseline,7,13,s02,E3,linha de base,microsoft/Phi-3-mini-4k-instruct,30,22,1.364,Não
P088,Português,concluído,Sim,,s03__E3__baseline,7,14,s03,E3,linha de base,microsoft/Phi-3-mini-4k-instruct,41,17,2.412,Não
P088,Português,concluído,Sim,,s08__E1__pipeline,1,15,s08,E1,pipeline,microsoft/DialoGPT-medium,8,10,0.800,Não
P088,Português,concluído,Sim,,s06__E2__pipeline,1,16,s06,E2,pipeline,facebook/blenderbot-400M-distill,11,15,0.733,Não
P088,Português,concluído,Sim,,s09__E2__baseline,3,17,s09,E2,linha de base,facebook/blenderbot-400M-distill,18,13.5,1.333,Não
P088,Português,concluído,Sim,,s01__E1__baseline,1,18,s01,E1,linha de base,microsoft/DialoGPT-medium,11,8,1.375,Não
P088,Português,concluído,Sim,,s04__E2__pipeline,5,19,s04,E2,pipeline,facebook/blenderbot-400M-distill,19,14,1.357,Não
P088,Português,concluído,Sim,,s10__E1__baseline,3,20,s10,E1,linha de base,microsoft/DialoGPT-medium,14,14,1.000,Não
P088,Português,concluído,Sim,,s03__E2__pipeline,1,21,s03,E2,pipeline,facebook/blenderbot-400M-distill,22,14.5,1.517,Não
P088,Português,concluído,Sim,,s12__E1__baseline,1,22,s12,E1,linha de base,microsoft/DialoGPT-medium,9,10,0.900,Não
P088,Português,concluído,Sim,,s06__E1__pipeline,1,23,s06,E1,pipeline,microsoft/DialoGPT-medium,9,10,0.900,Não
P088,Português,concluído,Sim,,s09__E3__pipeline,7,24,s09,E3,pipeline,microsoft/Phi-3-mini-4k-instruct,17,17,1.000,Não
P088,Português,concluído,Sim,,s05__E2__baseline,5,25,s05,E2,linha de base,facebook/blenderbot-400M-distill,75,16,4.688,Não
P088,Português,concluído,Sim,,s09__E3__baseline,7,26,s09,E3,linha de base,microsoft/Phi-3-mini-4k-instruct,33,26.5,1.245,Não
P088,Português,concluído,Sim,,s04__E4__pipeline,7,27,s04,E4,pipeline,Qwen/Qwen2.5-3B-Instruct,16,17.5,0.914,Não
P088,Português,concluído,Sim,,s08__E1__baseline,1,28,s08,E1,linha de base,microsoft/DialoGPT-medium,6,6,1.000,Não
P088,Português,concluído,Sim,,s11__E4__baseline,5,29,s11,E4,linha de base,Qwen/Qwen2.5-3B-Instruct,23,13,1.769,Não
P088,Português,concluído,Sim,,s04__E3__pipeline,6,30,s04,E3,pipeline,microsoft/Phi-3-mini-4k-instruct,38,17,2.235,Não
P088,Português,concluído,Sim,,s05__E3__pipeline,7,31,s05,E3,pipeline,microsoft/Phi-3-mini-4k-instruct,34,18,1.889,Não
P088,Português,concluído,Sim,,s11__E4__pipeline,4,32,s11,E4,pipeline,Qwen/Qwen2.5-3B-Instruct,16,14.5,1.103,Não
P088,Português,concluído,Sim,,s10__E4__pipeline,5,33,s10,E4,pipeline,Qwen/Qwen2.5-3B-Instruct,19,18,1.056,Não
P088,Português,concluído,Sim,,s07__E2__baseline,3,34,s07,E2,linha de base,facebook/blenderbot-400M-distill,12,15,0.800,Não
P088,Português,concluído,Sim,,s07__E4__baseline,6,35,s07,E4,linha de base,Qwen/Qwen2.5-3B-Instruct,19,15.5,1.226,Não
P088,Português,concluído,Sim,,s09__E1__baseline,1,36,s09,E1,linha de base,microsoft/DialoGPT-medium,7,11,0.636,Não
P088,Português,concluído,Sim,,s11__E1__pipeline,1,37,s11,E1,pipeline,microsoft/DialoGPT-medium,5,10,0.500,Não
P088,Português,concluído,Sim,,s02__E3__pipeline,6,38,s02,E3,pipeline,microsoft/Phi-3-mini-4k-instruct,22,25.5,0.863,Não
P088,Português,concluído,Sim,,s12__E3__baseline,6,39,s12,E3,linha de base,microsoft/Phi-3-mini-4k-instruct,26,21,1.238,Não
P088,Português,concluído,Sim,,s12__E2__pipeline,3,40,s12,E2,pipeline,facebook/blenderbot-400M-distill,13,20,0.650,Não
P088,Português,concluído,Sim,,s10__E2__baseline,4,41,s10,E2,linha de base,facebook/blenderbot-400M-distill,14,13.5,1.037,Não
P088,Português,concluído,Sim,,s08__E4__baseline,6,42,s08,E4,linha de base,Qwen/Qwen2.5-3B-Instruct,109,15,7.267,Não
P088,Português,concluído,Sim,,s01__E3__pipeline,3,43,s01,E3,pipeline,microsoft/Phi-3-mini-4k-instruct,20,19.5,1.026,Não
P088,Português,concluído,Sim,,s07__E3__pipeline,2,44,s07,E3,pipeline,microsoft/Phi-3-mini-4k-instruct,33,16.5,2.000,Não
P088,Português,concluído,Sim,,s05__E2__pipeline,2,45,s05,E2,pipeline,facebook/blenderbot-400M-distill,14,15,0.933,Não
P088,Português,concluído,Sim,,s03__E4__pipeline,5,46,s03,E4,pipeline,Qwen/Qwen2.5-3B-Instruct,326,22,14.818,Não
P088,Português,concluído,Sim,,s11__E2__pipeline,1,47,s11,E2,pipeline,facebook/blenderbot-400M-distill,6,16,0.375,Não
P088,Português,concluído,Sim,,s02__E1__pipeline,1,48,s02,E1,pipeline,microsoft/DialoGPT-medium,7,10,0.700,Não
P088,Português,concluído,Sim,,s10__E2__pipeline,5,49,s10,E2,pipeline,facebook/blenderbot-400M-distill,18,11.5,1.565,Não
P088,Português,concluído,Sim,,s09__E2__pipeline,2,50,s09,E2,pipeline,facebook/blenderbot-400M-distill,15,16,0.938,Não
P088,Português,concluído,Sim,,s04__E2__baseline,3,51,s04,E2,linha de base,facebook/blenderbot-400M-distill,12,13,0.923,Não
P088,Português,concluído,Sim,,s02__E4__pipeline,3,52,s02,E4,pipeline,Qwen/Qwen2.5-3B-Instruct,27,15,1.800,Não
P088,Português,concluído,Sim,,s10__E1__pipeline,1,53,s10,E1,pipeline,microsoft/DialoGPT-medium,3,10,0.300,Não
P088,Português,concluído,Sim,,s06__E3__pipeline,7,54,s06,E3,pipeline,microsoft/Phi-3-mini-4k-instruct,25,18,1.389,Não
P088,Português,concluído,Sim,,s05__E4__pipeline,3,55,s05,E4,pipeline,Qwen/Qwen2.5-3B-Instruct,12,14,0.857,Não
P088,Português,concluído,Sim,,s12__E2__baseline,1,56,s12,E2,linha de base,facebook/blenderbot-400M-distill,7,20.5,0.341,Não
P088,Português,concluído,Sim,,s03__E2__baseline,3,57,s03,E2,linha de base,facebook/blenderbot-400M-distill,11,13,0.846,Não
P088,Português,concluído,Sim,,s11__E3__baseline,7,58,s11,E3,linha de base,microsoft/Phi-3-mini-4k-instruct,28,20,1.400,Não
P088,Português,concluído,Sim,,s07__E1__baseline,1,59,s07,E1,linha de base,microsoft/DialoGPT-medium,3,11,0.273,Não
P088,Português,concluído,Sim,,s08__E3__baseline,7,60,s08,E3,linha de base,microsoft/Phi-3-mini-4k-instruct,27,15,1.800,Não
P088,Português,concluído,Sim,,s08__E4__pipeline,2,61,s08,E4,pipeline,Qwen/Qwen2.5-3B-Instruct,11,19.5,0.564,Não
P088,Português,concluído,Sim,,s07__E2__pipeline,2,62,s07,E2,pipeline,facebook/blenderbot-400M-distill,18,20,0.900,Não
P088,Português,concluído,Sim,,s01__E4__pipeline,7,63,s01,E4,pipeline,Qwen/Qwen2.5-3B-Instruct,14,25,0.560,Não
P088,Português,concluído,Sim,,s05__E1__baseline,2,64,s05,E1,linha de base,microsoft/DialoGPT-medium,8,11,0.727,Não
P088,Português,concluído,Sim,,s04__E3__baseline,6,65,s04,E3,linha de base,microsoft/Phi-3-mini-4k-instruct,22,17,1.294,Não
P088,Português,concluído,Sim,,s05__E3__baseline,7,66,s05,E3,linha de base,microsoft/Phi-3-mini-4k-instruct,37,24,1.542,Não
P088,Português,concluído,Sim,,s08__E2__pipeline,3,67,s08,E2,pipeline,facebook/blenderbot-400M-distill,14,14,1.000,Não
P088,Português,concluído,Sim,,s12__E4__baseline,6,68,s12,E4,linha de base,Qwen/Qwen2.5-3B-Instruct,30,20,1.500,Não
P088,Português,concluído,Sim,,s02__E2__baseline,2,69,s02,E2,linha de base,facebook/blenderbot-400M-distill,16,15,1.067,Não
P088,Português,concluído,Sim,,s04__E4__baseline,7,70,s04,E4,linha de base,Qwen/Qwen2.5-3B-Instruct,17,15,1.133,Não
P088,Português,concluído,Sim,,s02__E4__baseline,2,71,s02,E4,linha de base,Qwen/Qwen2.5-3B-Instruct,22,15,1.467,Não
P089,Português,em curso,,,s10__E2__baseline,5,1,s10,E2,linha de base,facebook/blenderbot-400M-distill,,13.5,,
P090,Português,em curso,,,s05__E3__pipeline,5,1,s05,E3,pipeline,microsoft/Phi-3-mini-4k-instruct,,18,,
P091,Português,em curso,,,s06__E1__pipeline,4,1,s06,E1,pipeline,microsoft/DialoGPT-medium,,10,,
P092,Português,em curso,,,,,,,,,,,,,
P093,Português,concluído,Sim,,s06__E4__pipeline,7,1,s06,E4,pipeline,Qwen/Qwen2.5-3B-Instruct,,13,,Não
P093,Português,concluído,Sim,,s09__E1__baseline,1,2,s09,E1,linha de base,microsoft/DialoGPT-medium,14,11,1.273,Não
P093,Português,concluído,Sim,,s02__E4__baseline,6,3,s02,E4,linha de base,Qwen/Qwen2.5-3B-Instruct,18,15,1.200,Não
P093,Português,concluído,Sim,,s05__E4__baseline,6,4,s05,E4,linha de base,Qwen/Qwen2.5-3B-Instruct,27,13.5,2.000,Não
P093,Português,concluído,Sim,,s01__E2__pipeline,5,5,s01,E2,pipeline,facebook/blenderbot-400M-distill,21,11.5,1.826,Não
P093,Português,concluído,Sim,,s12__E4__baseline,5,6,s12,E4,linha de base,Qwen/Qwen2.5-3B-Instruct,23,20,1.150,Não
P093,Português,concluído,Sim,,s08__E2__baseline,3,7,s08,E2,linha de base,facebook/blenderbot-400M-distill,20,14,1.429,Não
P093,Português,concluído,Sim,,s08__E3__baseline,6,8,s08,E3,linha de base,microsoft/Phi-3-mini-4k-instruct,41,15,2.733,Não
P093,Português,concluído,Sim,,s06__E3__pipeline,6,9,s06,E3,pipeline,microsoft/Phi-3-mini-4k-instruct,23,18,1.278,Não
P093,Português,concluído,Sim,,s02__E2__baseline,4,10,s02,E2,linha de base,facebook/blenderbot-400M-distill,16,15,1.067,Não
P093,Português,concluído,Sim,,s05__E2__baseline,4,11,s05,E2,linha de base,facebook/blenderbot-400M-distill,2,16,0.125,Não
P093,Português,concluído,Sim,,s08__E1__baseline,1,12,s08,E1,linha de base,microsoft/DialoGPT-medium,9,6,1.500,Não
P093,Português,concluído,Sim,,s05__E3__pipeline,6,13,s05,E3,pipeline,microsoft/Phi-3-mini-4k-instruct,18,18,1.000,Não
P093,Português,concluído,Sim,,s03__E4__baseline,6,14,s03,E4,linha de base,Qwen/Qwen2.5-3B-Instruct,13,13,1.000,Não
P093,Português,concluído,Sim,,s09__E1__pipeline,1,15,s09,E1,pipeline,microsoft/DialoGPT-medium,8,12,0.667,Não
P093,Português,concluído,Sim,,s10__E3__pipeline,6,16,s10,E3,pipeline,microsoft/Phi-3-mini-4k-instruct,17,20,0.850,Não
P093,Português,concluído,Sim,,s03__E3__pipeline,6,17,s03,E3,pipeline,microsoft/Phi-3-mini-4k-instruct,11,15,0.733,Não
P093,Português,concluído,Sim,,s10__E4__baseline,5,18,s10,E4,linha de base,Qwen/Qwen2.5-3B-Instruct,16,13,1.231,Não
P093,Português,concluído,Sim,,s12__E3__baseline,5,19,s12,E3,linha de base,microsoft/Phi-3-mini-4k-instruct,21,21,1.000,Não
P093,Português,concluído,Sim,,s10__E2__pipeline,4,20,s10,E2,pipeline,facebook/blenderbot-400M-distill,10,11.5,0.870,Não
P093,Português,concluído,Sim,,s03__E1__pipeline,1,21,s03,E1,pipeline,microsoft/DialoGPT-medium,9,11,0.818,Não
P093,Português,concluído,Sim,,s01__E2__baseline,4,22,s01,E2,linha de base,facebook/blenderbot-400M-distill,14,14,1.000,Não
P093,Português,concluído,Sim,,s11__E4__pipeline,7,23,s11,E4,pipeline,Qwen/Qwen2.5-3B-Instruct,19,14.5,1.310,Não
P093,Português,concluído,Sim,,s12__E4__pipeline,7,24,s12,E4,pipeline,Qwen/Qwen2.5-3B-Instruct,12,13,0.923,Não
P094,Português,em curso,,,,,,,,,,,,,
P095,Português,em curso,,,s12__E3__pipeline,7,1,s12,E3,pipeline,microsoft/Phi-3-mini-4k-instruct,,19,,Não
P095,Português,em curso,,,s06__E2__pipeline,3,2,s06,E2,pipeline,facebook/blenderbot-400M-distill,27,15,1.800,Não
P096,Português,em curso,,,,,,,,,,,,,
P097,Inglês,em curso,,,,,,,,,,,,,
P098,Inglês,concluído,Sim,,s03__E2__pipeline,4,1,s03,E2,pipeline,facebook/blenderbot-400M-distill,,14.5,,Não
P098,Inglês,concluído,Sim,,s10__E1__baseline,3,2,s10,E1,linha de base,microsoft/DialoGPT-medium,9,14,0.643,Não
P098,Inglês,concluído,Sim,,s03__E3__baseline,6,3,s03,E3,linha de base,microsoft/Phi-3-mini-4k-instruct,17,17,1.000,Não
P098,Inglês,concluído,Sim,,s01__E4__baseline,5,4,s01,E4,linha de base,Qwen/Qwen2.5-3B-Instruct,14,15.5,0.903,Não
P098,Inglês,concluído,Sim,,s09__E2__baseline,2,5,s09,E2,linha de base,facebook/blenderbot-400M-distill,8,13.5,0.593,Não
P098,Inglês,concluído,Sim,,s05__E1__baseline,2,6,s05,E1,linha de base,microsoft/DialoGPT-medium,11,11,1.000,Não
P098,Inglês,concluído,Sim,,s10__E3__baseline,7,7,s10,E3,linha de base,microsoft/Phi-3-mini-4k-instruct,17,19,0.895,Não
P098,Inglês,concluído,Sim,,s07__E4__baseline,5,8,s07,E4,linha de base,Qwen/Qwen2.5-3B-Instruct,16,15.5,1.032,Não
P098,Inglês,concluído,Sim,,s02__E3__baseline,6,9,s02,E3,linha de base,microsoft/Phi-3-mini-4k-instruct,17,22,0.773,Não
P098,Inglês,concluído,Sim,,s04__E1__baseline,1,10,s04,E1,linha de base,microsoft/DialoGPT-medium,8,8,1.000,Não
P098,Inglês,concluído,Sim,,s07__E4__pipeline,3,11,s07,E4,pipeline,Qwen/Qwen2.5-3B-Instruct,11,18,0.611,Não
P098,Inglês,concluído,Sim,,s02__E1__baseline,1,12,s02,E1,linha de base,microsoft/DialoGPT-medium,5,11,0.455,Não
P098,Inglês,concluído,Sim,,s09__E4__baseline,5,13,s09,E4,linha de base,Qwen/Qwen2.5-3B-Instruct,12,20,0.600,Não
P098,Inglês,concluído,Sim,,s06__E1__pipeline,1,14,s06,E1,pipeline,microsoft/DialoGPT-medium,7,10,0.700,Não
P098,Inglês,concluído,Sim,,s11__E4__baseline,4,15,s11,E4,linha de base,Qwen/Qwen2.5-3B-Instruct,12,13,0.923,Não
P098,Inglês,concluído,Sim,,s04__E4__baseline,4,16,s04,E4,linha de base,Qwen/Qwen2.5-3B-Instruct,11,15,0.733,Não
P098,Inglês,concluído,Sim,,s01__E3__baseline,7,17,s01,E3,linha de base,microsoft/Phi-3-mini-4k-instruct,18,19,0.947,Não
P098,Inglês,concluído,Sim,,s05__E1__pipeline,1,18,s05,E1,pipeline,microsoft/DialoGPT-medium,9,13.5,0.667,Não
P098,Inglês,concluído,Sim,,s12__E1__pipeline,1,19,s12,E1,pipeline,microsoft/DialoGPT-medium,7,12,0.583,Não
P098,Inglês,concluído,Sim,,s05__E3__baseline,6,20,s05,E3,linha de base,microsoft/Phi-3-mini-4k-instruct,21,24,0.875,Não
P098,Inglês,concluído,Sim,,s05__E4__pipeline,6,21,s05,E4,pipeline,Qwen/Qwen2.5-3B-Instruct,14,14,1.000,Não
P098,Inglês,concluído,Sim,,s08__E4__baseline,5,22,s08,E4,linha de base,Qwen/Qwen2.5-3B-Instruct,15,15,1.000,Não
P098,Inglês,concluído,Sim,,s06__E3__baseline,5,23,s06,E3,linha de base,microsoft/Phi-3-mini-4k-instruct,15,18,0.833,Não
P098,Inglês,concluído,Sim,,s09__E4__pipeline,4,24,s09,E4,pipeline,Qwen/Qwen2.5-3B-Instruct,12,20,0.600,Não
P098,Inglês,concluído,Sim,,s02__E2__baseline,3,25,s02,E2,linha de base,facebook/blenderbot-400M-distill,22,15,1.467,Não
P098,Inglês,concluído,Sim,,s07__E2__pipeline,4,26,s07,E2,pipeline,facebook/blenderbot-400M-distill,20,20,1.000,Não
P098,Inglês,concluído,Sim,,s03__E4__baseline,5,27,s03,E4,linha de base,Qwen/Qwen2.5-3B-Instruct,10,13,0.769,Não
P098,Inglês,concluído,Sim,,s11__E1__baseline,1,28,s11,E1,linha de base,microsoft/DialoGPT-medium,6,9,0.667,Não
P098,Inglês,concluído,Sim,,s07__E2__baseline,3,29,s07,E2,linha de base,facebook/blenderbot-400M-distill,13,15,0.867,Não
P098,Inglês,concluído,Sim,,s08__E2__baseline,2,30,s08,E2,linha de base,facebook/blenderbot-400M-distill,7,14,0.500,Não
P098,Inglês,concluído,Sim,,s11__E2__pipeline,3,31,s11,E2,pipeline,facebook/blenderbot-400M-distill,9,16,0.563,Não
P098,Inglês,concluído,Sim,,s09__E3__baseline,5,32,s09,E3,linha de base,microsoft/Phi-3-mini-4k-instruct,20,26.5,0.755,Não
P098,Inglês,concluído,Sim,,s07__E1__baseline,1,33,s07,E1,linha de base,microsoft/DialoGPT-medium,5,11,0.455,Não
P098,Inglês,concluído,Sim,,s09__E1__baseline,1,34,s09,E1,linha de base,microsoft/DialoGPT-medium,8,11,0.727,Não
P098,Inglês,concluído,Sim,,s01__E1__pipeline,1,35,s01,E1,pipeline,microsoft/DialoGPT-medium,5,17,0.294,Não
P098,Inglês,concluído,Sim,,s11__E1__pipeline,1,36,s11,E1,pipeline,microsoft/DialoGPT-medium,4,10,0.400,Não
P098,Inglês,concluído,Sim,,s05__E2__baseline,1,37,s05,E2,linha de base,facebook/blenderbot-400M-distill,5,16,0.313,Não
P098,Inglês,concluído,Sim,,s06__E4__pipeline,3,38,s06,E4,pipeline,Qwen/Qwen2.5-3B-Instruct,8,13,0.615,Não
P098,Inglês,concluído,Sim,,s12__E3__pipeline,4,39,s12,E3,pipeline,microsoft/Phi-3-mini-4k-instruct,18,19,0.947,Não
P098,Inglês,concluído,Sim,,s11__E3__baseline,5,40,s11,E3,linha de base,microsoft/Phi-3-mini-4k-instruct,21,20,1.050,Não
P098,Inglês,concluído,Sim,,s11__E3__pipeline,5,41,s11,E3,pipeline,microsoft/Phi-3-mini-4k-instruct,16,19,0.842,Não
P098,Inglês,concluído,Sim,,s09__E3__pipeline,5,42,s09,E3,pipeline,microsoft/Phi-3-mini-4k-instruct,22,17,1.294,Não
P098,Inglês,concluído,Sim,,s12__E4__pipeline,2,43,s12,E4,pipeline,Qwen/Qwen2.5-3B-Instruct,23,13,1.769,Não
P098,Inglês,concluído,Sim,,s01__E3__pipeline,5,44,s01,E3,pipeline,microsoft/Phi-3-mini-4k-instruct,13,19.5,0.667,Não
P098,Inglês,concluído,Sim,,s04__E2__pipeline,2,45,s04,E2,pipeline,facebook/blenderbot-400M-distill,11,14,0.786,Não
P098,Inglês,concluído,Sim,,s08__E3__pipeline,6,46,s08,E3,pipeline,microsoft/Phi-3-mini-4k-instruct,16,21.5,0.744,Não
P098,Inglês,concluído,Sim,,s10__E1__pipeline,1,47,s10,E1,pipeline,microsoft/DialoGPT-medium,6,10,0.600,Não
P098,Inglês,concluído,Sim,,s04__E4__pipeline,3,48,s04,E4,pipeline,Qwen/Qwen2.5-3B-Instruct,9,17.5,0.514,Não
P098,Inglês,concluído,Sim,,s10__E3__pipeline,6,49,s10,E3,pipeline,microsoft/Phi-3-mini-4k-instruct,11,20,0.550,Não
P098,Inglês,concluído,Sim,,s08__E3__baseline,5,50,s08,E3,linha de base,microsoft/Phi-3-mini-4k-instruct,10,15,0.667,Não
P098,Inglês,concluído,Sim,,s05__E3__pipeline,6,51,s05,E3,pipeline,microsoft/Phi-3-mini-4k-instruct,15,18,0.833,Não
P098,Inglês,concluído,Sim,,s04__E2__baseline,1,52,s04,E2,linha de base,facebook/blenderbot-400M-distill,8,13,0.615,Não
P098,Inglês,concluído,Sim,,s10__E2__baseline,2,53,s10,E2,linha de base,facebook/blenderbot-400M-distill,9,13.5,0.667,Não
P098,Inglês,concluído,Sim,,s07__E1__pipeline,1,54,s07,E1,pipeline,microsoft/DialoGPT-medium,6,12,0.500,Não
P098,Inglês,concluído,Sim,,s01__E2__baseline,2,55,s01,E2,linha de base,facebook/blenderbot-400M-distill,5,14,0.357,Não
P098,Inglês,concluído,Sim,,s08__E4__pipeline,4,56,s08,E4,pipeline,Qwen/Qwen2.5-3B-Instruct,20,19.5,1.026,Não
P098,Inglês,concluído,Sim,,s05__E4__baseline,3,57,s05,E4,linha de base,Qwen/Qwen2.5-3B-Instruct,14,13.5,1.037,Não
P098,Inglês,concluído,Sim,,s01__E1__baseline,1,58,s01,E1,linha de base,microsoft/DialoGPT-medium,5,8,0.625,Não
P098,Inglês,concluído,Sim,,s11__E2__baseline,3,59,s11,E2,linha de base,facebook/blenderbot-400M-distill,11,16,0.688,Não
P098,Inglês,concluído,Sim,,s09__E1__pipeline,1,60,s09,E1,pipeline,microsoft/DialoGPT-medium,11,12,0.917,Não
P098,Inglês,concluído,Sim,,s02__E4__baseline,3,61,s02,E4,linha de base,Qwen/Qwen2.5-3B-Instruct,10,15,0.667,Não
P098,Inglês,concluído,Sim,,s04__E1__pipeline,1,62,s04,E1,pipeline,microsoft/DialoGPT-medium,5,13,0.385,Não
P098,Inglês,concluído,Sim,,s06__E4__baseline,3,63,s06,E4,linha de base,Qwen/Qwen2.5-3B-Instruct,15,20,0.750,Não
P098,Inglês,concluído,Sim,,s01__E2__pipeline,2,64,s01,E2,pipeline,facebook/blenderbot-400M-distill,5,11.5,0.435,Não
P098,Inglês,concluído,Sim,,s02__E2__pipeline,2,65,s02,E2,pipeline,facebook/blenderbot-400M-distill,5,13,0.385,Não
P098,Inglês,concluído,Sim,,s05__E2__pipeline,2,66,s05,E2,pipeline,facebook/blenderbot-400M-distill,4,15,0.267,Não
P098,Inglês,concluído,Sim,,s03__E1__pipeline,1,67,s03,E1,pipeline,microsoft/DialoGPT-medium,3,11,0.273,Não
P098,Inglês,concluído,Sim,,s06__E1__baseline,1,68,s06,E1,linha de base,microsoft/DialoGPT-medium,5,16,0.313,Não
P098,Inglês,concluído,Sim,,s12__E3__baseline,3,69,s12,E3,linha de base,microsoft/Phi-3-mini-4k-instruct,13,21,0.619,Não
P098,Inglês,concluído,Sim,,s08__E1__baseline,1,70,s08,E1,linha de base,microsoft/DialoGPT-medium,4,6,0.667,Não
P098,Inglês,concluído,Sim,,s02__E4__pipeline,6,71,s02,E4,pipeline,Qwen/Qwen2.5-3B-Instruct,15,15,1.000,Não
P098,Inglês,concluído,Sim,,s01__E4__pipeline,5,72,s01,E4,pipeline,Qwen/Qwen2.5-3B-Instruct,12,25,0.480,Não
P098,Inglês,concluído,Sim,,s03__E1__baseline,1,73,s03,E1,linha de base,microsoft/DialoGPT-medium,7,14,0.500,Não
P098,Inglês,concluído,Sim,,s12__E2__baseline,2,74,s12,E2,linha de base,facebook/blenderbot-400M-distill,6,20.5,0.293,Não
P098,Inglês,concluído,Sim,,s04__E3__baseline,5,75,s04,E3,linha de base,microsoft/Phi-3-mini-4k-instruct,14,17,0.824,Não
P098,Inglês,concluído,Sim,,s10__E4__baseline,4,76,s10,E4,linha de base,Qwen/Qwen2.5-3B-Instruct,9,13,0.692,Não
P098,Inglês,concluído,Sim,,s03__E4__pipeline,5,77,s03,E4,pipeline,Qwen/Qwen2.5-3B-Instruct,12,22,0.545,Não
P098,Inglês,concluído,Sim,,s02__E3__pipeline,6,78,s02,E3,pipeline,microsoft/Phi-3-mini-4k-instruct,15,25.5,0.588,Não
P098,Inglês,concluído,Sim,,s06__E2__baseline,1,79,s06,E2,linha de base,facebook/blenderbot-400M-distill,5,14,0.357,Não
P098,Inglês,concluído,Sim,,s12__E4__baseline,4,80,s12,E4,linha de base,Qwen/Qwen2.5-3B-Instruct,9,20,0.450,Não
P098,Inglês,concluído,Sim,,s07__E3__baseline,6,81,s07,E3,linha de base,microsoft/Phi-3-mini-4k-instruct,27,24,1.125,Não
P098,Inglês,concluído,Sim,,s09__E2__pipeline,2,82,s09,E2,pipeline,facebook/blenderbot-400M-distill,9,16,0.563,Não
P098,Inglês,concluído,Sim,,s10__E4__pipeline,4,83,s10,E4,pipeline,Qwen/Qwen2.5-3B-Instruct,11,18,0.611,Não
P098,Inglês,concluído,Sim,,s06__E2__pipeline,1,84,s06,E2,pipeline,facebook/blenderbot-400M-distill,6,15,0.400,Não
P098,Inglês,concluído,Sim,,s03__E3__pipeline,5,85,s03,E3,pipeline,microsoft/Phi-3-mini-4k-instruct,11,15,0.733,Não
P098,Inglês,concluído,Sim,,s08__E2__pipeline,2,86,s08,E2,pipeline,facebook/blenderbot-400M-distill,7,14,0.500,Não
P098,Inglês,concluído,Sim,,s06__E3__pipeline,5,87,s06,E3,pipeline,microsoft/Phi-3-mini-4k-instruct,14,18,0.778,Não
P098,Inglês,concluído,Sim,,s02__E1__pipeline,1,88,s02,E1,pipeline,microsoft/DialoGPT-medium,5,10,0.500,Não
P098,Inglês,concluído,Sim,,s08__E1__pipeline,1,89,s08,E1,pipeline,microsoft/DialoGPT-medium,3,10,0.300,Não
P098,Inglês,concluído,Sim,,s11__E4__pipeline,4,90,s11,E4,pipeline,Qwen/Qwen2.5-3B-Instruct,9,14.5,0.621,Não
P098,Inglês,concluído,Sim,,s04__E3__pipeline,6,91,s04,E3,pipeline,microsoft/Phi-3-mini-4k-instruct,8,17,0.471,Não
P098,Inglês,concluído,Sim,,s12__E1__baseline,1,92,s12,E1,linha de base,microsoft/DialoGPT-medium,4,10,0.400,Não
P098,Inglês,concluído,Sim,,s07__E3__pipeline,6,93,s07,E3,pipeline,microsoft/Phi-3-mini-4k-instruct,9,16.5,0.545,Não
P098,Inglês,concluído,Sim,,s03__E2__baseline,4,94,s03,E2,linha de base,facebook/blenderbot-400M-distill,7,13,0.538,Não
P098,Inglês,concluído,Sim,,s12__E2__pipeline,2,95,s12,E2,pipeline,facebook/blenderbot-400M-distill,7,20,0.350,Não
P098,Inglês,concluído,Sim,,s10__E2__pipeline,2,96,s10,E2,pipeline,facebook/blenderbot-400M-distill,6,11.5,0.522,Não
P099,Português,em curso,,,,,,,,,,,,,
P100,Português,em curso,,,s09__E3__baseline,7,1,s09,E3,linha de base,microsoft/Phi-3-mini-4k-instruct,,26.5,,Não
P100,Português,em curso,,,s03__E2__baseline,7,2,s03,E2,linha de base,facebook/blenderbot-400M-distill,16,13,1.231,Não
P101,Português,concluído,Sim,,s04__E2__pipeline,3,1,s04,E2,pipeline,facebook/blenderbot-400M-distill,,14,,Não
P101,Português,concluído,Sim,,s03__E1__baseline,1,2,s03,E1,linha de base,microsoft/DialoGPT-medium,18,14,1.286,Não
P101,Português,concluído,Sim,,s12__E3__pipeline,7,3,s12,E3,pipeline,microsoft/Phi-3-mini-4k-instruct,22,19,1.158,Não
P101,Português,concluído,Sim,,s12__E1__baseline,1,4,s12,E1,linha de base,microsoft/DialoGPT-medium,8,10,0.800,Não
P101,Português,concluído,Sim,,s07__E1__baseline,1,5,s07,E1,linha de base,microsoft/DialoGPT-medium,16,11,1.455,Não
P101,Português,concluído,Sim,,s02__E3__pipeline,6,6,s02,E3,pipeline,microsoft/Phi-3-mini-4k-instruct,27,25.5,1.059,Não
P101,Português,concluído,Sim,,s01__E1__baseline,1,7,s01,E1,linha de base,microsoft/DialoGPT-medium,7,8,0.875,Não
P101,Português,concluído,Sim,,s02__E4__pipeline,6,8,s02,E4,pipeline,Qwen/Qwen2.5-3B-Instruct,14,15,0.933,Não
P101,Português,concluído,Sim,,s08__E2__pipeline,4,9,s08,E2,pipeline,facebook/blenderbot-400M-distill,22,14,1.571,Não
P101,Português,concluído,Sim,,s04__E4__pipeline,5,10,s04,E4,pipeline,Qwen/Qwen2.5-3B-Instruct,70,17.5,4.000,Não
P101,Português,concluído,Sim,,s08__E1__pipeline,1,11,s08,E1,pipeline,microsoft/DialoGPT-medium,13,10,1.300,Não
P101,Português,concluído,Sim,,s06__E2__baseline,3,12,s06,E2,linha de base,facebook/blenderbot-400M-distill,14,14,1.000,Não
P101,Português,concluído,Sim,,s11__E1__baseline,1,13,s11,E1,linha de base,microsoft/DialoGPT-medium,22,9,2.444,Não
P101,Português,concluído,Sim,,s08__E3__pipeline,7,14,s08,E3,pipeline,microsoft/Phi-3-mini-4k-instruct,20,21.5,0.930,Não
P101,Português,concluído,Sim,,s12__E2__baseline,5,15,s12,E2,linha de base,facebook/blenderbot-400M-distill,28,20.5,1.366,Não
P101,Português,concluído,Sim,,s05__E2__pipeline,6,16,s05,E2,pipeline,facebook/blenderbot-400M-distill,14,15,0.933,Não
P101,Português,concluído,Sim,,s09__E3__pipeline,7,17,s09,E3,pipeline,microsoft/Phi-3-mini-4k-instruct,24,17,1.412,Não
P101,Português,concluído,Sim,,s06__E2__pipeline,3,18,s06,E2,pipeline,facebook/blenderbot-400M-distill,10,15,0.667,Não
P101,Português,concluído,Sim,,s11__E2__baseline,3,19,s11,E2,linha de base,facebook/blenderbot-400M-distill,12,16,0.750,Não
P101,Português,concluído,Sim,,s07__E1__pipeline,1,20,s07,E1,pipeline,microsoft/DialoGPT-medium,14,12,1.167,Não
P101,Português,concluído,Sim,,s02__E2__pipeline,3,21,s02,E2,pipeline,facebook/blenderbot-400M-distill,11,13,0.846,Não
P101,Português,concluído,Sim,,s02__E1__pipeline,1,22,s02,E1,pipeline,microsoft/DialoGPT-medium,5,10,0.500,Não
P101,Português,concluído,Sim,,s12__E2__pipeline,5,23,s12,E2,pipeline,facebook/blenderbot-400M-distill,11,20,0.550,Não
P101,Português,concluído,Sim,,s04__E2__baseline,5,24,s04,E2,linha de base,facebook/blenderbot-400M-distill,7,13,0.538,Não
P102,Português,em curso,,,s11__E3__pipeline,7,1,s11,E3,pipeline,microsoft/Phi-3-mini-4k-instruct,,19,,
P103,Inglês,em curso,,,,,,,,,,,,,
P104,Português,concluído,Sim,,s09__E3__baseline,4,1,s09,E3,linha de base,microsoft/Phi-3-mini-4k-instruct,,26.5,,Não
P104,Português,concluído,Sim,,s08__E4__pipeline,7,2,s08,E4,pipeline,Qwen/Qwen2.5-3B-Instruct,13,19.5,0.667,Não
P104,Português,concluído,Sim,,s10__E4__pipeline,6,3,s10,E4,pipeline,Qwen/Qwen2.5-3B-Instruct,11,18,0.611,Não
P104,Português,concluído,Sim,,s04__E3__pipeline,6,4,s04,E3,pipeline,microsoft/Phi-3-mini-4k-instruct,14,17,0.824,Não
P104,Português,concluído,Sim,,s07__E2__baseline,4,5,s07,E2,linha de base,facebook/blenderbot-400M-distill,9,15,0.600,Não
P104,Português,concluído,Sim,,s06__E1__baseline,3,6,s06,E1,linha de base,microsoft/DialoGPT-medium,15,16,0.938,Não
P104,Português,concluído,Sim,,s07__E2__pipeline,3,7,s07,E2,pipeline,facebook/blenderbot-400M-distill,,20,,Não
P104,Português,concluído,Sim,,s04__E1__pipeline,1,8,s04,E1,pipeline,microsoft/DialoGPT-medium,8,13,0.615,Não
P104,Português,concluído,Sim,,s07__E3__pipeline,6,9,s07,E3,pipeline,microsoft/Phi-3-mini-4k-instruct,11,16.5,0.667,Não
P104,Português,concluído,Sim,,s04__E3__baseline,6,10,s04,E3,linha de base,microsoft/Phi-3-mini-4k-instruct,11,17,0.647,Não
P104,Português,concluído,Sim,,s10__E1__pipeline,1,11,s10,E1,pipeline,microsoft/DialoGPT-medium,11,10,1.100,Não
P104,Português,concluído,Sim,,s03__E2__baseline,6,12,s03,E2,linha de base,facebook/blenderbot-400M-distill,9,13,0.692,Não
P104,Português,concluído,Sim,,s11__E3__pipeline,6,13,s11,E3,pipeline,microsoft/Phi-3-mini-4k-instruct,14,19,0.737,Não
P104,Português,concluído,Sim,,s10__E2__baseline,7,14,s10,E2,linha de base,facebook/blenderbot-400M-distill,8,13.5,0.593,Não
P104,Português,concluído,Sim,,s01__E4__pipeline,7,15,s01,E4,pipeline,Qwen/Qwen2.5-3B-Instruct,12,25,0.480,Não
P104,Português,concluído,Sim,,s11__E3__baseline,5,16,s11,E3,linha de base,microsoft/Phi-3-mini-4k-instruct,6,20,0.300,Não
P104,Português,concluído,Sim,,s11__E2__pipeline,1,17,s11,E2,pipeline,facebook/blenderbot-400M-distill,6,16,0.375,Não
P104,Português,concluído,Sim,,s06__E4__baseline,6,18,s06,E4,linha de base,Qwen/Qwen2.5-3B-Instruct,10,20,0.500,Não
P104,Português,concluído,Sim,,s07__E3__baseline,6,19,s07,E3,linha de base,microsoft/Phi-3-mini-4k-instruct,11,24,0.458,Não
P104,Português,concluído,Sim,,s01__E3__pipeline,6,20,s01,E3,pipeline,microsoft/Phi-3-mini-4k-instruct,5,19.5,0.256,Não
P104,Português,concluído,Sim,,s01__E1__pipeline,1,21,s01,E1,pipeline,microsoft/DialoGPT-medium,6,17,0.353,Não
P104,Português,concluído,Sim,,s11__E1__pipeline,1,22,s11,E1,pipeline,microsoft/DialoGPT-medium,2,10,0.200,Não
P104,Português,concluído,Sim,,s09__E2__pipeline,4,23,s09,E2,pipeline,facebook/blenderbot-400M-distill,7,16,0.438,Não
P104,Português,concluído,Sim,,s03__E4__pipeline,7,24,s03,E4,pipeline,Qwen/Qwen2.5-3B-Instruct,8,22,0.364,Não
P105,Português,concluído,Não,falha no item de atenção,s07__E1__baseline,3,1,s07,E1,linha de base,microsoft/DialoGPT-medium,,11,,Sim
P105,Português,concluído,Não,falha no item de atenção,s12__E2__baseline,6,2,s12,E2,linha de base,facebook/blenderbot-400M-distill,6,20.5,0.293,Sim
P105,Português,concluído,Não,falha no item de atenção,s01__E2__pipeline,4,3,s01,E2,pipeline,facebook/blenderbot-400M-distill,5,11.5,0.435,Sim
P105,Português,concluído,Não,falha no item de atenção,s02__E1__pipeline,2,4,s02,E1,pipeline,microsoft/DialoGPT-medium,4,10,0.400,Sim
P105,Português,concluído,Não,falha no item de atenção,s04__E2__baseline,5,5,s04,E2,linha de base,facebook/blenderbot-400M-distill,7,13,0.538,Sim
P105,Português,concluído,Não,falha no item de atenção,s05__E4__baseline,3,6,s05,E4,linha de base,Qwen/Qwen2.5-3B-Instruct,7,13.5,0.519,Sim
P105,Português,concluído,Não,falha no item de atenção,s01__E2__baseline,3,7,s01,E2,linha de base,facebook/blenderbot-400M-distill,3,14,0.214,Sim
P105,Português,concluído,Não,falha no item de atenção,s05__E2__pipeline,6,8,s05,E2,pipeline,facebook/blenderbot-400M-distill,8,15,0.533,Sim
P105,Português,concluído,Não,falha no item de atenção,s12__E2__pipeline,5,9,s12,E2,pipeline,facebook/blenderbot-400M-distill,8,20,0.400,Sim
P105,Português,concluído,Não,falha no item de atenção,s12__E3__baseline,5,10,s12,E3,linha de base,microsoft/Phi-3-mini-4k-instruct,7,21,0.333,Sim
P105,Português,concluído,Não,falha no item de atenção,s06__E4__pipeline,4,11,s06,E4,pipeline,Qwen/Qwen2.5-3B-Instruct,7,13,0.538,Sim
P105,Português,concluído,Não,falha no item de atenção,s08__E1__baseline,2,12,s08,E1,linha de base,microsoft/DialoGPT-medium,2,6,0.333,Sim
P105,Português,concluído,Não,falha no item de atenção,s09__E1__baseline,2,13,s09,E1,linha de base,microsoft/DialoGPT-medium,2,11,0.182,Sim
P105,Português,concluído,Não,falha no item de atenção,s08__E3__baseline,5,14,s08,E3,linha de base,microsoft/Phi-3-mini-4k-instruct,3,15,0.200,Sim
P105,Português,concluído,Não,falha no item de atenção,s02__E2__pipeline,1,15,s02,E2,pipeline,facebook/blenderbot-400M-distill,7,13,0.538,Sim
P105,Português,concluído,Não,falha no item de atenção,s11__E1__baseline,3,16,s11,E1,linha de base,microsoft/DialoGPT-medium,3,9,0.333,Sim
P105,Português,concluído,Não,falha no item de atenção,s02__E2__baseline,5,17,s02,E2,linha de base,facebook/blenderbot-400M-distill,3,15,0.200,Sim
P105,Português,concluído,Não,falha no item de atenção,s02__E4__pipeline,5,18,s02,E4,pipeline,Qwen/Qwen2.5-3B-Instruct,3,15,0.200,Sim
P105,Português,concluído,Não,falha no item de atenção,s12__E4__pipeline,5,19,s12,E4,pipeline,Qwen/Qwen2.5-3B-Instruct,3,13,0.231,Sim
P105,Português,concluído,Não,falha no item de atenção,s03__E1__pipeline,1,20,s03,E1,pipeline,microsoft/DialoGPT-medium,3,11,0.273,Sim
P105,Português,concluído,Não,falha no item de atenção,s04__E4__pipeline,5,21,s04,E4,pipeline,Qwen/Qwen2.5-3B-Instruct,4,17.5,0.229,Sim
P105,Português,concluído,Não,falha no item de atenção,s02__E3__pipeline,5,22,s02,E3,pipeline,microsoft/Phi-3-mini-4k-instruct,6,25.5,0.235,Sim
P105,Português,concluído,Não,falha no item de atenção,s05__E3__pipeline,5,23,s05,E3,pipeline,microsoft/Phi-3-mini-4k-instruct,4,18,0.222,Sim
P105,Português,concluído,Não,falha no item de atenção,s08__E2__pipeline,4,24,s08,E2,pipeline,facebook/blenderbot-400M-distill,4,14,0.286,Sim
P106,Português,concluído,Sim,,s07__E4__pipeline,7,1,s07,E4,pipeline,Qwen/Qwen2.5-3B-Instruct,,18,,Não
P106,Português,concluído,Sim,,s09__E2__pipeline,7,2,s09,E2,pipeline,facebook/blenderbot-400M-distill,19,16,1.188,Não
P106,Português,concluído,Sim,,s10__E1__baseline,6,3,s10,E1,linha de base,microsoft/DialoGPT-medium,21,14,1.500,Não
P106,Português,concluído,Sim,,s12__E1__pipeline,6,4,s12,E1,pipeline,microsoft/DialoGPT-medium,15,12,1.250,Não
P106,Português,concluído,Sim,,s03__E2__pipeline,5,5,s03,E2,pipeline,facebook/blenderbot-400M-distill,16,14.5,1.103,Não
P106,Português,concluído,Sim,,s07__E2__baseline,3,6,s07,E2,linha de base,facebook/blenderbot-400M-distill,15,15,1.000,Não
P106,Português,concluído,Sim,,s09__E4__pipeline,7,7,s09,E4,pipeline,Qwen/Qwen2.5-3B-Instruct,20,20,1.000,Não
P106,Português,concluído,Sim,,s04__E3__baseline,7,8,s04,E3,linha de base,microsoft/Phi-3-mini-4k-instruct,17,17,1.000,Não
P106,Português,concluído,Sim,,s07__E3__pipeline,7,9,s07,E3,pipeline,microsoft/Phi-3-mini-4k-instruct,18,16.5,1.091,Não
P106,Português,concluído,Sim,,s09__E3__baseline,7,10,s09,E3,linha de base,microsoft/Phi-3-mini-4k-instruct,22,26.5,0.830,Não
P106,Português,concluído,Sim,,s06__E3__baseline,7,11,s06,E3,linha de base,microsoft/Phi-3-mini-4k-instruct,18,18,1.000,Não
P106,Português,concluído,Sim,,s02__E3__baseline,7,12,s02,E3,linha de base,microsoft/Phi-3-mini-4k-instruct,27,22,1.227,Não
P106,Português,concluído,Sim,,s03__E3__baseline,7,13,s03,E3,linha de base,microsoft/Phi-3-mini-4k-instruct,14,17,0.824,Não
P106,Português,concluído,Sim,,s01__E3__baseline,7,14,s01,E3,linha de base,microsoft/Phi-3-mini-4k-instruct,17,19,0.895,Não
P106,Português,concluído,Sim,,s05__E1__pipeline,2,15,s05,E1,pipeline,microsoft/DialoGPT-medium,18,13.5,1.333,Não
P106,Português,concluído,Sim,,s11__E2__pipeline,4,16,s11,E2,pipeline,facebook/blenderbot-400M-distill,12,16,0.750,Não
P106,Português,concluído,Sim,,s01__E3__pipeline,7,17,s01,E3,pipeline,microsoft/Phi-3-mini-4k-instruct,13,19.5,0.667,Não
P106,Português,concluído,Sim,,s03__E2__baseline,6,18,s03,E2,linha de base,facebook/blenderbot-400M-distill,13,13,1.000,Não
P106,Português,concluído,Sim,,s11__E3__baseline,7,19,s11,E3,linha de base,microsoft/Phi-3-mini-4k-instruct,13,20,0.650,Não
P106,Português,concluído,Sim,,s07__E3__baseline,7,20,s07,E3,linha de base,microsoft/Phi-3-mini-4k-instruct,19,24,0.792,Não
P106,Português,concluído,Sim,,s06__E1__baseline,6,21,s06,E1,linha de base,microsoft/DialoGPT-medium,10,16,0.625,Não
P106,Português,concluído,Sim,,s06__E1__pipeline,1,22,s06,E1,pipeline,microsoft/DialoGPT-medium,8,10,0.800,Não
P106,Português,concluído,Sim,,s09__E2__baseline,2,23,s09,E2,linha de base,facebook/blenderbot-400M-distill,11,13.5,0.815,Não
P106,Português,concluído,Sim,,s04__E3__pipeline,7,24,s04,E3,pipeline,microsoft/Phi-3-mini-4k-instruct,11,17,0.647,Não
P106,Português,concluído,Sim,,s05__E2__baseline,3,25,s05,E2,linha de base,facebook/blenderbot-400M-distill,19,16,1.188,Não
P106,Português,concluído,Sim,,s08__E2__baseline,4,26,s08,E2,linha de base,facebook/blenderbot-400M-distill,13,14,0.929,Não
P106,Português,concluído,Sim,,s03__E4__baseline,7,27,s03,E4,linha de base,Qwen/Qwen2.5-3B-Instruct,14,13,1.077,Não
P106,Português,concluído,Sim,,s11__E3__pipeline,7,28,s11,E3,pipeline,microsoft/Phi-3-mini-4k-instruct,82,19,4.316,Não
P106,Português,concluído,Sim,,s05__E3__pipeline,7,29,s05,E3,pipeline,microsoft/Phi-3-mini-4k-instruct,,18,,Não
P106,Português,concluído,Sim,,s11__E1__baseline,1,30,s11,E1,linha de base,microsoft/DialoGPT-medium,9,9,1.000,Não
P106,Português,concluído,Sim,,s06__E2__baseline,1,31,s06,E2,linha de base,facebook/blenderbot-400M-distill,12,14,0.857,Não
P106,Português,concluído,Sim,,s01__E2__pipeline,4,32,s01,E2,pipeline,facebook/blenderbot-400M-distill,10,11.5,0.870,Não
P106,Português,concluído,Sim,,s06__E3__pipeline,7,33,s06,E3,pipeline,microsoft/Phi-3-mini-4k-instruct,12,18,0.667,Não
P106,Português,concluído,Sim,,s08__E3__baseline,7,34,s08,E3,linha de base,microsoft/Phi-3-mini-4k-instruct,26,15,1.733,Não
P106,Português,concluído,Sim,,s12__E3__pipeline,7,35,s12,E3,pipeline,microsoft/Phi-3-mini-4k-instruct,15,19,0.789,Não
P106,Português,concluído,Sim,,s10__E4__pipeline,6,36,s10,E4,pipeline,Qwen/Qwen2.5-3B-Instruct,12,18,0.667,Não
P106,Português,concluído,Sim,,s11__E1__pipeline,1,37,s11,E1,pipeline,microsoft/DialoGPT-medium,7,10,0.700,Não
P106,Português,concluído,Sim,,s11__E2__baseline,4,38,s11,E2,linha de base,facebook/blenderbot-400M-distill,8,16,0.500,Não
P106,Português,concluído,Sim,,s10__E3__baseline,7,39,s10,E3,linha de base,microsoft/Phi-3-mini-4k-instruct,35,19,1.842,Não
P106,Português,concluído,Sim,,s04__E4__pipeline,6,40,s04,E4,pipeline,Qwen/Qwen2.5-3B-Instruct,8,17.5,0.457,Não
P106,Português,concluído,Sim,,s06__E2__pipeline,1,41,s06,E2,pipeline,facebook/blenderbot-400M-distill,6,15,0.400,Não
P106,Português,concluído,Sim,,s04__E1__pipeline,1,42,s04,E1,pipeline,microsoft/DialoGPT-medium,6,13,0.462,Não
P106,Português,concluído,Sim,,s08__E1__pipeline,1,43,s08,E1,pipeline,microsoft/DialoGPT-medium,9,10,0.900,Não
P106,Português,concluído,Sim,,s07__E1__pipeline,1,44,s07,E1,pipeline,microsoft/DialoGPT-medium,6,12,0.500,Não
P106,Português,concluído,Sim,,s02__E2__pipeline,1,45,s02,E2,pipeline,facebook/blenderbot-400M-distill,8,13,0.615,Não
P106,Português,concluído,Sim,,s03__E3__pipeline,6,46,s03,E3,pipeline,microsoft/Phi-3-mini-4k-instruct,15,15,1.000,Não
P106,Português,concluído,Sim,,s08__E1__baseline,1,47,s08,E1,linha de base,microsoft/DialoGPT-medium,6,6,1.000,Não
P106,Português,concluído,Sim,,s11__E4__pipeline,6,48,s11,E4,pipeline,Qwen/Qwen2.5-3B-Instruct,10,14.5,0.690,Não
P106,Português,concluído,Sim,,s07__E2__pipeline,4,49,s07,E2,pipeline,facebook/blenderbot-400M-distill,11,20,0.550,Não
P106,Português,concluído,Sim,,s06__E4__baseline,7,50,s06,E4,linha de base,Qwen/Qwen2.5-3B-Instruct,14,20,0.700,Não
P106,Português,concluído,Sim,,s02__E4__pipeline,6,51,s02,E4,pipeline,Qwen/Qwen2.5-3B-Instruct,11,15,0.733,Não
P106,Português,concluído,Sim,,s09__E3__pipeline,7,52,s09,E3,pipeline,microsoft/Phi-3-mini-4k-instruct,15,17,0.882,Não
P106,Português,concluído,Sim,,s09__E4__baseline,7,53,s09,E4,linha de base,Qwen/Qwen2.5-3B-Instruct,20,20,1.000,Não
P106,Português,concluído,Sim,,s02__E1__pipeline,1,54,s02,E1,pipeline,microsoft/DialoGPT-medium,7,10,0.700,Não
P106,Português,concluído,Sim,,s02__E1__baseline,1,55,s02,E1,linha de base,microsoft/DialoGPT-medium,7,11,0.636,Não
P106,Português,concluído,Sim,,s12__E2__pipeline,1,56,s12,E2,pipeline,facebook/blenderbot-400M-distill,7,20,0.350,Não
P106,Português,concluído,Sim,,s02__E3__pipeline,7,57,s02,E3,pipeline,microsoft/Phi-3-mini-4k-instruct,8,25.5,0.314,Não
P107,Português,em curso,,,,,,,,,,,,,
P108,Português,concluído,Sim,,s09__E1__baseline,4,1,s09,E1,linha de base,microsoft/DialoGPT-medium,,11,,Não
P108,Português,concluído,Sim,,s05__E2__baseline,5,2,s05,E2,linha de base,facebook/blenderbot-400M-distill,24,16,1.500,Não
P108,Português,concluído,Sim,,s10__E3__pipeline,6,3,s10,E3,pipeline,microsoft/Phi-3-mini-4k-instruct,19,20,0.950,Não
P108,Português,concluído,Sim,,s10__E4__baseline,7,4,s10,E4,linha de base,Qwen/Qwen2.5-3B-Instruct,13,13,1.000,Não
P108,Português,concluído,Sim,,s09__E1__pipeline,1,5,s09,E1,pipeline,microsoft/DialoGPT-medium,9,12,0.750,Não
P108,Português,concluído,Sim,,s05__E3__pipeline,7,6,s05,E3,pipeline,microsoft/Phi-3-mini-4k-instruct,19,18,1.056,Não
P108,Português,concluído,Sim,,s03__E4__baseline,6,7,s03,E4,linha de base,Qwen/Qwen2.5-3B-Instruct,81,13,6.231,Não
P108,Português,concluído,Sim,,s08__E1__baseline,1,8,s08,E1,linha de base,microsoft/DialoGPT-medium,28,6,4.667,Não
P108,Português,concluído,Sim,,s08__E2__baseline,5,9,s08,E2,linha de base,facebook/blenderbot-400M-distill,14,14,1.000,Não
P108,Português,concluído,Sim,,s06__E4__pipeline,4,10,s06,E4,pipeline,Qwen/Qwen2.5-3B-Instruct,23,13,1.769,Não
P108,Português,concluído,Sim,,s08__E3__baseline,7,11,s08,E3,linha de base,microsoft/Phi-3-mini-4k-instruct,6,15,0.400,Não
P108,Português,concluído,Sim,,s03__E1__pipeline,2,12,s03,E1,pipeline,microsoft/DialoGPT-medium,11,11,1.000,Não
P108,Português,concluído,Sim,,s01__E2__pipeline,1,13,s01,E2,pipeline,facebook/blenderbot-400M-distill,45,11.5,3.913,Não
P108,Português,concluído,Sim,,s01__E2__baseline,2,14,s01,E2,linha de base,facebook/blenderbot-400M-distill,17,14,1.214,Não
P108,Português,concluído,Sim,,s12__E4__pipeline,2,15,s12,E4,pipeline,Qwen/Qwen2.5-3B-Instruct,12,13,0.923,Não
P108,Português,concluído,Sim,,s10__E2__pipeline,3,16,s10,E2,pipeline,facebook/blenderbot-400M-distill,,11.5,,Não
P108,Português,concluído,Sim,,s12__E4__baseline,5,17,s12,E4,linha de base,Qwen/Qwen2.5-3B-Instruct,17,20,0.850,Não
P108,Português,concluído,Sim,,s12__E3__baseline,7,18,s12,E3,linha de base,microsoft/Phi-3-mini-4k-instruct,10,21,0.476,Não
P108,Português,concluído,Sim,,s02__E2__baseline,2,19,s02,E2,linha de base,facebook/blenderbot-400M-distill,7,15,0.467,Não
P108,Português,concluído,Sim,,s06__E3__pipeline,5,20,s06,E3,pipeline,microsoft/Phi-3-mini-4k-instruct,8,18,0.444,Não
P108,Português,concluído,Sim,,s03__E3__pipeline,4,21,s03,E3,pipeline,microsoft/Phi-3-mini-4k-instruct,13,15,0.867,Não
P108,Português,concluído,Sim,,s11__E4__pipeline,6,22,s11,E4,pipeline,Qwen/Qwen2.5-3B-Instruct,5,14.5,0.345,Não
P108,Português,concluído,Sim,,s02__E4__baseline,3,23,s02,E4,linha de base,Qwen/Qwen2.5-3B-Instruct,5,15,0.333,Não
P108,Português,concluído,Sim,,s05__E4__baseline,6,24,s05,E4,linha de base,Qwen/Qwen2.5-3B-Instruct,5,13.5,0.370,Não
P109,Português,em curso,,,,,,,,,,,,,
P110,Português,em curso,,,,,,,,,,,,,
P111,Português,concluído,Sim,,s02__E4__pipeline,7,1,s02,E4,pipeline,Qwen/Qwen2.5-3B-Instruct,,15,,Não
P111,Português,concluído,Sim,,s02__E2__pipeline,5,2,s02,E2,pipeline,facebook/blenderbot-400M-distill,34,13,2.615,Não
P111,Português,concluído,Sim,,s08__E4__pipeline,6,3,s08,E4,pipeline,Qwen/Qwen2.5-3B-Instruct,18,19.5,0.923,Não
P111,Português,concluído,Sim,,s01__E1__pipeline,5,4,s01,E1,pipeline,microsoft/DialoGPT-medium,26,17,1.529,Não
P111,Português,concluído,Sim,,s11__E3__pipeline,6,5,s11,E3,pipeline,microsoft/Phi-3-mini-4k-instruct,48,19,2.526,Não
P111,Português,concluído,Sim,,s03__E4__pipeline,6,6,s03,E4,pipeline,Qwen/Qwen2.5-3B-Instruct,22,22,1.000,Não
P111,Português,concluído,Sim,,s12__E2__baseline,4,7,s12,E2,linha de base,facebook/blenderbot-400M-distill,50,20.5,2.439,Não
P111,Português,concluído,Sim,,s01__E4__pipeline,7,8,s01,E4,pipeline,Qwen/Qwen2.5-3B-Instruct,22,25,0.880,Não
P111,Português,concluído,Sim,,s10__E4__pipeline,6,9,s10,E4,pipeline,Qwen/Qwen2.5-3B-Instruct,12,18,0.667,Não
P111,Português,concluído,Sim,,s04__E1__pipeline,2,10,s04,E1,pipeline,microsoft/DialoGPT-medium,21,13,1.615,Não
P111,Português,concluído,Sim,,s11__E1__pipeline,2,11,s11,E1,pipeline,microsoft/DialoGPT-medium,191,10,19.100,Não
P111,Português,concluído,Sim,,s06__E4__baseline,7,12,s06,E4,linha de base,Qwen/Qwen2.5-3B-Instruct,19,20,0.950,Não
P111,Português,concluído,Sim,,s05__E2__pipeline,4,13,s05,E2,pipeline,facebook/blenderbot-400M-distill,35,15,2.333,Não
P111,Português,concluído,Sim,,s04__E2__baseline,4,14,s04,E2,linha de base,facebook/blenderbot-400M-distill,9,13,0.692,Não
P111,Português,concluído,Sim,,s07__E2__pipeline,5,15,s07,E2,pipeline,facebook/blenderbot-400M-distill,24,20,1.200,Não
P111,Português,concluído,Sim,,s02__E1__pipeline,2,16,s02,E1,pipeline,microsoft/DialoGPT-medium,8,10,0.800,Não
P111,Português,concluído,Sim,,s10__E2__baseline,5,17,s10,E2,linha de base,facebook/blenderbot-400M-distill,13,13.5,0.963,Não
P111,Português,concluído,Sim,,s10__E1__pipeline,1,18,s10,E1,pipeline,microsoft/DialoGPT-medium,26,10,2.600,Não
P111,Português,concluído,Sim,,s07__E1__baseline,1,19,s07,E1,linha de base,microsoft/DialoGPT-medium,10,11,0.909,Não
P111,Português,concluído,Sim,,s12__E2__pipeline,4,20,s12,E2,pipeline,facebook/blenderbot-400M-distill,23,20,1.150,Não
P111,Português,concluído,Sim,,s08__E2__pipeline,5,21,s08,E2,pipeline,facebook/blenderbot-400M-distill,10,14,0.714,Não
P111,Português,concluído,Sim,,s11__E1__baseline,2,22,s11,E1,linha de base,microsoft/DialoGPT-medium,33,9,3.667,Não
P111,Português,concluído,Sim,,s04__E4__pipeline,6,23,s04,E4,pipeline,Qwen/Qwen2.5-3B-Instruct,11,17.5,0.629,Não
P111,Português,concluído,Sim,,s02__E3__pipeline,7,24,s02,E3,pipeline,microsoft/Phi-3-mini-4k-instruct,12,25.5,0.471,Não
P111,Português,concluído,Sim,,s12__E4__baseline,6,25,s12,E4,linha de base,Qwen/Qwen2.5-3B-Instruct,24,20,1.200,Não
P111,Português,concluído,Sim,,s11__E4__baseline,5,26,s11,E4,linha de base,Qwen/Qwen2.5-3B-Instruct,15,13,1.154,Não
P111,Português,concluído,Sim,,s10__E3__pipeline,6,27,s10,E3,pipeline,microsoft/Phi-3-mini-4k-instruct,54,20,2.700,Não
P111,Português,concluído,Sim,,s08__E3__pipeline,6,28,s08,E3,pipeline,microsoft/Phi-3-mini-4k-instruct,29,21.5,1.349,Não
P111,Português,concluído,Sim,,s07__E2__baseline,4,29,s07,E2,linha de base,facebook/blenderbot-400M-distill,16,15,1.067,Não
P111,Português,concluído,Sim,,s05__E3__pipeline,6,30,s05,E3,pipeline,microsoft/Phi-3-mini-4k-instruct,22,18,1.222,Não
P111,Português,concluído,Sim,,s03__E1__pipeline,2,31,s03,E1,pipeline,microsoft/DialoGPT-medium,8,11,0.727,Não
P111,Português,concluído,Sim,,s10__E1__baseline,3,32,s10,E1,linha de base,microsoft/DialoGPT-medium,17,14,1.214,Não
P111,Português,concluído,Sim,,s01__E2__baseline,6,33,s01,E2,linha de base,facebook/blenderbot-400M-distill,12,14,0.857,Não
P111,Português,concluído,Sim,,s09__E1__baseline,1,34,s09,E1,linha de base,microsoft/DialoGPT-medium,41,11,3.727,Não
P111,Português,concluído,Sim,,s08__E1__pipeline,1,35,s08,E1,pipeline,microsoft/DialoGPT-medium,29,10,2.900,Não
P111,Português,concluído,Sim,,s10__E3__baseline,7,36,s10,E3,linha de base,microsoft/Phi-3-mini-4k-instruct,22,19,1.158,Não
P111,Português,concluído,Sim,,s05__E1__pipeline,1,37,s05,E1,pipeline,microsoft/DialoGPT-medium,11,13.5,0.815,Não
P111,Português,concluído,Sim,,s06__E2__pipeline,3,38,s06,E2,pipeline,facebook/blenderbot-400M-distill,20,15,1.333,Não
P111,Português,concluído,Sim,,s03__E3__baseline,7,39,s03,E3,linha de base,microsoft/Phi-3-mini-4k-instruct,16,17,0.941,Não
P111,Português,concluído,Sim,,s12__E4__pipeline,6,40,s12,E4,pipeline,Qwen/Qwen2.5-3B-Instruct,11,13,0.846,Não
P111,Português,concluído,Sim,,s02__E3__baseline,7,41,s02,E3,linha de base,microsoft/Phi-3-mini-4k-instruct,16,22,0.727,Não
P111,Português,concluído,Sim,,s02__E2__baseline,5,42,s02,E2,linha de base,facebook/blenderbot-400M-distill,9,15,0.600,Não
P111,Português,concluído,Sim,,s12__E1__pipeline,3,43,s12,E1,pipeline,microsoft/DialoGPT-medium,14,12,1.167,Não
P111,Português,concluído,Sim,,s12__E1__baseline,1,44,s12,E1,linha de base,microsoft/DialoGPT-medium,6,10,0.600,Não
P111,Português,concluído,Sim,,s12__E3__baseline,7,45,s12,E3,linha de base,microsoft/Phi-3-mini-4k-instruct,25,21,1.190,Não
P111,Português,concluído,Sim,,s09__E4__pipeline,5,46,s09,E4,pipeline,Qwen/Qwen2.5-3B-Instruct,23,20,1.150,Não
P111,Português,concluído,Sim,,s12__E3__pipeline,6,47,s12,E3,pipeline,microsoft/Phi-3-mini-4k-instruct,15,19,0.789,Não
P111,Português,concluído,Sim,,s01__E3__baseline,7,48,s01,E3,linha de base,microsoft/Phi-3-mini-4k-instruct,17,19,0.895,Não
P111,Português,concluído,Sim,,s09__E1__pipeline,1,49,s09,E1,pipeline,microsoft/DialoGPT-medium,11,12,0.917,Não
P111,Português,concluído,Sim,,s06__E3__pipeline,6,50,s06,E3,pipeline,microsoft/Phi-3-mini-4k-instruct,30,18,1.667,Não
P111,Português,concluído,Sim,,s07__E3__baseline,7,51,s07,E3,linha de base,microsoft/Phi-3-mini-4k-instruct,19,24,0.792,Não
P111,Português,concluído,Sim,,s09__E4__baseline,5,52,s09,E4,linha de base,Qwen/Qwen2.5-3B-Instruct,20,20,1.000,Não
P111,Português,concluído,Sim,,s06__E1__baseline,2,53,s06,E1,linha de base,microsoft/DialoGPT-medium,19,16,1.188,Não
P111,Português,concluído,Sim,,s02__E4__baseline,5,54,s02,E4,linha de base,Qwen/Qwen2.5-3B-Instruct,22,15,1.467,Não
P111,Português,concluído,Sim,,s10__E4__baseline,6,55,s10,E4,linha de base,Qwen/Qwen2.5-3B-Instruct,12,13,0.923,Não
P111,Português,concluído,Sim,,s05__E4__pipeline,6,56,s05,E4,pipeline,Qwen/Qwen2.5-3B-Instruct,24,14,1.714,Não
P111,Português,concluído,Sim,,s01__E1__baseline,1,57,s01,E1,linha de base,microsoft/DialoGPT-medium,9,8,1.125,Não
P111,Português,concluído,Sim,,s09__E2__pipeline,6,58,s09,E2,pipeline,facebook/blenderbot-400M-distill,21,16,1.313,Não
P111,Português,concluído,Sim,,s11__E2__pipeline,5,59,s11,E2,pipeline,facebook/blenderbot-400M-distill,16,16,1.000,Não
P111,Português,concluído,Sim,,s01__E4__baseline,6,60,s01,E4,linha de base,Qwen/Qwen2.5-3B-Instruct,24,15.5,1.548,Não
P111,Português,concluído,Sim,,s03__E1__baseline,1,61,s03,E1,linha de base,microsoft/DialoGPT-medium,14,14,1.000,Não
P111,Português,concluído,Sim,,s06__E4__pipeline,6,62,s06,E4,pipeline,Qwen/Qwen2.5-3B-Instruct,18,13,1.385,Não
P111,Português,concluído,Sim,,s05__E1__baseline,3,63,s05,E1,linha de base,microsoft/DialoGPT-medium,15,11,1.364,Não
P111,Português,concluído,Sim,,s11__E4__pipeline,4,64,s11,E4,pipeline,Qwen/Qwen2.5-3B-Instruct,13,14.5,0.897,Não
P111,Português,concluído,Sim,,s06__E3__baseline,6,65,s06,E3,linha de base,microsoft/Phi-3-mini-4k-instruct,14,18,0.778,Não
P111,Português,concluído,Sim,,s11__E3__baseline,6,66,s11,E3,linha de base,microsoft/Phi-3-mini-4k-instruct,15,20,0.750,Não
P111,Português,concluído,Sim,,s05__E2__baseline,4,67,s05,E2,linha de base,facebook/blenderbot-400M-distill,10,16,0.625,Não
P111,Português,concluído,Sim,,s02__E1__baseline,1,68,s02,E1,linha de base,microsoft/DialoGPT-medium,6,11,0.545,Não
P111,Português,concluído,Sim,,s07__E4__pipeline,5,69,s07,E4,pipeline,Qwen/Qwen2.5-3B-Instruct,19,18,1.056,Não
P111,Português,concluído,Sim,,s11__E2__baseline,4,70,s11,E2,linha de base,facebook/blenderbot-400M-distill,9,16,0.563,Não
P111,Português,concluído,Sim,,s07__E3__pipeline,7,71,s07,E3,pipeline,microsoft/Phi-3-mini-4k-instruct,12,16.5,0.727,Não
P111,Português,concluído,Sim,,s03__E2__pipeline,4,72,s03,E2,pipeline,facebook/blenderbot-400M-distill,11,14.5,0.759,Não
P111,Português,concluído,Sim,,s09__E2__baseline,3,73,s09,E2,linha de base,facebook/blenderbot-400M-distill,10,13.5,0.741,Não
P111,Português,concluído,Sim,,s04__E3__baseline,6,74,s04,E3,linha de base,microsoft/Phi-3-mini-4k-instruct,12,17,0.706,Não
P111,Português,concluído,Sim,,s08__E2__baseline,3,75,s08,E2,linha de base,facebook/blenderbot-400M-distill,17,14,1.214,Não
P111,Português,concluído,Sim,,s05__E4__baseline,5,76,s05,E4,linha de base,Qwen/Qwen2.5-3B-Instruct,13,13.5,0.963,Não
P111,Português,concluído,Sim,,s10__E2__pipeline,4,77,s10,E2,pipeline,facebook/blenderbot-400M-distill,11,11.5,0.957,Não
P111,Português,concluído,Sim,,s04__E1__baseline,1,78,s04,E1,linha de base,microsoft/DialoGPT-medium,5,8,0.625,Não
P111,Português,concluído,Sim,,s07__E1__pipeline,1,79,s07,E1,pipeline,microsoft/DialoGPT-medium,6,12,0.500,Não
P111,Português,concluído,Sim,,s04__E3__pipeline,6,80,s04,E3,pipeline,microsoft/Phi-3-mini-4k-instruct,11,17,0.647,Não
P111,Português,concluído,Sim,,s03__E3__pipeline,6,81,s03,E3,pipeline,microsoft/Phi-3-mini-4k-instruct,14,15,0.933,Não
P111,Português,concluído,Sim,,s05__E3__baseline,6,82,s05,E3,linha de base,microsoft/Phi-3-mini-4k-instruct,18,24,0.750,Não
P111,Português,concluído,Sim,,s08__E3__baseline,6,83,s08,E3,linha de base,microsoft/Phi-3-mini-4k-instruct,13,15,0.867,Não
P111,Português,concluído,Sim,,s08__E4__baseline,6,84,s08,E4,linha de base,Qwen/Qwen2.5-3B-Instruct,16,15,1.067,Não
P111,Português,concluído,Sim,,s07__E4__baseline,5,85,s07,E4,linha de base,Qwen/Qwen2.5-3B-Instruct,12,15.5,0.774,Não
P111,Português,concluído,Sim,,s06__E1__pipeline,1,86,s06,E1,pipeline,microsoft/DialoGPT-medium,18,10,1.800,Não
P111,Português,concluído,Sim,,s09__E3__baseline,5,87,s09,E3,linha de base,microsoft/Phi-3-mini-4k-instruct,16,26.5,0.604,Não
P111,Português,concluído,Sim,,s04__E2__pipeline,4,88,s04,E2,pipeline,facebook/blenderbot-400M-distill,16,14,1.143,Não
P111,Português,concluído,Sim,,s03__E4__baseline,5,89,s03,E4,linha de base,Qwen/Qwen2.5-3B-Instruct,11,13,0.846,Não
P111,Português,concluído,Sim,,s04__E4__baseline,5,90,s04,E4,linha de base,Qwen/Qwen2.5-3B-Instruct,12,15,0.800,Não
P111,Português,concluído,Sim,,s08__E1__baseline,1,91,s08,E1,linha de base,microsoft/DialoGPT-medium,3,6,0.500,Não
P111,Português,concluído,Sim,,s03__E2__baseline,4,92,s03,E2,linha de base,facebook/blenderbot-400M-distill,11,13,0.846,Não
P111,Português,concluído,Sim,,s09__E3__pipeline,4,93,s09,E3,pipeline,microsoft/Phi-3-mini-4k-instruct,13,17,0.765,Não
P111,Português,concluído,Sim,,s01__E2__pipeline,4,94,s01,E2,pipeline,facebook/blenderbot-400M-distill,11,11.5,0.957,Não
P111,Português,concluído,Sim,,s06__E2__baseline,2,95,s06,E2,linha de base,facebook/blenderbot-400M-distill,7,14,0.500,Não
P111,Português,concluído,Sim,,s01__E3__pipeline,6,96,s01,E3,pipeline,microsoft/Phi-3-mini-4k-instruct,20,19.5,1.026,Não
P112,Português,concluído,Sim,,s05__E3__baseline,7,1,s05,E3,linha de base,microsoft/Phi-3-mini-4k-instruct,,24,,Não
P112,Português,concluído,Sim,,s12__E2__baseline,5,2,s12,E2,linha de base,facebook/blenderbot-400M-distill,26,20.5,1.268,Não
P112,Português,concluído,Sim,,s09__E4__baseline,6,3,s09,E4,linha de base,Qwen/Qwen2.5-3B-Instruct,19,20,0.950,Não
P112,Português,concluído,Sim,,s05__E1__baseline,2,4,s05,E1,linha de base,microsoft/DialoGPT-medium,8,11,0.727,Não
P112,Português,concluído,Sim,,s02__E3__pipeline,7,5,s02,E3,pipeline,microsoft/Phi-3-mini-4k-instruct,17,25.5,0.667,Não
P112,Português,concluído,Sim,,s04__E2__baseline,5,6,s04,E2,linha de base,facebook/blenderbot-400M-distill,12,13,0.923,Não
P112,Português,concluído,Sim,,s10__E3__baseline,7,7,s10,E3,linha de base,microsoft/Phi-3-mini-4k-instruct,17,19,0.895,Não
P112,Português,concluído,Sim,,s04__E4__pipeline,6,8,s04,E4,pipeline,Qwen/Qwen2.5-3B-Instruct,10,17.5,0.571,Não
P112,Português,concluído,Sim,,s02__E1__pipeline,1,9,s02,E1,pipeline,microsoft/DialoGPT-medium,6,10,0.600,Não
P112,Português,concluído,Sim,,s05__E2__pipeline,5,10,s05,E2,pipeline,facebook/blenderbot-400M-distill,11,15,0.733,Não
P112,Português,concluído,Sim,,s11__E4__baseline,5,11,s11,E4,linha de base,Qwen/Qwen2.5-3B-Instruct,30,13,2.308,Não
P112,Português,concluído,Sim,,s12__E2__pipeline,4,12,s12,E2,pipeline,facebook/blenderbot-400M-distill,45,20,2.250,Não
P112,Português,concluído,Sim,,s02__E4__pipeline,5,13,s02,E4,pipeline,Qwen/Qwen2.5-3B-Instruct,7,15,0.467,Não
P112,Português,concluído,Sim,,s02__E1__baseline,2,14,s02,E1,linha de base,microsoft/DialoGPT-medium,6,11,0.545,Não
P112,Português,concluído,Sim,,s04__E4__baseline,4,15,s04,E4,linha de base,Qwen/Qwen2.5-3B-Instruct,6,15,0.400,Não
P112,Português,concluído,Sim,,s07__E1__baseline,1,16,s07,E1,linha de base,microsoft/DialoGPT-medium,7,11,0.636,Não
P112,Português,concluído,Sim,,s08__E4__baseline,4,17,s08,E4,linha de base,Qwen/Qwen2.5-3B-Instruct,12,15,0.800,Não
P112,Português,concluído,Sim,,s04__E1__baseline,1,18,s04,E1,linha de base,microsoft/DialoGPT-medium,3,8,0.375,Não
P112,Português,concluído,Sim,,s08__E2__pipeline,4,19,s08,E2,pipeline,facebook/blenderbot-400M-distill,8,14,0.571,Não
P112,Português,concluído,Sim,,s05__E4__pipeline,4,20,s05,E4,pipeline,Qwen/Qwen2.5-3B-Instruct,8,14,0.571,Não
P112,Português,concluído,Sim,,s11__E1__baseline,1,21,s11,E1,linha de base,microsoft/DialoGPT-medium,5,9,0.556,Não
P112,Português,concluído,Sim,,s01__E4__baseline,5,22,s01,E4,linha de base,Qwen/Qwen2.5-3B-Instruct,9,15.5,0.581,Não
P112,Português,concluído,Sim,,s07__E4__baseline,4,23,s07,E4,linha de base,Qwen/Qwen2.5-3B-Instruct,14,15.5,0.903,Não
P112,Português,concluído,Sim,,s02__E2__pipeline,2,24,s02,E2,pipeline,facebook/blenderbot-400M-distill,7,13,0.538,Não
P113,Português,em curso,,,,,,,,,,,,,
P114,Português,concluído,Sim,,s01__E2__pipeline,6,1,s01,E2,pipeline,facebook/blenderbot-400M-distill,,11.5,,Não
P114,Português,concluído,Sim,,s08__E1__baseline,1,2,s08,E1,linha de base,microsoft/DialoGPT-medium,6,6,1.000,Não
P114,Português,concluído,Sim,,s12__E4__pipeline,7,3,s12,E4,pipeline,Qwen/Qwen2.5-3B-Instruct,11,13,0.846,Não
P114,Português,concluído,Sim,,s01__E2__baseline,7,4,s01,E2,linha de base,facebook/blenderbot-400M-distill,8,14,0.571,Não
P114,Português,concluído,Sim,,s06__E1__pipeline,1,5,s06,E1,pipeline,microsoft/DialoGPT-medium,5,10,0.500,Não
P114,Português,concluído,Sim,,s06__E3__baseline,7,6,s06,E3,linha de base,microsoft/Phi-3-mini-4k-instruct,10,18,0.556,Não
P114,Português,concluído,Sim,,s03__E1__pipeline,1,7,s03,E1,pipeline,microsoft/DialoGPT-medium,6,11,0.545,Não
P114,Português,concluído,Sim,,s06__E4__pipeline,7,8,s06,E4,pipeline,Qwen/Qwen2.5-3B-Instruct,16,13,1.231,Não
P114,Português,concluído,Sim,,s12__E1__pipeline,1,9,s12,E1,pipeline,microsoft/DialoGPT-medium,4,12,0.333,Não
P114,Português,concluído,Sim,,s07__E4__pipeline,7,10,s07,E4,pipeline,Qwen/Qwen2.5-3B-Instruct,13,18,0.722,Não
P114,Português,concluído,Sim,,s09__E2__baseline,1,11,s09,E2,linha de base,facebook/blenderbot-400M-distill,5,13.5,0.370,Não
P114,Português,concluído,Sim,,s05__E4__baseline,7,12,s05,E4,linha de base,Qwen/Qwen2.5-3B-Instruct,8,13.5,0.593,Não
P114,Português,concluído,Sim,,s10__E1__baseline,5,13,s10,E1,linha de base,microsoft/DialoGPT-medium,8,14,0.571,Não
P114,Português,concluído,Sim,,s03__E3__baseline,7,14,s03,E3,linha de base,microsoft/Phi-3-mini-4k-instruct,14,17,0.824,Não
P114,Português,concluído,Sim,,s05__E1__pipeline,1,15,s05,E1,pipeline,microsoft/DialoGPT-medium,4,13.5,0.296,Não
P114,Português,concluído,Sim,,s09__E4__pipeline,6,16,s09,E4,pipeline,Qwen/Qwen2.5-3B-Instruct,11,20,0.550,Não
P114,Português,concluído,Sim,,s02__E3__baseline,7,17,s02,E3,linha de base,microsoft/Phi-3-mini-4k-instruct,12,22,0.545,Não
P114,Português,concluído,Sim,,s02__E2__baseline,6,18,s02,E2,linha de base,facebook/blenderbot-400M-distill,24,15,1.600,Não
P114,Português,concluído,Sim,,s12__E3__baseline,6,19,s12,E3,linha de base,microsoft/Phi-3-mini-4k-instruct,521,21,24.810,Não
P114,Português,concluído,Sim,,s03__E2__pipeline,4,20,s03,E2,pipeline,facebook/blenderbot-400M-distill,6,14.5,0.414,Não
P114,Português,concluído,Sim,,s08__E3__baseline,7,21,s08,E3,linha de base,microsoft/Phi-3-mini-4k-instruct,7,15,0.467,Não
P114,Português,concluído,Sim,,s01__E3__baseline,7,22,s01,E3,linha de base,microsoft/Phi-3-mini-4k-instruct,11,19,0.579,Não
P114,Português,concluído,Sim,,s09__E1__baseline,1,23,s09,E1,linha de base,microsoft/DialoGPT-medium,3,11,0.273,Não
P114,Português,concluído,Sim,,s05__E3__pipeline,7,24,s05,E3,pipeline,microsoft/Phi-3-mini-4k-instruct,9,18,0.500,Não
P115,Português,em curso,,,s09__E1__pipeline,1,1,s09,E1,pipeline,microsoft/DialoGPT-medium,,12,,Não
P115,Português,em curso,,,s04__E3__pipeline,6,2,s04,E3,pipeline,microsoft/Phi-3-mini-4k-instruct,38,17,2.235,Não
P115,Português,em curso,,,s08__E2__baseline,4,3,s08,E2,linha de base,facebook/blenderbot-400M-distill,19,14,1.357,Não
P115,Português,em curso,,,s10__E3__pipeline,6,4,s10,E3,pipeline,microsoft/Phi-3-mini-4k-instruct,28,20,1.400,Não
P115,Português,em curso,,,s11__E2__pipeline,3,5,s11,E2,pipeline,facebook/blenderbot-400M-distill,17,16,1.063,Não
P115,Português,em curso,,,s07__E2__baseline,4,6,s07,E2,linha de base,facebook/blenderbot-400M-distill,17,15,1.133,Não
P115,Português,em curso,,,s09__E2__pipeline,6,7,s09,E2,pipeline,facebook/blenderbot-400M-distill,16,16,1.000,Não
P115,Português,em curso,,,s03__E2__baseline,6,8,s03,E2,linha de base,facebook/blenderbot-400M-distill,22,13,1.692,Não
P115,Português,em curso,,,s10__E4__baseline,6,9,s10,E4,linha de base,Qwen/Qwen2.5-3B-Instruct,16,13,1.231,Não
P115,Português,em curso,,,s07__E3__pipeline,7,10,s07,E3,pipeline,microsoft/Phi-3-mini-4k-instruct,17,16.5,1.030,Não
P115,Português,em curso,,,s11__E3__baseline,6,11,s11,E3,linha de base,microsoft/Phi-3-mini-4k-instruct,30,20,1.500,Não
P115,Português,em curso,,,s03__E4__baseline,5,12,s03,E4,linha de base,Qwen/Qwen2.5-3B-Instruct,67,13,5.154,Não
P115,Português,em curso,,,s12__E4__baseline,3,13,s12,E4,linha de base,Qwen/Qwen2.5-3B-Instruct,26,20,1.300,Não
P115,Português,em curso,,,s11__E4__pipeline,4,14,s11,E4,pipeline,Qwen/Qwen2.5-3B-Instruct,12,14.5,0.828,Não
P115,Português,em curso,,,s02__E4__baseline,5,15,s02,E4,linha de base,Qwen/Qwen2.5-3B-Instruct,15,15,1.000,Não
P115,Português,em curso,,,s04__E3__baseline,7,16,s04,E3,linha de base,microsoft/Phi-3-mini-4k-instruct,8,17,0.471,Não
P115,Português,em curso,,,s05__E2__baseline,4,17,s05,E2,linha de base,facebook/blenderbot-400M-distill,33,16,2.063,Não
P116,Português,em curso,,,,,,,,,,,,,
P117,Português,em curso,,,s10__E3__baseline,7,1,s10,E3,linha de base,microsoft/Phi-3-mini-4k-instruct,,19,,Não
P117,Português,em curso,,,s10__E1__pipeline,1,2,s10,E1,pipeline,microsoft/DialoGPT-medium,17,10,1.700,Não
P117,Português,em curso,,,s09__E4__baseline,7,3,s09,E4,linha de base,Qwen/Qwen2.5-3B-Instruct,19,20,0.950,Não
P117,Português,em curso,,,s01__E4__pipeline,7,4,s01,E4,pipeline,Qwen/Qwen2.5-3B-Instruct,35,25,1.400,Não
P117,Português,em curso,,,s03__E4__pipeline,7,5,s03,E4,pipeline,Qwen/Qwen2.5-3B-Instruct,13,22,0.591,Não
P117,Português,em curso,,,s01__E1__pipeline,2,6,s01,E1,pipeline,microsoft/DialoGPT-medium,21,17,1.235,Não
P117,Português,em curso,,,s06__E4__baseline,7,7,s06,E4,linha de base,Qwen/Qwen2.5-3B-Instruct,,20,,Não
P118,Português,concluído,Sim,,s12__E1__pipeline,2,1,s12,E1,pipeline,microsoft/DialoGPT-medium,,12,,Não
P118,Português,concluído,Sim,,s09__E4__pipeline,5,2,s09,E4,pipeline,Qwen/Qwen2.5-3B-Instruct,24,20,1.200,Não
P118,Português,concluído,Sim,,s06__E3__baseline,7,3,s06,E3,linha de base,microsoft/Phi-3-mini-4k-instruct,30,18,1.667,Não
P118,Português,concluído,Sim,,s05__E1__pipeline,3,4,s05,E1,pipeline,microsoft/DialoGPT-medium,16,13.5,1.185,Não
P118,Português,concluído,Sim,,s08__E3__pipeline,7,5,s08,E3,pipeline,microsoft/Phi-3-mini-4k-instruct,20,21.5,0.930,Não
P118,Português,concluído,Sim,,s02__E3__baseline,7,6,s02,E3,linha de base,microsoft/Phi-3-mini-4k-instruct,27,22,1.227,Não
P118,Português,concluído,Sim,,s08__E1__pipeline,1,7,s08,E1,pipeline,microsoft/DialoGPT-medium,9,10,0.900,Não
P118,Português,concluído,Sim,,s12__E3__pipeline,6,8,s12,E3,pipeline,microsoft/Phi-3-mini-4k-instruct,35,19,1.842,Não
P118,Português,concluído,Sim,,s06__E2__baseline,1,9,s06,E2,linha de base,facebook/blenderbot-400M-distill,10,14,0.714,Não
P118,Português,concluído,Sim,,s11__E2__baseline,1,10,s11,E2,linha de base,facebook/blenderbot-400M-distill,,16,,Não
P118,Português,concluído,Sim,,s03__E1__baseline,1,11,s03,E1,linha de base,microsoft/DialoGPT-medium,11,14,0.786,Não
P118,Português,concluído,Sim,,s06__E2__pipeline,1,12,s06,E2,pipeline,facebook/blenderbot-400M-distill,9,15,0.600,Não
P118,Português,concluído,Sim,,s03__E3__baseline,7,13,s03,E3,linha de base,microsoft/Phi-3-mini-4k-instruct,16,17,0.941,Não
P118,Português,concluído,Sim,,s04__E2__pipeline,3,14,s04,E2,pipeline,facebook/blenderbot-400M-distill,10,14,0.714,Não
P118,Português,concluído,Sim,,s01__E1__baseline,1,15,s01,E1,linha de base,microsoft/DialoGPT-medium,8,8,1.000,Não
P118,Português,concluído,Sim,,s03__E2__pipeline,2,16,s03,E2,pipeline,facebook/blenderbot-400M-distill,13,14.5,0.897,Não
P118,Português,concluído,Sim,,s06__E1__pipeline,1,17,s06,E1,pipeline,microsoft/DialoGPT-medium,7,10,0.700,Não
P118,Português,concluído,Sim,,s09__E2__baseline,2,18,s09,E2,linha de base,facebook/blenderbot-400M-distill,9,13.5,0.667,Não
P118,Português,concluído,Sim,,s07__E4__pipeline,6,19,s07,E4,pipeline,Qwen/Qwen2.5-3B-Instruct,17,18,0.944,Não
P118,Português,concluído,Sim,,s09__E3__pipeline,6,20,s09,E3,pipeline,microsoft/Phi-3-mini-4k-instruct,14,17,0.824,Não
P118,Português,concluído,Sim,,s10__E1__baseline,1,21,s10,E1,linha de base,microsoft/DialoGPT-medium,9,14,0.643,Não
P118,Português,concluído,Sim,,s07__E1__pipeline,2,22,s07,E1,pipeline,microsoft/DialoGPT-medium,9,12,0.750,Não
P118,Português,concluído,Sim,,s12__E1__baseline,1,23,s12,E1,linha de base,microsoft/DialoGPT-medium,12,10,1.200,Não
P118,Português,concluído,Sim,,s01__E3__baseline,4,24,s01,E3,linha de base,microsoft/Phi-3-mini-4k-instruct,33,19,1.737,Não
P119,Português,em curso,,,s01__E1__pipeline,3,1,s01,E1,pipeline,microsoft/DialoGPT-medium,,17,,Não
P119,Português,em curso,,,s11__E2__pipeline,5,2,s11,E2,pipeline,facebook/blenderbot-400M-distill,30,16,1.875,Não
P119,Português,em curso,,,s03__E4__pipeline,5,3,s03,E4,pipeline,Qwen/Qwen2.5-3B-Instruct,35,22,1.591,Não
P119,Português,em curso,,,s07__E3__baseline,6,4,s07,E3,linha de base,microsoft/Phi-3-mini-4k-instruct,50,24,2.083,Não
P119,Português,em curso,,,s01__E3__pipeline,7,5,s01,E3,pipeline,microsoft/Phi-3-mini-4k-instruct,22,19.5,1.128,Não
P120,Português,em curso,,,,,,,,,,,,,
P121,Português,em curso,,,,,,,,,,,,,
P122,Português,em curso,,,,,,,,,,,,,
P123,Inglês,em curso,,,s01__E2__pipeline,7,1,s01,E2,pipeline,facebook/blenderbot-400M-distill,,11.5,,Não
P123,Inglês,em curso,,,s03__E3__pipeline,7,2,s03,E3,pipeline,microsoft/Phi-3-mini-4k-instruct,27,15,1.800,Não
P123,Inglês,em curso,,,s12__E4__baseline,7,3,s12,E4,linha de base,Qwen/Qwen2.5-3B-Instruct,20,20,1.000,Não
P124,Inglês,concluído,Sim,,s03__E4__baseline,5,1,s03,E4,linha de base,Qwen/Qwen2.5-3B-Instruct,,13,,Não
P124,Inglês,concluído,Sim,,s12__E3__pipeline,4,2,s12,E3,pipeline,microsoft/Phi-3-mini-4k-instruct,44,19,2.316,Não
P124,Inglês,concluído,Sim,,s05__E2__baseline,3,3,s05,E2,linha de base,facebook/blenderbot-400M-distill,34,16,2.125,Não
P124,Inglês,concluído,Sim,,s03__E1__baseline,1,4,s03,E1,linha de base,microsoft/DialoGPT-medium,15,14,1.071,Não
P124,Inglês,concluído,Sim,,s07__E1__pipeline,1,5,s07,E1,pipeline,microsoft/DialoGPT-medium,21,12,1.750,Não
P124,Inglês,concluído,Sim,,s09__E3__pipeline,5,6,s09,E3,pipeline,microsoft/Phi-3-mini-4k-instruct,39,17,2.294,Não
P124,Inglês,concluído,Sim,,s10__E4__baseline,7,7,s10,E4,linha de base,Qwen/Qwen2.5-3B-Instruct,17,13,1.308,Não
P124,Inglês,concluído,Sim,,s12__E1__baseline,1,8,s12,E1,linha de base,microsoft/DialoGPT-medium,68,10,6.800,Não
P124,Inglês,concluído,Sim,,s11__E4__pipeline,7,9,s11,E4,pipeline,Qwen/Qwen2.5-3B-Instruct,98,14.5,6.759,Não
P124,Inglês,concluído,Sim,,s04__E2__pipeline,7,10,s04,E2,pipeline,facebook/blenderbot-400M-distill,11,14,0.786,Não
P124,Inglês,concluído,Sim,,s08__E2__baseline,4,11,s08,E2,linha de base,facebook/blenderbot-400M-distill,22,14,1.571,Não
P124,Inglês,concluído,Sim,,s10__E2__pipeline,7,12,s10,E2,pipeline,facebook/blenderbot-400M-distill,14,11.5,1.217,Não
P124,Inglês,concluído,Sim,,s06__E2__pipeline,7,13,s06,E2,pipeline,facebook/blenderbot-400M-distill,17,15,1.133,Não
P124,Inglês,concluído,Sim,,s03__E3__pipeline,7,14,s03,E3,pipeline,microsoft/Phi-3-mini-4k-instruct,13,15,0.867,Não
P124,Inglês,concluído,Sim,,s08__E1__pipeline,1,15,s08,E1,pipeline,microsoft/DialoGPT-medium,17,10,1.700,Não
P124,Inglês,concluído,Sim,,s08__E3__pipeline,7,16,s08,E3,pipeline,microsoft/Phi-3-mini-4k-instruct,37,21.5,1.721,Não
P124,Inglês,concluído,Sim,,s10__E3__pipeline,7,17,s10,E3,pipeline,microsoft/Phi-3-mini-4k-instruct,16,20,0.800,Não
P124,Inglês,concluído,Sim,,s11__E2__baseline,4,18,s11,E2,linha de base,facebook/blenderbot-400M-distill,17,16,1.063,Não
P124,Inglês,concluído,Sim,,s09__E1__pipeline,1,19,s09,E1,pipeline,microsoft/DialoGPT-medium,9,12,0.750,Não
P124,Inglês,concluído,Sim,,s02__E4__baseline,5,20,s02,E4,linha de base,Qwen/Qwen2.5-3B-Instruct,21,15,1.400,Não
P124,Inglês,concluído,Sim,,s12__E4__baseline,7,21,s12,E4,linha de base,Qwen/Qwen2.5-3B-Instruct,20,20,1.000,Não
P124,Inglês,concluído,Sim,,s06__E3__pipeline,7,22,s06,E3,pipeline,microsoft/Phi-3-mini-4k-instruct,12,18,0.667,Não
P124,Inglês,concluído,Sim,,s01__E1__baseline,1,23,s01,E1,linha de base,microsoft/DialoGPT-medium,9,8,1.125,Não
P124,Inglês,concluído,Sim,,s06__E2__baseline,4,24,s06,E2,linha de base,facebook/blenderbot-400M-distill,20,14,1.429,Não
P125,Português,em curso,,,,,,,,,,,,,
P126,Português,concluído,Não,falha no item de atenção,s11__E1__baseline,5,1,s11,E1,linha de base,microsoft/DialoGPT-medium,,9,,Não
P126,Português,concluído,Não,falha no item de atenção,s05__E2__pipeline,5,2,s05,E2,pipeline,facebook/blenderbot-400M-distill,45,15,3.000,Não
P126,Português,concluído,Não,falha no item de atenção,s01__E1__pipeline,7,3,s01,E1,pipeline,microsoft/DialoGPT-medium,36,17,2.118,Não
P126,Português,concluído,Não,falha no item de atenção,s08__E2__pipeline,5,4,s08,E2,pipeline,facebook/blenderbot-400M-distill,26,14,1.857,Não
P126,Português,concluído,Não,falha no item de atenção,s11__E1__pipeline,3,5,s11,E1,pipeline,microsoft/DialoGPT-medium,26,10,2.600,Não
P126,Português,concluído,Não,falha no item de atenção,s10__E2__baseline,2,6,s10,E2,linha de base,facebook/blenderbot-400M-distill,39,13.5,2.889,Não
P126,Português,concluído,Não,falha no item de atenção,s06__E4__baseline,1,7,s06,E4,linha de base,Qwen/Qwen2.5-3B-Instruct,37,20,1.850,Não
P126,Português,concluído,Não,falha no item de atenção,s02__E4__pipeline,4,8,s02,E4,pipeline,Qwen/Qwen2.5-3B-Instruct,22,15,1.467,Não
P126,Português,concluído,Não,falha no item de atenção,s04__E1__pipeline,1,9,s04,E1,pipeline,microsoft/DialoGPT-medium,13,13,1.000,Não
P126,Português,concluído,Não,falha no item de atenção,s07__E2__pipeline,4,10,s07,E2,pipeline,facebook/blenderbot-400M-distill,20,20,1.000,Não
P126,Português,concluído,Não,falha no item de atenção,s01__E4__pipeline,5,11,s01,E4,pipeline,Qwen/Qwen2.5-3B-Instruct,30,25,1.200,Não
P126,Português,concluído,Não,falha no item de atenção,s04__E2__baseline,1,12,s04,E2,linha de base,facebook/blenderbot-400M-distill,33,13,2.538,Não
P126,Português,concluído,Não,falha no item de atenção,s10__E4__pipeline,4,13,s10,E4,pipeline,Qwen/Qwen2.5-3B-Instruct,33,18,1.833,Não
P126,Português,concluído,Não,falha no item de atenção,s04__E4__pipeline,2,14,s04,E4,pipeline,Qwen/Qwen2.5-3B-Instruct,33,17.5,1.886,Não
P126,Português,concluído,Não,falha no item de atenção,s08__E4__pipeline,5,15,s08,E4,pipeline,Qwen/Qwen2.5-3B-Instruct,27,19.5,1.385,Não
P126,Português,concluído,Não,falha no item de atenção,s02__E2__pipeline,1,16,s02,E2,pipeline,facebook/blenderbot-400M-distill,25,13,1.923,Não
P126,Português,concluído,Não,falha no item de atenção,s02__E3__pipeline,2,17,s02,E3,pipeline,microsoft/Phi-3-mini-4k-instruct,85,25.5,3.333,Não
P126,Português,concluído,Não,falha no item de atenção,s03__E4__pipeline,4,18,s03,E4,pipeline,Qwen/Qwen2.5-3B-Instruct,34,22,1.545,Não
P126,Português,concluído,Não,falha no item de atenção,s12__E2__pipeline,4,19,s12,E2,pipeline,facebook/blenderbot-400M-distill,68,20,3.400,Não
P126,Português,concluído,Não,falha no item de atenção,s02__E1__pipeline,1,20,s02,E1,pipeline,microsoft/DialoGPT-medium,29,10,2.900,Não
P126,Português,concluído,Não,falha no item de atenção,s12__E2__baseline,1,21,s12,E2,linha de base,facebook/blenderbot-400M-distill,45,20.5,2.195,Não
P126,Português,concluído,Não,falha no item de atenção,s10__E1__pipeline,1,22,s10,E1,pipeline,microsoft/DialoGPT-medium,10,10,1.000,Não
P126,Português,concluído,Não,falha no item de atenção,s07__E1__baseline,1,23,s07,E1,linha de base,microsoft/DialoGPT-medium,12,11,1.091,Não
P126,Português,concluído,Não,falha no item de atenção,s11__E3__pipeline,6,24,s11,E3,pipeline,microsoft/Phi-3-mini-4k-instruct,21,19,1.105,Não
P127,Português,em curso,,,,,,,,,,,,,
P128,Português,em curso,,,,,,,,,,,,,
P129,Português,em curso,,,s09__E4__pipeline,4,1,s09,E4,pipeline,Qwen/Qwen2.5-3B-Instruct,,20,,
P130,Português,em curso,,,,,,,,,,,,,
P131,Português,em curso,,,,,,,,,,,,,
P132,Português,em curso,,,,,,,,,,,,,
P133,Português,concluído,Sim,,s12__E1__baseline,2,1,s12,E1,linha de base,microsoft/DialoGPT-medium,,10,,Não
P133,Português,concluído,Sim,,s06__E2__pipeline,4,2,s06,E2,pipeline,facebook/blenderbot-400M-distill,11,15,0.733,Não
P133,Português,concluído,Sim,,s10__E1__baseline,7,3,s10,E1,linha de base,microsoft/DialoGPT-medium,16,14,1.143,Não
P133,Português,concluído,Sim,,s01__E3__baseline,7,4,s01,E3,linha de base,microsoft/Phi-3-mini-4k-instruct,15,19,0.789,Não
P133,Português,concluído,Sim,,s06__E2__baseline,4,5,s06,E2,linha de base,facebook/blenderbot-400M-distill,11,14,0.786,Não
P133,Português,concluído,Sim,,s07__E1__pipeline,3,6,s07,E1,pipeline,microsoft/DialoGPT-medium,13,12,1.083,Não
P133,Português,concluído,Sim,,s08__E1__pipeline,1,7,s08,E1,pipeline,microsoft/DialoGPT-medium,10,10,1.000,Não
P133,Português,concluído,Sim,,s03__E1__baseline,1,8,s03,E1,linha de base,microsoft/DialoGPT-medium,14,14,1.000,Não
P133,Português,concluído,Sim,,s09__E4__pipeline,7,9,s09,E4,pipeline,Qwen/Qwen2.5-3B-Instruct,13,20,0.650,Não
P133,Português,concluído,Sim,,s09__E2__baseline,3,10,s09,E2,linha de base,facebook/blenderbot-400M-distill,15,13.5,1.111,Não
P133,Português,concluído,Sim,,s03__E3__baseline,7,11,s03,E3,linha de base,microsoft/Phi-3-mini-4k-instruct,11,17,0.647,Não
P133,Português,concluído,Sim,,s12__E3__pipeline,7,12,s12,E3,pipeline,microsoft/Phi-3-mini-4k-instruct,6,19,0.316,Não
P133,Português,concluído,Sim,,s02__E3__baseline,7,13,s02,E3,linha de base,microsoft/Phi-3-mini-4k-instruct,11,22,0.500,Não
P133,Português,concluído,Sim,,s04__E2__pipeline,7,14,s04,E2,pipeline,facebook/blenderbot-400M-distill,174,14,12.429,Não
P133,Português,concluído,Sim,,s09__E3__pipeline,7,15,s09,E3,pipeline,microsoft/Phi-3-mini-4k-instruct,9,17,0.529,Não
P133,Português,concluído,Sim,,s05__E1__pipeline,5,16,s05,E1,pipeline,microsoft/DialoGPT-medium,10,13.5,0.741,Não
P133,Português,concluído,Sim,,s03__E2__pipeline,3,17,s03,E2,pipeline,facebook/blenderbot-400M-distill,17,14.5,1.172,Não
P133,Português,concluído,Sim,,s11__E2__baseline,2,18,s11,E2,linha de base,facebook/blenderbot-400M-distill,22,16,1.375,Não
P133,Português,concluído,Sim,,s01__E1__baseline,1,19,s01,E1,linha de base,microsoft/DialoGPT-medium,5,8,0.625,Não
P133,Português,concluído,Sim,,s06__E1__pipeline,1,20,s06,E1,pipeline,microsoft/DialoGPT-medium,51,10,5.100,Não
P133,Português,concluído,Sim,,s06__E3__baseline,7,21,s06,E3,linha de base,microsoft/Phi-3-mini-4k-instruct,3,18,0.167,Não
P133,Português,concluído,Sim,,s07__E4__pipeline,7,22,s07,E4,pipeline,Qwen/Qwen2.5-3B-Instruct,5,18,0.278,Não
P133,Português,concluído,Sim,,s12__E1__pipeline,1,23,s12,E1,pipeline,microsoft/DialoGPT-medium,11,12,0.917,Não
P133,Português,concluído,Sim,,s08__E3__pipeline,7,24,s08,E3,pipeline,microsoft/Phi-3-mini-4k-instruct,10,21.5,0.465,Não
P134,Português,em curso,,,,,,,,,,,,,
P135,Português,em curso,,,,,,,,,,,,,
P136,Português,em curso,,,s03__E2__pipeline,5,1,s03,E2,pipeline,facebook/blenderbot-400M-distill,,14.5,,Não
P136,Português,em curso,,,s03__E2__baseline,6,2,s03,E2,linha de base,facebook/blenderbot-400M-distill,12,13,0.923,Não
P136,Português,em curso,,,s11__E3__baseline,5,3,s11,E3,linha de base,microsoft/Phi-3-mini-4k-instruct,24,20,1.200,Não
P137,Inglês,em curso,,,,,,,,,,,,,
P138,Inglês,concluído,Sim,ritmo demasiado rápido,s12__E3__baseline,3,1,s12,E3,linha de base,microsoft/Phi-3-mini-4k-instruct,,21,,Sim
P138,Inglês,concluído,Sim,ritmo demasiado rápido,s10__E2__pipeline,6,2,s10,E2,pipeline,facebook/blenderbot-400M-distill,4,11.5,0.348,Sim
P138,Inglês,concluído,Sim,ritmo demasiado rápido,s08__E3__baseline,5,3,s08,E3,linha de base,microsoft/Phi-3-mini-4k-instruct,11,15,0.733,Sim
P138,Inglês,concluído,Sim,ritmo demasiado rápido,s03__E3__pipeline,5,4,s03,E3,pipeline,microsoft/Phi-3-mini-4k-instruct,6,15,0.400,Sim
P138,Inglês,concluído,Sim,ritmo demasiado rápido,s12__E4__baseline,2,5,s12,E4,linha de base,Qwen/Qwen2.5-3B-Instruct,6,20,0.300,Sim
P138,Inglês,concluído,Sim,ritmo demasiado rápido,s10__E4__baseline,4,6,s10,E4,linha de base,Qwen/Qwen2.5-3B-Instruct,6,13,0.462,Sim
P138,Inglês,concluído,Sim,ritmo demasiado rápido,s05__E4__baseline,3,7,s05,E4,linha de base,Qwen/Qwen2.5-3B-Instruct,8,13.5,0.593,Sim
P138,Inglês,concluído,Sim,ritmo demasiado rápido,s03__E1__pipeline,1,8,s03,E1,pipeline,microsoft/DialoGPT-medium,4,11,0.364,Sim
P138,Inglês,concluído,Sim,ritmo demasiado rápido,s05__E3__pipeline,3,9,s05,E3,pipeline,microsoft/Phi-3-mini-4k-instruct,3,18,0.167,Sim
P138,Inglês,concluído,Sim,ritmo demasiado rápido,s08__E1__baseline,1,10,s08,E1,linha de base,microsoft/DialoGPT-medium,4,6,0.667,Sim
P138,Inglês,concluído,Sim,ritmo demasiado rápido,s06__E3__pipeline,3,11,s06,E3,pipeline,microsoft/Phi-3-mini-4k-instruct,4,18,0.222,Sim
P138,Inglês,concluído,Sim,ritmo demasiado rápido,s02__E2__baseline,2,12,s02,E2,linha de base,facebook/blenderbot-400M-distill,4,15,0.267,Sim
P138,Inglês,concluído,Sim,ritmo demasiado rápido,s09__E1__baseline,1,13,s09,E1,linha de base,microsoft/DialoGPT-medium,7,11,0.636,Sim
P138,Inglês,concluído,Sim,ritmo demasiado rápido,s01__E2__baseline,3,14,s01,E2,linha de base,facebook/blenderbot-400M-distill,3,14,0.214,Sim
P138,Inglês,concluído,Sim,ritmo demasiado rápido,s01__E2__pipeline,2,15,s01,E2,pipeline,facebook/blenderbot-400M-distill,3,11.5,0.261,Sim
P138,Inglês,concluído,Sim,ritmo demasiado rápido,s06__E4__pipeline,3,16,s06,E4,pipeline,Qwen/Qwen2.5-3B-Instruct,6,13,0.462,Sim
P138,Inglês,concluído,Sim,ritmo demasiado rápido,s09__E1__pipeline,1,17,s09,E1,pipeline,microsoft/DialoGPT-medium,6,12,0.500,Sim
P138,Inglês,concluído,Sim,ritmo demasiado rápido,s08__E2__baseline,3,18,s08,E2,linha de base,facebook/blenderbot-400M-distill,3,14,0.214,Sim
P138,Inglês,concluído,Sim,ritmo demasiado rápido,s05__E2__baseline,5,19,s05,E2,linha de base,facebook/blenderbot-400M-distill,3,16,0.188,Sim
P138,Inglês,concluído,Sim,ritmo demasiado rápido,s02__E4__baseline,3,20,s02,E4,linha de base,Qwen/Qwen2.5-3B-Instruct,3,15,0.200,Sim
P138,Inglês,concluído,Sim,ritmo demasiado rápido,s12__E4__pipeline,4,21,s12,E4,pipeline,Qwen/Qwen2.5-3B-Instruct,5,13,0.385,Sim
P138,Inglês,concluído,Sim,ritmo demasiado rápido,s11__E4__pipeline,2,22,s11,E4,pipeline,Qwen/Qwen2.5-3B-Instruct,7,14.5,0.483,Sim
P138,Inglês,concluído,Sim,ritmo demasiado rápido,s10__E3__pipeline,3,23,s10,E3,pipeline,microsoft/Phi-3-mini-4k-instruct,6,20,0.300,Sim
P138,Inglês,concluído,Sim,ritmo demasiado rápido,s03__E4__baseline,3,24,s03,E4,linha de base,Qwen/Qwen2.5-3B-Instruct,6,13,0.462,Sim
P139,Português,em curso,,,,,,,,,,,,,
P140,Português,em curso,,,,,,,,,,,,,
P141,Português,concluído,Sim,ritmo demasiado rápido,s01__E4__pipeline,1,1,s01,E4,pipeline,Qwen/Qwen2.5-3B-Instruct,,25,,Sim
P141,Português,concluído,Sim,ritmo demasiado rápido,s02__E3__pipeline,1,2,s02,E3,pipeline,microsoft/Phi-3-mini-4k-instruct,266,25.5,10.431,Sim
P141,Português,concluído,Sim,ritmo demasiado rápido,s07__E1__baseline,1,3,s07,E1,linha de base,microsoft/DialoGPT-medium,10,11,0.909,Sim
P141,Português,concluído,Sim,ritmo demasiado rápido,s02__E4__pipeline,1,4,s02,E4,pipeline,Qwen/Qwen2.5-3B-Instruct,14,15,0.933,Sim
P141,Português,concluído,Sim,ritmo demasiado rápido,s01__E1__pipeline,1,5,s01,E1,pipeline,microsoft/DialoGPT-medium,6,17,0.353,Sim
P141,Português,concluído,Sim,ritmo demasiado rápido,s04__E4__pipeline,1,6,s04,E4,pipeline,Qwen/Qwen2.5-3B-Instruct,12,17.5,0.686,Sim
P141,Português,concluído,Sim,ritmo demasiado rápido,s05__E2__pipeline,1,7,s05,E2,pipeline,facebook/blenderbot-400M-distill,5,15,0.333,Sim
P141,Português,concluído,Sim,ritmo demasiado rápido,s11__E3__pipeline,2,8,s11,E3,pipeline,microsoft/Phi-3-mini-4k-instruct,11,19,0.579,Sim
P141,Português,concluído,Sim,ritmo demasiado rápido,s04__E1__pipeline,1,9,s04,E1,pipeline,microsoft/DialoGPT-medium,5,13,0.385,Sim
P141,Português,concluído,Sim,ritmo demasiado rápido,s11__E1__baseline,1,10,s11,E1,linha de base,microsoft/DialoGPT-medium,4,9,0.444,Sim
P141,Português,concluído,Sim,ritmo demasiado rápido,s08__E4__pipeline,2,11,s08,E4,pipeline,Qwen/Qwen2.5-3B-Instruct,10,19.5,0.513,Sim
P141,Português,concluído,Sim,ritmo demasiado rápido,s10__E4__pipeline,1,12,s10,E4,pipeline,Qwen/Qwen2.5-3B-Instruct,14,18,0.778,Sim
P141,Português,concluído,Sim,ritmo demasiado rápido,s04__E2__baseline,1,13,s04,E2,linha de base,facebook/blenderbot-400M-distill,4,13,0.308,Sim
P141,Português,concluído,Sim,ritmo demasiado rápido,s12__E2__baseline,1,14,s12,E2,linha de base,facebook/blenderbot-400M-distill,4,20.5,0.195,Sim
P141,Português,concluído,Sim,ritmo demasiado rápido,s11__E1__pipeline,1,15,s11,E1,pipeline,microsoft/DialoGPT-medium,2,10,0.200,Sim
P141,Português,concluído,Sim,ritmo demasiado rápido,s12__E2__pipeline,1,16,s12,E2,pipeline,facebook/blenderbot-400M-distill,3,20,0.150,Sim
P141,Português,concluído,Sim,ritmo demasiado rápido,s03__E4__pipeline,2,17,s03,E4,pipeline,Qwen/Qwen2.5-3B-Instruct,17,22,0.773,Sim
P141,Português,concluído,Sim,ritmo demasiado rápido,s10__E2__baseline,1,18,s10,E2,linha de base,facebook/blenderbot-400M-distill,4,13.5,0.296,Sim
P141,Português,concluído,Sim,ritmo demasiado rápido,s06__E4__baseline,2,19,s06,E4,linha de base,Qwen/Qwen2.5-3B-Instruct,11,20,0.550,Sim
P141,Português,concluído,Sim,ritmo demasiado rápido,s07__E2__pipeline,1,20,s07,E2,pipeline,facebook/blenderbot-400M-distill,4,20,0.200,Sim
P141,Português,concluído,Sim,ritmo demasiado rápido,s10__E1__pipeline,1,21,s10,E1,pipeline,microsoft/DialoGPT-medium,3,10,0.300,Sim
P141,Português,concluído,Sim,ritmo demasiado rápido,s08__E2__pipeline,1,22,s08,E2,pipeline,facebook/blenderbot-400M-distill,6,14,0.429,Sim
P141,Português,concluído,Sim,ritmo demasiado rápido,s02__E2__pipeline,1,23,s02,E2,pipeline,facebook/blenderbot-400M-distill,6,13,0.462,Sim
P141,Português,concluído,Sim,ritmo demasiado rápido,s02__E1__pipeline,1,24,s02,E1,pipeline,microsoft/DialoGPT-medium,5,10,0.500,Sim
P142,Português,em curso,,,,,,,,,,,,,
P143,Português,em curso,,,,,,,,,,,,,
P144,Português,concluído,Sim,,s12__E3__baseline,7,1,s12,E3,linha de base,microsoft/Phi-3-mini-4k-instruct,,21,,Não
P144,Português,concluído,Sim,,s10__E1__baseline,4,2,s10,E1,linha de base,microsoft/DialoGPT-medium,28,14,2.000,Não
P144,Português,concluído,Sim,,s09__E4__pipeline,5,3,s09,E4,pipeline,Qwen/Qwen2.5-3B-Instruct,24,20,1.200,Não
P144,Português,concluído,Sim,,s02__E2__baseline,5,4,s02,E2,linha de base,facebook/blenderbot-400M-distill,10,15,0.667,Não
P144,Português,concluído,Sim,,s05__E1__pipeline,4,5,s05,E1,pipeline,microsoft/DialoGPT-medium,13,13.5,0.963,Não
P144,Português,concluído,Sim,,s03__E2__pipeline,5,6,s03,E2,pipeline,facebook/blenderbot-400M-distill,20,14.5,1.379,Não
P144,Português,concluído,Sim,,s08__E3__baseline,7,7,s08,E3,linha de base,microsoft/Phi-3-mini-4k-instruct,10,15,0.667,Não
P144,Português,concluído,Sim,,s01__E3__baseline,7,8,s01,E3,linha de base,microsoft/Phi-3-mini-4k-instruct,10,19,0.526,Não
P144,Português,concluído,Sim,,s12__E4__pipeline,5,9,s12,E4,pipeline,Qwen/Qwen2.5-3B-Instruct,10,13,0.769,Não
P144,Português,concluído,Sim,,s07__E4__pipeline,6,10,s07,E4,pipeline,Qwen/Qwen2.5-3B-Instruct,10,18,0.556,Não
P144,Português,concluído,Sim,,s09__E2__baseline,4,11,s09,E2,linha de base,facebook/blenderbot-400M-distill,12,13.5,0.889,Não
P144,Português,concluído,Sim,,s09__E1__baseline,2,12,s09,E1,linha de base,microsoft/DialoGPT-medium,9,11,0.818,Não
P144,Português,concluído,Sim,,s08__E1__baseline,1,13,s08,E1,linha de base,microsoft/DialoGPT-medium,4,6,0.667,Não
P144,Português,concluído,Sim,,s01__E2__baseline,5,14,s01,E2,linha de base,facebook/blenderbot-400M-distill,7,14,0.500,Não
P144,Português,concluído,Sim,,s02__E3__baseline,7,15,s02,E3,linha de base,microsoft/Phi-3-mini-4k-instruct,10,22,0.455,Não
P144,Português,concluído,Sim,,s03__E1__pipeline,1,16,s03,E1,pipeline,microsoft/DialoGPT-medium,8,11,0.727,Não
P144,Português,concluído,Sim,,s05__E4__baseline,6,17,s05,E4,linha de base,Qwen/Qwen2.5-3B-Instruct,9,13.5,0.667,Não
P144,Português,concluído,Sim,,s05__E3__pipeline,7,18,s05,E3,pipeline,microsoft/Phi-3-mini-4k-instruct,7,18,0.389,Não
P144,Português,concluído,Sim,,s12__E1__pipeline,2,19,s12,E1,pipeline,microsoft/DialoGPT-medium,11,12,0.917,Não
P144,Português,concluído,Sim,,s03__E3__baseline,7,20,s03,E3,linha de base,microsoft/Phi-3-mini-4k-instruct,7,17,0.412,Não
P144,Português,concluído,Sim,,s06__E3__baseline,7,21,s06,E3,linha de base,microsoft/Phi-3-mini-4k-instruct,11,18,0.611,Não
P144,Português,concluído,Sim,,s06__E1__pipeline,1,22,s06,E1,pipeline,microsoft/DialoGPT-medium,3,10,0.300,Não
P144,Português,concluído,Sim,,s01__E2__pipeline,5,23,s01,E2,pipeline,facebook/blenderbot-400M-distill,7,11.5,0.609,Não
P144,Português,concluído,Sim,,s06__E4__pipeline,6,24,s06,E4,pipeline,Qwen/Qwen2.5-3B-Instruct,6,13,0.462,Não
P145,Português,em curso,,,s11__E2__pipeline,6,1,s11,E2,pipeline,facebook/blenderbot-400M-distill,,16,,Não
P145,Português,em curso,,,s03__E3__pipeline,4,2,s03,E3,pipeline,microsoft/Phi-3-mini-4k-instruct,18,15,1.200,Não
P146,Português,concluído,Sim,,s12__E3__pipeline,6,1,s12,E3,pipeline,microsoft/Phi-3-mini-4k-instruct,,19,,Não
P146,Português,concluído,Sim,,s06__E2__baseline,4,2,s06,E2,linha de base,facebook/blenderbot-400M-distill,17,14,1.214,Não
P146,Português,concluído,Sim,,s02__E2__pipeline,3,3,s02,E2,pipeline,facebook/blenderbot-400M-distill,14,13,1.077,Não
P146,Português,concluído,Sim,,s02__E3__pipeline,6,4,s02,E3,pipeline,microsoft/Phi-3-mini-4k-instruct,8,25.5,0.314,Não
P146,Português,concluído,Sim,,s03__E1__baseline,1,5,s03,E1,linha de base,microsoft/DialoGPT-medium,6,14,0.429,Não
P146,Português,concluído,Sim,,s11__E1__baseline,1,6,s11,E1,linha de base,microsoft/DialoGPT-medium,8,9,0.889,Não
P146,Português,concluído,Sim,,s12__E2__baseline,4,7,s12,E2,linha de base,facebook/blenderbot-400M-distill,7,20.5,0.341,Não
P146,Português,concluído,Sim,,s12__E2__pipeline,3,8,s12,E2,pipeline,facebook/blenderbot-400M-distill,5,20,0.250,Não
P146,Português,concluído,Sim,,s04__E2__baseline,4,9,s04,E2,linha de base,facebook/blenderbot-400M-distill,16,13,1.231,Não
P146,Português,concluído,Sim,,s07__E1__baseline,1,10,s07,E1,linha de base,microsoft/DialoGPT-medium,7,11,0.636,Não
P146,Português,concluído,Sim,,s02__E1__pipeline,1,11,s02,E1,pipeline,microsoft/DialoGPT-medium,4,10,0.400,Não
P146,Português,concluído,Sim,,s01__E1__baseline,1,12,s01,E1,linha de base,microsoft/DialoGPT-medium,8,8,1.000,Não
P146,Português,concluído,Sim,,s08__E1__pipeline,1,13,s08,E1,pipeline,microsoft/DialoGPT-medium,7,10,0.700,Não
P146,Português,concluído,Sim,,s08__E2__pipeline,5,14,s08,E2,pipeline,facebook/blenderbot-400M-distill,8,14,0.571,Não
P146,Português,concluído,Sim,,s06__E2__pipeline,4,15,s06,E2,pipeline,facebook/blenderbot-400M-distill,8,15,0.533,Não
P146,Português,concluído,Sim,,s08__E3__pipeline,6,16,s08,E3,pipeline,microsoft/Phi-3-mini-4k-instruct,10,21.5,0.465,Não
P146,Português,concluído,Sim,,s09__E3__pipeline,5,17,s09,E3,pipeline,microsoft/Phi-3-mini-4k-instruct,10,17,0.588,Não
P146,Português,concluído,Sim,,s04__E4__pipeline,5,18,s04,E4,pipeline,Qwen/Qwen2.5-3B-Instruct,6,17.5,0.343,Não
P146,Português,concluído,Sim,,s11__E2__baseline,4,19,s11,E2,linha de base,facebook/blenderbot-400M-distill,6,16,0.375,Não
P146,Português,concluído,Sim,,s04__E2__pipeline,5,20,s04,E2,pipeline,facebook/blenderbot-400M-distill,6,14,0.429,Não
P146,Português,concluído,Sim,,s12__E1__baseline,1,21,s12,E1,linha de base,microsoft/DialoGPT-medium,3,10,0.300,Não
P146,Português,concluído,Sim,,s05__E2__pipeline,3,22,s05,E2,pipeline,facebook/blenderbot-400M-distill,10,15,0.667,Não
P146,Português,concluído,Sim,,s02__E4__pipeline,6,23,s02,E4,pipeline,Qwen/Qwen2.5-3B-Instruct,6,15,0.400,Não
P146,Português,concluído,Sim,,s07__E1__pipeline,1,24,s07,E1,pipeline,microsoft/DialoGPT-medium,9,12,0.750,Não
P147,Português,em curso,,,,,,,,,,,,,
P148,Português,em curso,,,s09__E3__pipeline,6,1,s09,E3,pipeline,microsoft/Phi-3-mini-4k-instruct,,17,,Não
P148,Português,em curso,,,s08__E3__pipeline,6,2,s08,E3,pipeline,microsoft/Phi-3-mini-4k-instruct,28,21.5,1.302,Não
P149,Português,concluído,Sim,,s01__E3__pipeline,7,1,s01,E3,pipeline,microsoft/Phi-3-mini-4k-instruct,,19.5,,Não
P149,Português,concluído,Sim,,s09__E3__baseline,7,2,s09,E3,linha de base,microsoft/Phi-3-mini-4k-instruct,26,26.5,0.981,Não
P149,Português,concluído,Sim,,s09__E2__pipeline,4,3,s09,E2,pipeline,facebook/blenderbot-400M-distill,22,16,1.375,Não
P149,Português,concluído,Sim,,s04__E1__pipeline,1,4,s04,E1,pipeline,microsoft/DialoGPT-medium,12,13,0.923,Não
P149,Português,concluído,Sim,,s10__E4__pipeline,5,5,s10,E4,pipeline,Qwen/Qwen2.5-3B-Instruct,26,18,1.444,Não
P149,Português,concluído,Sim,,s01__E1__pipeline,1,6,s01,E1,pipeline,microsoft/DialoGPT-medium,10,17,0.588,Não
P149,Português,concluído,Sim,,s11__E3__pipeline,7,7,s11,E3,pipeline,microsoft/Phi-3-mini-4k-instruct,27,19,1.421,Não
P149,Português,concluído,Sim,,s10__E2__baseline,3,8,s10,E2,linha de base,facebook/blenderbot-400M-distill,17,13.5,1.259,Não
P149,Português,concluído,Sim,,s06__E4__baseline,6,9,s06,E4,linha de base,Qwen/Qwen2.5-3B-Instruct,20,20,1.000,Não
P149,Português,concluído,Sim,,s07__E2__pipeline,2,10,s07,E2,pipeline,facebook/blenderbot-400M-distill,29,20,1.450,Não
P149,Português,concluído,Sim,,s11__E1__pipeline,1,11,s11,E1,pipeline,microsoft/DialoGPT-medium,6,10,0.600,Não
P149,Português,concluído,Sim,,s08__E4__pipeline,4,12,s08,E4,pipeline,Qwen/Qwen2.5-3B-Instruct,17,19.5,0.872,Não
P149,Português,concluído,Sim,,s07__E3__pipeline,7,13,s07,E3,pipeline,microsoft/Phi-3-mini-4k-instruct,28,16.5,1.697,Não
P149,Português,concluído,Sim,,s06__E1__baseline,2,14,s06,E1,linha de base,microsoft/DialoGPT-medium,7,16,0.438,Não
P149,Português,concluído,Sim,,s07__E3__baseline,6,15,s07,E3,linha de base,microsoft/Phi-3-mini-4k-instruct,21,24,0.875,Não
P149,Português,concluído,Sim,,s01__E4__pipeline,3,16,s01,E4,pipeline,Qwen/Qwen2.5-3B-Instruct,35,25,1.400,Não
P149,Português,concluído,Sim,,s04__E3__baseline,7,17,s04,E3,linha de base,microsoft/Phi-3-mini-4k-instruct,17,17,1.000,Não
P149,Português,concluído,Sim,,s03__E4__pipeline,4,18,s03,E4,pipeline,Qwen/Qwen2.5-3B-Instruct,12,22,0.545,Não
P149,Português,concluído,Sim,,s11__E3__baseline,7,19,s11,E3,linha de base,microsoft/Phi-3-mini-4k-instruct,16,20,0.800,Não
P149,Português,concluído,Sim,,s07__E2__baseline,2,20,s07,E2,linha de base,facebook/blenderbot-400M-distill,7,15,0.467,Não
P149,Português,concluído,Sim,,s10__E1__pipeline,1,21,s10,E1,pipeline,microsoft/DialoGPT-medium,2,10,0.200,Não
P149,Português,concluído,Sim,,s11__E2__pipeline,2,22,s11,E2,pipeline,facebook/blenderbot-400M-distill,11,16,0.688,Não
P149,Português,concluído,Sim,,s04__E3__pipeline,6,23,s04,E3,pipeline,microsoft/Phi-3-mini-4k-instruct,12,17,0.706,Não
P149,Português,concluído,Sim,,s03__E2__baseline,2,24,s03,E2,linha de base,facebook/blenderbot-400M-distill,6,13,0.462,Não
P149,Português,concluído,Sim,,s12__E2__baseline,2,25,s12,E2,linha de base,facebook/blenderbot-400M-distill,28,20.5,1.366,Não
P149,Português,concluído,Sim,,s08__E3__baseline,7,26,s08,E3,linha de base,microsoft/Phi-3-mini-4k-instruct,,15,,Não
P149,Português,concluído,Sim,,s03__E3__baseline,7,27,s03,E3,linha de base,microsoft/Phi-3-mini-4k-instruct,16,17,0.941,Não
P149,Português,concluído,Sim,,s11__E2__baseline,2,28,s11,E2,linha de base,facebook/blenderbot-400M-distill,10,16,0.625,Não
P149,Português,concluído,Sim,,s08__E2__pipeline,3,29,s08,E2,pipeline,facebook/blenderbot-400M-distill,9,14,0.643,Não
P149,Português,concluído,Sim,,s11__E1__baseline,1,30,s11,E1,linha de base,microsoft/DialoGPT-medium,7,9,0.778,Não
P149,Português,concluído,Sim,,s11__E4__pipeline,4,31,s11,E4,pipeline,Qwen/Qwen2.5-3B-Instruct,16,14.5,1.103,Não
P149,Português,concluído,Sim,,s12__E2__pipeline,3,32,s12,E2,pipeline,facebook/blenderbot-400M-distill,9,20,0.450,Não
P149,Português,concluído,Sim,,s09__E3__pipeline,5,33,s09,E3,pipeline,microsoft/Phi-3-mini-4k-instruct,16,17,0.941,Não
P149,Português,concluído,Sim,,s02__E3__pipeline,6,34,s02,E3,pipeline,microsoft/Phi-3-mini-4k-instruct,28,25.5,1.098,Não
P149,Português,concluído,Sim,,s09__E1__pipeline,1,35,s09,E1,pipeline,microsoft/DialoGPT-medium,2,12,0.167,Não
P149,Português,concluído,Sim,,s02__E3__baseline,6,36,s02,E3,linha de base,microsoft/Phi-3-mini-4k-instruct,21,22,0.955,Não
P149,Português,concluído,Sim,,s07__E4__pipeline,4,37,s07,E4,pipeline,Qwen/Qwen2.5-3B-Instruct,8,18,0.444,Não
P149,Português,concluído,Sim,,s03__E1__baseline,1,38,s03,E1,linha de base,microsoft/DialoGPT-medium,4,14,0.286,Não
P149,Português,concluído,Sim,,s12__E1__baseline,1,39,s12,E1,linha de base,microsoft/DialoGPT-medium,2,10,0.200,Não
P149,Português,concluído,Sim,,s01__E1__baseline,2,40,s01,E1,linha de base,microsoft/DialoGPT-medium,4,8,0.500,Não
P149,Português,concluído,Sim,,s10__E2__pipeline,3,41,s10,E2,pipeline,facebook/blenderbot-400M-distill,6,11.5,0.522,Não
P149,Português,concluído,Sim,,s01__E2__pipeline,3,42,s01,E2,pipeline,facebook/blenderbot-400M-distill,8,11.5,0.696,Não
P149,Português,concluído,Sim,,s04__E2__baseline,2,43,s04,E2,linha de base,facebook/blenderbot-400M-distill,7,13,0.538,Não
P149,Português,concluído,Sim,,s05__E3__pipeline,6,44,s05,E3,pipeline,microsoft/Phi-3-mini-4k-instruct,17,18,0.944,Não
P149,Português,concluído,Sim,,s01__E4__baseline,6,45,s01,E4,linha de base,Qwen/Qwen2.5-3B-Instruct,13,15.5,0.839,Não
P149,Português,concluído,Sim,,s06__E4__pipeline,4,46,s06,E4,pipeline,Qwen/Qwen2.5-3B-Instruct,10,13,0.769,Não
P149,Português,concluído,Sim,,s07__E1__pipeline,1,47,s07,E1,pipeline,microsoft/DialoGPT-medium,3,12,0.250,Não
P149,Português,concluído,Sim,,s02__E4__baseline,3,48,s02,E4,linha de base,Qwen/Qwen2.5-3B-Instruct,13,15,0.867,Não
P149,Português,concluído,Sim,,s05__E2__baseline,2,49,s05,E2,linha de base,facebook/blenderbot-400M-distill,5,16,0.313,Não
P149,Português,concluído,Sim,,s04__E2__pipeline,3,50,s04,E2,pipeline,facebook/blenderbot-400M-distill,18,14,1.286,Não
P149,Português,concluído,Sim,,s05__E4__pipeline,3,51,s05,E4,pipeline,Qwen/Qwen2.5-3B-Instruct,9,14,0.643,Não
P149,Português,concluído,Sim,,s04__E4__pipeline,2,52,s04,E4,pipeline,Qwen/Qwen2.5-3B-Instruct,19,17.5,1.086,Não
P149,Português,concluído,Sim,,s05__E2__pipeline,3,53,s05,E2,pipeline,facebook/blenderbot-400M-distill,6,15,0.400,Não
P149,Português,concluído,Sim,,s05__E1__pipeline,1,54,s05,E1,pipeline,microsoft/DialoGPT-medium,4,13.5,0.296,Não
P149,Português,concluído,Sim,,s12__E1__pipeline,1,55,s12,E1,pipeline,microsoft/DialoGPT-medium,9,12,0.750,Não
P149,Português,concluído,Sim,,s06__E3__baseline,7,56,s06,E3,linha de base,microsoft/Phi-3-mini-4k-instruct,18,18,1.000,Não
P149,Português,concluído,Sim,,s03__E3__pipeline,4,57,s03,E3,pipeline,microsoft/Phi-3-mini-4k-instruct,44,15,2.933,Não
P149,Português,concluído,Sim,,s10__E1__baseline,2,58,s10,E1,linha de base,microsoft/DialoGPT-medium,2,14,0.143,Não
P149,Português,concluído,Sim,,s09__E2__baseline,2,59,s09,E2,linha de base,facebook/blenderbot-400M-distill,10,13.5,0.741,Não
P149,Português,concluído,Sim,,s08__E1__baseline,1,60,s08,E1,linha de base,microsoft/DialoGPT-medium,2,6,0.333,Não
P149,Português,concluído,Sim,,s03__E2__pipeline,2,61,s03,E2,pipeline,facebook/blenderbot-400M-distill,4,14.5,0.276,Não
P149,Português,concluído,Sim,,s01__E3__baseline,7,62,s01,E3,linha de base,microsoft/Phi-3-mini-4k-instruct,20,19,1.053,Não
P149,Português,concluído,Sim,,s12__E4__baseline,5,63,s12,E4,linha de base,Qwen/Qwen2.5-3B-Instruct,11,20,0.550,Não
P149,Português,concluído,Sim,,s07__E4__baseline,4,64,s07,E4,linha de base,Qwen/Qwen2.5-3B-Instruct,15,15.5,0.968,Não
P149,Português,concluído,Sim,,s04__E4__baseline,4,65,s04,E4,linha de base,Qwen/Qwen2.5-3B-Instruct,2,15,0.133,Não
P149,Português,concluído,Sim,,s06__E2__baseline,2,66,s06,E2,linha de base,facebook/blenderbot-400M-distill,8,14,0.571,Não
P149,Português,concluído,Sim,,s08__E3__pipeline,6,67,s08,E3,pipeline,microsoft/Phi-3-mini-4k-instruct,11,21.5,0.512,Não
P149,Português,concluído,Sim,,s03__E1__pipeline,1,68,s03,E1,pipeline,microsoft/DialoGPT-medium,6,11,0.545,Não
P149,Português,concluído,Sim,,s06__E1__pipeline,1,69,s06,E1,pipeline,microsoft/DialoGPT-medium,3,10,0.300,Não
P149,Português,concluído,Sim,,s09__E4__pipeline,6,70,s09,E4,pipeline,Qwen/Qwen2.5-3B-Instruct,11,20,0.550,Não
P149,Português,concluído,Sim,,s11__E4__baseline,5,71,s11,E4,linha de base,Qwen/Qwen2.5-3B-Instruct,6,13,0.462,Não
P149,Português,concluído,Sim,,s09__E1__baseline,1,72,s09,E1,linha de base,microsoft/DialoGPT-medium,4,11,0.364,Não
P149,Português,concluído,Sim,,s02__E2__pipeline,2,73,s02,E2,pipeline,facebook/blenderbot-400M-distill,3,13,0.231,Não
P149,Português,concluído,Sim,,s10__E3__baseline,7,74,s10,E3,linha de base,microsoft/Phi-3-mini-4k-instruct,8,19,0.421,Não
P149,Português,concluído,Sim,,s06__E3__pipeline,7,75,s06,E3,pipeline,microsoft/Phi-3-mini-4k-instruct,7,18,0.389,Não
P149,Português,concluído,Sim,,s07__E1__baseline,1,76,s07,E1,linha de base,microsoft/DialoGPT-medium,3,11,0.273,Não
P149,Português,concluído,Sim,,s04__E1__baseline,1,77,s04,E1,linha de base,microsoft/DialoGPT-medium,1,8,0.125,Não
P149,Português,concluído,Sim,,s02__E1__baseline,2,78,s02,E1,linha de base,microsoft/DialoGPT-medium,3,11,0.273,Não
P149,Português,concluído,Sim,,s01__E2__baseline,3,79,s01,E2,linha de base,facebook/blenderbot-400M-distill,7,14,0.500,Não
P149,Português,concluído,Sim,,s09__E4__baseline,4,80,s09,E4,linha de base,Qwen/Qwen2.5-3B-Instruct,11,20,0.550,Não
P149,Português,concluído,Sim,,s02__E1__pipeline,1,81,s02,E1,pipeline,microsoft/DialoGPT-medium,2,10,0.200,Não
P149,Português,concluído,Sim,,s03__E4__baseline,4,82,s03,E4,linha de base,Qwen/Qwen2.5-3B-Instruct,15,13,1.154,Não
P149,Português,concluído,Sim,,s05__E3__baseline,7,83,s05,E3,linha de base,microsoft/Phi-3-mini-4k-instruct,5,24,0.208,Não
P149,Português,concluído,Sim,,s08__E4__baseline,6,84,s08,E4,linha de base,Qwen/Qwen2.5-3B-Instruct,6,15,0.400,Não
P149,Português,concluído,Sim,,s10__E4__baseline,4,85,s10,E4,linha de base,Qwen/Qwen2.5-3B-Instruct,6,13,0.462,Não
P149,Português,concluído,Sim,,s10__E3__pipeline,7,86,s10,E3,pipeline,microsoft/Phi-3-mini-4k-instruct,5,20,0.250,Não
P149,Português,concluído,Sim,,s08__E1__pipeline,1,87,s08,E1,pipeline,microsoft/DialoGPT-medium,3,10,0.300,Não
P149,Português,concluído,Sim,,s08__E2__baseline,2,88,s08,E2,linha de base,facebook/blenderbot-400M-distill,5,14,0.357,Não
P149,Português,concluído,Sim,,s02__E2__baseline,3,89,s02,E2,linha de base,facebook/blenderbot-400M-distill,6,15,0.400,Não
P149,Português,concluído,Sim,,s05__E4__baseline,4,90,s05,E4,linha de base,Qwen/Qwen2.5-3B-Instruct,9,13.5,0.667,Não
P149,Português,concluído,Sim,,s12__E3__pipeline,6,91,s12,E3,pipeline,microsoft/Phi-3-mini-4k-instruct,10,19,0.526,Não
P149,Português,concluído,Sim,,s12__E3__baseline,6,92,s12,E3,linha de base,microsoft/Phi-3-mini-4k-instruct,9,21,0.429,Não
P149,Português,concluído,Sim,,s12__E4__pipeline,3,93,s12,E4,pipeline,Qwen/Qwen2.5-3B-Instruct,7,13,0.538,Não
P149,Português,concluído,Sim,,s05__E1__baseline,2,94,s05,E1,linha de base,microsoft/DialoGPT-medium,3,11,0.273,Não
P149,Português,concluído,Sim,,s06__E2__pipeline,1,95,s06,E2,pipeline,facebook/blenderbot-400M-distill,16,15,1.067,Não
P149,Português,concluído,Sim,,s02__E4__pipeline,6,96,s02,E4,pipeline,Qwen/Qwen2.5-3B-Instruct,5,15,0.333,Não
P150,Português,concluído,Sim,,s11__E1__baseline,2,1,s11,E1,linha de base,microsoft/DialoGPT-medium,,9,,Não
P150,Português,concluído,Sim,,s12__E4__pipeline,5,2,s12,E4,pipeline,Qwen/Qwen2.5-3B-Instruct,79,13,6.077,Não
P150,Português,concluído,Sim,,s02__E4__pipeline,4,3,s02,E4,pipeline,Qwen/Qwen2.5-3B-Instruct,64,15,4.267,Não
P150,Português,concluído,Sim,,s12__E2__baseline,2,4,s12,E2,linha de base,facebook/blenderbot-400M-distill,16,20.5,0.780,Não
P150,Português,concluído,Sim,,s02__E2__pipeline,2,5,s02,E2,pipeline,facebook/blenderbot-400M-distill,21,13,1.615,Não
P150,Português,concluído,Sim,,s12__E2__pipeline,2,6,s12,E2,pipeline,facebook/blenderbot-400M-distill,23,20,1.150,Não
P150,Português,concluído,Sim,,s09__E1__baseline,1,7,s09,E1,linha de base,microsoft/DialoGPT-medium,64,11,5.818,Não
P150,Português,concluído,Sim,,s02__E3__pipeline,5,8,s02,E3,pipeline,microsoft/Phi-3-mini-4k-instruct,278,25.5,10.902,Não
P150,Português,concluído,Sim,,s07__E1__baseline,1,9,s07,E1,linha de base,microsoft/DialoGPT-medium,14,11,1.273,Não
P150,Português,concluído,Sim,,s03__E1__pipeline,1,10,s03,E1,pipeline,microsoft/DialoGPT-medium,15,11,1.364,Não
P150,Português,concluído,Sim,,s02__E2__baseline,3,11,s02,E2,linha de base,facebook/blenderbot-400M-distill,19,15,1.267,Não
P150,Português,concluído,Sim,,s08__E2__pipeline,3,12,s08,E2,pipeline,facebook/blenderbot-400M-distill,14,14,1.000,Não
P150,Português,concluído,Sim,,s05__E2__pipeline,2,13,s05,E2,pipeline,facebook/blenderbot-400M-distill,27,15,1.800,Não
P150,Português,concluído,Sim,,s02__E1__pipeline,2,14,s02,E1,pipeline,microsoft/DialoGPT-medium,10,10,1.000,Não
P150,Português,concluído,Sim,,s05__E3__pipeline,5,15,s05,E3,pipeline,microsoft/Phi-3-mini-4k-instruct,18,18,1.000,Não
P150,Português,concluído,Sim,,s12__E3__baseline,6,16,s12,E3,linha de base,microsoft/Phi-3-mini-4k-instruct,11,21,0.524,Não
P150,Português,concluído,Sim,,s01__E2__baseline,3,17,s01,E2,linha de base,facebook/blenderbot-400M-distill,15,14,1.071,Não
P150,Português,concluído,Sim,,s04__E2__baseline,2,18,s04,E2,linha de base,facebook/blenderbot-400M-distill,14,13,1.077,Não
P150,Português,concluído,Sim,,s06__E4__pipeline,6,19,s06,E4,pipeline,Qwen/Qwen2.5-3B-Instruct,14,13,1.077,Não
P150,Português,concluído,Sim,,s04__E4__pipeline,6,20,s04,E4,pipeline,Qwen/Qwen2.5-3B-Instruct,14,17.5,0.800,Não
P150,Português,concluído,Sim,,s08__E3__baseline,6,21,s08,E3,linha de base,microsoft/Phi-3-mini-4k-instruct,16,15,1.067,Não
P150,Português,concluído,Sim,,s01__E2__pipeline,2,22,s01,E2,pipeline,facebook/blenderbot-400M-distill,11,11.5,0.957,Não
P150,Português,concluído,Sim,,s05__E4__baseline,5,23,s05,E4,linha de base,Qwen/Qwen2.5-3B-Instruct,10,13.5,0.741,Não
P150,Português,concluído,Sim,,s08__E1__baseline,1,24,s08,E1,linha de base,microsoft/DialoGPT-medium,17,6,2.833,Não
P150,Português,concluído,Sim,,s02__E1__baseline,1,25,s02,E1,linha de base,microsoft/DialoGPT-medium,52,11,4.727,Não
P150,Português,concluído,Sim,,s11__E2__baseline,2,26,s11,E2,linha de base,facebook/blenderbot-400M-distill,16,16,1.000,Não
P150,Português,concluído,Sim,,s09__E2__baseline,2,27,s09,E2,linha de base,facebook/blenderbot-400M-distill,12,13.5,0.889,Não
P150,Português,concluído,Sim,,s11__E2__pipeline,2,28,s11,E2,pipeline,facebook/blenderbot-400M-distill,8,16,0.500,Não
P150,Português,concluído,Sim,,s01__E1__pipeline,1,29,s01,E1,pipeline,microsoft/DialoGPT-medium,11,17,0.647,Não
P150,Português,concluído,Sim,,s03__E4__baseline,4,30,s03,E4,linha de base,Qwen/Qwen2.5-3B-Instruct,9,13,0.692,Não
P150,Português,concluído,Sim,,s10__E2__baseline,3,31,s10,E2,linha de base,facebook/blenderbot-400M-distill,11,13.5,0.815,Não
P150,Português,concluído,Sim,,s01__E4__baseline,6,32,s01,E4,linha de base,Qwen/Qwen2.5-3B-Instruct,11,15.5,0.710,Não
P150,Português,concluído,Sim,,s10__E4__baseline,4,33,s10,E4,linha de base,Qwen/Qwen2.5-3B-Instruct,26,13,2.000,Não
P150,Português,concluído,Sim,,s03__E3__baseline,4,34,s03,E3,linha de base,microsoft/Phi-3-mini-4k-instruct,12,17,0.706,Não
P150,Português,concluído,Sim,,s12__E4__baseline,5,35,s12,E4,linha de base,Qwen/Qwen2.5-3B-Instruct,10,20,0.500,Não
P150,Português,concluído,Sim,,s05__E1__pipeline,1,36,s05,E1,pipeline,microsoft/DialoGPT-medium,13,13.5,0.963,Não
P150,Português,concluído,Sim,,s05__E2__baseline,2,37,s05,E2,linha de base,facebook/blenderbot-400M-distill,13,16,0.813,Não
P150,Português,concluído,Sim,,s06__E1__pipeline,1,38,s06,E1,pipeline,microsoft/DialoGPT-medium,17,10,1.700,Não
P150,Português,concluído,Sim,,s06__E4__baseline,4,39,s06,E4,linha de base,Qwen/Qwen2.5-3B-Instruct,10,20,0.500,Não
P150,Português,concluído,Sim,,s08__E3__pipeline,6,40,s08,E3,pipeline,microsoft/Phi-3-mini-4k-instruct,13,21.5,0.605,Não
P150,Português,concluído,Sim,,s10__E3__baseline,5,41,s10,E3,linha de base,microsoft/Phi-3-mini-4k-instruct,8,19,0.421,Não
P150,Português,concluído,Sim,,s04__E1__baseline,1,42,s04,E1,linha de base,microsoft/DialoGPT-medium,6,8,0.750,Não
P150,Português,concluído,Sim,,s08__E2__baseline,2,43,s08,E2,linha de base,facebook/blenderbot-400M-distill,13,14,0.929,Não
P150,Português,concluído,Sim,,s11__E4__pipeline,6,44,s11,E4,pipeline,Qwen/Qwen2.5-3B-Instruct,18,14.5,1.241,Não
P150,Português,concluído,Sim,,s08__E4__pipeline,6,45,s08,E4,pipeline,Qwen/Qwen2.5-3B-Instruct,9,19.5,0.462,Não
P150,Português,concluído,Sim,,s05__E3__baseline,5,46,s05,E3,linha de base,microsoft/Phi-3-mini-4k-instruct,12,24,0.500,Não
P150,Português,concluído,Sim,,s07__E1__pipeline,1,47,s07,E1,pipeline,microsoft/DialoGPT-medium,21,12,1.750,Não
P150,Português,concluído,Sim,,s09__E4__baseline,5,48,s09,E4,linha de base,Qwen/Qwen2.5-3B-Instruct,10,20,0.500,Não
P150,Português,concluído,Sim,,s10__E1__baseline,2,49,s10,E1,linha de base,microsoft/DialoGPT-medium,12,14,0.857,Não
P150,Português,concluído,Sim,,s06__E3__pipeline,4,50,s06,E3,pipeline,microsoft/Phi-3-mini-4k-instruct,22,18,1.222,Não
P150,Português,concluído,Sim,,s03__E4__pipeline,5,51,s03,E4,pipeline,Qwen/Qwen2.5-3B-Instruct,15,22,0.682,Não
P150,Português,concluído,Sim,,s04__E1__pipeline,1,52,s04,E1,pipeline,microsoft/DialoGPT-medium,13,13,1.000,Não
P150,Português,concluído,Sim,,s01__E4__pipeline,5,53,s01,E4,pipeline,Qwen/Qwen2.5-3B-Instruct,14,25,0.560,Não
P150,Português,concluído,Sim,,s09__E1__pipeline,1,54,s09,E1,pipeline,microsoft/DialoGPT-medium,13,12,1.083,Não
P150,Português,concluído,Sim,,s10__E1__pipeline,1,55,s10,E1,pipeline,microsoft/DialoGPT-medium,5,10,0.500,Não
P150,Português,concluído,Sim,,s01__E1__baseline,1,56,s01,E1,linha de base,microsoft/DialoGPT-medium,11,8,1.375,Não
P150,Português,concluído,Sim,,s11__E3__baseline,5,57,s11,E3,linha de base,microsoft/Phi-3-mini-4k-instruct,11,20,0.550,Não
P150,Português,concluído,Sim,,s07__E2__pipeline,3,58,s07,E2,pipeline,facebook/blenderbot-400M-distill,10,20,0.500,Não
P150,Português,concluído,Sim,,s01__E3__baseline,5,59,s01,E3,linha de base,microsoft/Phi-3-mini-4k-instruct,11,19,0.579,Não
P150,Português,concluído,Sim,,s11__E3__pipeline,5,60,s11,E3,pipeline,microsoft/Phi-3-mini-4k-instruct,8,19,0.421,Não
P150,Português,concluído,Sim,,s01__E3__pipeline,5,61,s01,E3,pipeline,microsoft/Phi-3-mini-4k-instruct,8,19.5,0.410,Não
P150,Português,concluído,Sim,,s10__E4__pipeline,5,62,s10,E4,pipeline,Qwen/Qwen2.5-3B-Instruct,14,18,0.778,Não
P150,Português,concluído,Sim,,s09__E3__pipeline,5,63,s09,E3,pipeline,microsoft/Phi-3-mini-4k-instruct,10,17,0.588,Não
P150,Português,concluído,Sim,,s06__E2__baseline,2,64,s06,E2,linha de base,facebook/blenderbot-400M-distill,11,14,0.786,Não
P150,Português,concluído,Sim,,s09__E4__pipeline,5,65,s09,E4,pipeline,Qwen/Qwen2.5-3B-Instruct,9,20,0.450,Não
P150,Português,concluído,Sim,,s09__E2__pipeline,3,66,s09,E2,pipeline,facebook/blenderbot-400M-distill,6,16,0.375,Não
P150,Português,concluído,Sim,,s07__E4__pipeline,6,67,s07,E4,pipeline,Qwen/Qwen2.5-3B-Instruct,6,18,0.333,Não
P150,Português,concluído,Sim,,s02__E3__baseline,6,68,s02,E3,linha de base,microsoft/Phi-3-mini-4k-instruct,17,22,0.773,Não
P150,Português,concluído,Sim,,s12__E3__pipeline,4,69,s12,E3,pipeline,microsoft/Phi-3-mini-4k-instruct,10,19,0.526,Não
P150,Português,concluído,Sim,,s10__E3__pipeline,5,70,s10,E3,pipeline,microsoft/Phi-3-mini-4k-instruct,12,20,0.600,Não
P150,Português,concluído,Sim,,s11__E4__baseline,3,71,s11,E4,linha de base,Qwen/Qwen2.5-3B-Instruct,7,13,0.538,Não
P150,Português,concluído,Sim,,s07__E3__pipeline,6,72,s07,E3,pipeline,microsoft/Phi-3-mini-4k-instruct,12,16.5,0.727,Não
P150,Português,concluído,Sim,,s12__E1__baseline,1,73,s12,E1,linha de base,microsoft/DialoGPT-medium,8,10,0.800,Não
P150,Português,concluído,Sim,,s07__E2__baseline,3,74,s07,E2,linha de base,facebook/blenderbot-400M-distill,10,15,0.667,Não
P150,Português,concluído,Sim,,s11__E1__pipeline,1,75,s11,E1,pipeline,microsoft/DialoGPT-medium,11,10,1.100,Não
P150,Português,concluído,Sim,,s02__E4__baseline,3,76,s02,E4,linha de base,Qwen/Qwen2.5-3B-Instruct,7,15,0.467,Não
P150,Português,concluído,Sim,,s07__E4__baseline,6,77,s07,E4,linha de base,Qwen/Qwen2.5-3B-Instruct,8,15.5,0.516,Não
P150,Português,concluído,Sim,,s04__E3__baseline,5,78,s04,E3,linha de base,microsoft/Phi-3-mini-4k-instruct,8,17,0.471,Não
P150,Português,concluído,Sim,,s04__E3__pipeline,5,79,s04,E3,pipeline,microsoft/Phi-3-mini-4k-instruct,6,17,0.353,Não
P150,Português,concluído,Sim,,s06__E1__baseline,2,80,s06,E1,linha de base,microsoft/DialoGPT-medium,8,16,0.500,Não
P150,Português,concluído,Sim,,s12__E1__pipeline,1,81,s12,E1,pipeline,microsoft/DialoGPT-medium,10,12,0.833,Não
P150,Português,concluído,Sim,,s06__E3__baseline,4,82,s06,E3,linha de base,microsoft/Phi-3-mini-4k-instruct,9,18,0.500,Não
P150,Português,concluído,Sim,,s05__E1__baseline,2,83,s05,E1,linha de base,microsoft/DialoGPT-medium,10,11,0.909,Não
P150,Português,concluído,Sim,,s08__E4__baseline,6,84,s08,E4,linha de base,Qwen/Qwen2.5-3B-Instruct,7,15,0.467,Não
P150,Português,concluído,Sim,,s04__E4__baseline,6,85,s04,E4,linha de base,Qwen/Qwen2.5-3B-Instruct,8,15,0.533,Não
P150,Português,concluído,Sim,,s03__E3__pipeline,5,86,s03,E3,pipeline,microsoft/Phi-3-mini-4k-instruct,7,15,0.467,Não
P150,Português,concluído,Sim,,s09__E3__baseline,4,87,s09,E3,linha de base,microsoft/Phi-3-mini-4k-instruct,15,26.5,0.566,Não
P150,Português,concluído,Sim,,s08__E1__pipeline,1,88,s08,E1,pipeline,microsoft/DialoGPT-medium,22,10,2.200,Não
P150,Português,concluído,Sim,,s06__E2__pipeline,2,89,s06,E2,pipeline,facebook/blenderbot-400M-distill,6,15,0.400,Não
P150,Português,concluído,Sim,,s04__E2__pipeline,3,90,s04,E2,pipeline,facebook/blenderbot-400M-distill,6,14,0.429,Não
P150,Português,concluído,Sim,,s10__E2__pipeline,3,91,s10,E2,pipeline,facebook/blenderbot-400M-distill,12,11.5,1.043,Não
P150,Português,concluído,Sim,,s07__E3__baseline,5,92,s07,E3,linha de base,microsoft/Phi-3-mini-4k-instruct,19,24,0.792,Não
P150,Português,concluído,Sim,,s03__E2__baseline,2,93,s03,E2,linha de base,facebook/blenderbot-400M-distill,15,13,1.154,Não
P150,Português,concluído,Sim,,s03__E2__pipeline,2,94,s03,E2,pipeline,facebook/blenderbot-400M-distill,11,14.5,0.759,Não
P150,Português,concluído,Sim,,s05__E4__pipeline,5,95,s05,E4,pipeline,Qwen/Qwen2.5-3B-Instruct,14,14,1.000,Não
P150,Português,concluído,Sim,,s03__E1__baseline,1,96,s03,E1,linha de base,microsoft/DialoGPT-medium,14,14,1.000,Não
P151,Português,concluído,Sim,,s06__E3__baseline,4,1,s06,E3,linha de base,microsoft/Phi-3-mini-4k-instruct,,18,,Não
P151,Português,concluído,Sim,,s07__E2__baseline,3,2,s07,E2,linha de base,facebook/blenderbot-400M-distill,26,15,1.733,Não
P151,Português,concluído,Sim,,s04__E3__baseline,5,3,s04,E3,linha de base,microsoft/Phi-3-mini-4k-instruct,29,17,1.706,Não
P151,Português,concluído,Sim,,s11__E3__baseline,5,4,s11,E3,linha de base,microsoft/Phi-3-mini-4k-instruct,26,20,1.300,Não
P151,Português,concluído,Sim,,s01__E3__pipeline,5,5,s01,E3,pipeline,microsoft/Phi-3-mini-4k-instruct,30,19.5,1.538,Não
P151,Português,concluído,Sim,,s04__E3__pipeline,5,6,s04,E3,pipeline,microsoft/Phi-3-mini-4k-instruct,29,17,1.706,Não
P151,Português,concluído,Sim,,s09__E2__baseline,2,7,s09,E2,linha de base,facebook/blenderbot-400M-distill,38,13.5,2.815,Não
P151,Português,concluído,Sim,,s05__E1__pipeline,1,8,s05,E1,pipeline,microsoft/DialoGPT-medium,21,13.5,1.556,Não
P151,Português,concluído,Sim,,s09__E4__pipeline,5,9,s09,E4,pipeline,Qwen/Qwen2.5-3B-Instruct,30,20,1.500,Não
P151,Português,concluído,Sim,,s09__E2__pipeline,3,10,s09,E2,pipeline,facebook/blenderbot-400M-distill,26,16,1.625,Não
P151,Português,concluído,Sim,,s07__E3__baseline,5,11,s07,E3,linha de base,microsoft/Phi-3-mini-4k-instruct,27,24,1.125,Não
P151,Português,concluído,Sim,,s01__E3__baseline,5,12,s01,E3,linha de base,microsoft/Phi-3-mini-4k-instruct,31,19,1.632,Não
P151,Português,concluído,Sim,,s06__E1__pipeline,1,13,s06,E1,pipeline,microsoft/DialoGPT-medium,30,10,3.000,Não
P151,Português,concluído,Sim,,s07__E4__pipeline,6,14,s07,E4,pipeline,Qwen/Qwen2.5-3B-Instruct,24,18,1.333,Não
P151,Português,concluído,Sim,,s03__E2__pipeline,2,15,s03,E2,pipeline,facebook/blenderbot-400M-distill,23,14.5,1.586,Não
P151,Português,concluído,Sim,,s11__E2__pipeline,2,16,s11,E2,pipeline,facebook/blenderbot-400M-distill,33,16,2.063,Não
P151,Português,concluído,Sim,,s12__E1__pipeline,1,17,s12,E1,pipeline,microsoft/DialoGPT-medium,26,12,2.167,Não
P151,Português,concluído,Sim,,s10__E1__baseline,2,18,s10,E1,linha de base,microsoft/DialoGPT-medium,20,14,1.429,Não
P151,Português,concluído,Sim,,s09__E3__baseline,4,19,s09,E3,linha de base,microsoft/Phi-3-mini-4k-instruct,27,26.5,1.019,Não
P151,Português,concluído,Sim,,s02__E3__baseline,6,20,s02,E3,linha de base,microsoft/Phi-3-mini-4k-instruct,24,22,1.091,Não
P151,Português,concluído,Sim,,s06__E1__baseline,2,21,s06,E1,linha de base,microsoft/DialoGPT-medium,23,16,1.438,Não
P151,Português,concluído,Sim,,s03__E3__baseline,4,22,s03,E3,linha de base,microsoft/Phi-3-mini-4k-instruct,39,17,2.294,Não
P151,Português,concluído,Sim,,s03__E2__baseline,2,23,s03,E2,linha de base,facebook/blenderbot-400M-distill,36,13,2.769,Não
P151,Português,concluído,Sim,,s07__E3__pipeline,6,24,s07,E3,pipeline,microsoft/Phi-3-mini-4k-instruct,24,16.5,1.455,Não
P151,Português,concluído,Sim,,s05__E1__baseline,2,25,s05,E1,linha de base,microsoft/DialoGPT-medium,75,11,6.818,Não
P151,Português,concluído,Sim,,s09__E4__baseline,5,26,s09,E4,linha de base,Qwen/Qwen2.5-3B-Instruct,24,20,1.200,Não
P151,Português,concluído,Sim,,s08__E1__pipeline,1,27,s08,E1,pipeline,microsoft/DialoGPT-medium,20,10,2.000,Não
P151,Português,concluído,Sim,,s12__E3__pipeline,4,28,s12,E3,pipeline,microsoft/Phi-3-mini-4k-instruct,23,19,1.211,Não
P151,Português,concluído,Sim,,s08__E3__pipeline,6,29,s08,E3,pipeline,microsoft/Phi-3-mini-4k-instruct,23,21.5,1.070,Não
P151,Português,concluído,Sim,,s02__E4__baseline,3,30,s02,E4,linha de base,Qwen/Qwen2.5-3B-Instruct,27,15,1.800,Não
P151,Português,concluído,Sim,,s01__E4__pipeline,5,31,s01,E4,pipeline,Qwen/Qwen2.5-3B-Instruct,28,25,1.120,Não
P151,Português,concluído,Sim,,s01__E1__pipeline,1,32,s01,E1,pipeline,microsoft/DialoGPT-medium,27,17,1.588,Não
P151,Português,concluído,Sim,,s12__E4__baseline,5,33,s12,E4,linha de base,Qwen/Qwen2.5-3B-Instruct,27,20,1.350,Não
P151,Português,concluído,Sim,,s07__E1__baseline,1,34,s07,E1,linha de base,microsoft/DialoGPT-medium,24,11,2.182,Não
P151,Português,concluído,Sim,,s06__E3__pipeline,4,35,s06,E3,pipeline,microsoft/Phi-3-mini-4k-instruct,24,18,1.333,Não
P151,Português,concluído,Sim,,s05__E3__baseline,5,36,s05,E3,linha de base,microsoft/Phi-3-mini-4k-instruct,26,24,1.083,Não
P151,Português,concluído,Sim,,s03__E4__pipeline,5,37,s03,E4,pipeline,Qwen/Qwen2.5-3B-Instruct,27,22,1.227,Não
P151,Português,concluído,Sim,,s02__E1__pipeline,2,38,s02,E1,pipeline,microsoft/DialoGPT-medium,19,10,1.900,Não
P151,Português,concluído,Sim,,s06__E2__pipeline,2,39,s06,E2,pipeline,facebook/blenderbot-400M-distill,31,15,2.067,Não
P151,Português,concluído,Sim,,s03__E1__pipeline,1,40,s03,E1,pipeline,microsoft/DialoGPT-medium,22,11,2.000,Não
P151,Português,concluído,Sim,,s07__E4__baseline,6,41,s07,E4,linha de base,Qwen/Qwen2.5-3B-Instruct,21,15.5,1.355,Não
P151,Português,concluído,Sim,,s12__E3__baseline,6,42,s12,E3,linha de base,microsoft/Phi-3-mini-4k-instruct,34,21,1.619,Não
P151,Português,concluído,Sim,,s10__E4__pipeline,5,43,s10,E4,pipeline,Qwen/Qwen2.5-3B-Instruct,26,18,1.444,Não
P151,Português,concluído,Sim,,s04__E4__baseline,6,44,s04,E4,linha de base,Qwen/Qwen2.5-3B-Instruct,21,15,1.400,Não
P151,Português,concluído,Sim,,s05__E4__pipeline,5,45,s05,E4,pipeline,Qwen/Qwen2.5-3B-Instruct,22,14,1.571,Não
P151,Português,concluído,Sim,,s12__E4__pipeline,5,46,s12,E4,pipeline,Qwen/Qwen2.5-3B-Instruct,22,13,1.692,Não
P151,Português,concluído,Sim,,s10__E2__pipeline,3,47,s10,E2,pipeline,facebook/blenderbot-400M-distill,22,11.5,1.913,Não
P151,Português,concluído,Sim,,s04__E1__baseline,1,48,s04,E1,linha de base,microsoft/DialoGPT-medium,22,8,2.750,Não
P151,Português,concluído,Sim,,s06__E4__baseline,4,49,s06,E4,linha de base,Qwen/Qwen2.5-3B-Instruct,25,20,1.250,Não
P151,Português,concluído,Sim,,s09__E1__pipeline,1,50,s09,E1,pipeline,microsoft/DialoGPT-medium,21,12,1.750,Não
P151,Português,concluído,Sim,,s01__E2__baseline,3,51,s01,E2,linha de base,facebook/blenderbot-400M-distill,21,14,1.500,Não
P151,Português,concluído,Sim,,s04__E4__pipeline,6,52,s04,E4,pipeline,Qwen/Qwen2.5-3B-Instruct,23,17.5,1.314,Não
P151,Português,concluído,Sim,,s03__E1__baseline,1,53,s03,E1,linha de base,microsoft/DialoGPT-medium,31,14,2.214,Não
P151,Português,concluído,Sim,,s05__E3__pipeline,5,54,s05,E3,pipeline,microsoft/Phi-3-mini-4k-instruct,24,18,1.333,Não
P151,Português,concluído,Sim,,s03__E3__pipeline,5,55,s03,E3,pipeline,microsoft/Phi-3-mini-4k-instruct,26,15,1.733,Não
P151,Português,concluído,Sim,,s07__E2__pipeline,3,56,s07,E2,pipeline,facebook/blenderbot-400M-distill,26,20,1.300,Não
P151,Português,concluído,Sim,,s12__E1__baseline,1,57,s12,E1,linha de base,microsoft/DialoGPT-medium,25,10,2.500,Não
P151,Português,concluído,Sim,,s08__E3__baseline,6,58,s08,E3,linha de base,microsoft/Phi-3-mini-4k-instruct,23,15,1.533,Não
P151,Português,concluído,Sim,,s11__E1__baseline,2,59,s11,E1,linha de base,microsoft/DialoGPT-medium,20,9,2.222,Não
P151,Português,concluído,Sim,,s10__E1__pipeline,1,60,s10,E1,pipeline,microsoft/DialoGPT-medium,20,10,2.000,Não
P151,Português,concluído,Sim,,s04__E2__baseline,2,61,s04,E2,linha de base,facebook/blenderbot-400M-distill,21,13,1.615,Não
P151,Português,concluído,Sim,,s02__E2__pipeline,2,62,s02,E2,pipeline,facebook/blenderbot-400M-distill,20,13,1.538,Não
P151,Português,concluído,Sim,,s08__E2__pipeline,3,63,s08,E2,pipeline,facebook/blenderbot-400M-distill,23,14,1.643,Não
P151,Português,concluído,Sim,,s09__E1__baseline,1,64,s09,E1,linha de base,microsoft/DialoGPT-medium,22,11,2.000,Não
P151,Português,concluído,Sim,,s07__E1__pipeline,1,65,s07,E1,pipeline,microsoft/DialoGPT-medium,25,12,2.083,Não
P151,Português,concluído,Sim,,s04__E1__pipeline,1,66,s04,E1,pipeline,microsoft/DialoGPT-medium,24,13,1.846,Não
P151,Português,concluído,Sim,,s11__E3__pipeline,5,67,s11,E3,pipeline,microsoft/Phi-3-mini-4k-instruct,27,19,1.421,Não
P151,Português,concluído,Sim,,s11__E2__baseline,2,68,s11,E2,linha de base,facebook/blenderbot-400M-distill,22,16,1.375,Não
P151,Português,concluído,Sim,,s08__E2__baseline,2,69,s08,E2,linha de base,facebook/blenderbot-400M-distill,25,14,1.786,Não
P151,Português,concluído,Sim,,s10__E3__baseline,5,70,s10,E3,linha de base,microsoft/Phi-3-mini-4k-instruct,26,19,1.368,Não
P151,Português,concluído,Sim,,s01__E4__baseline,6,71,s01,E4,linha de base,Qwen/Qwen2.5-3B-Instruct,25,15.5,1.613,Não
P151,Português,concluído,Sim,,s04__E2__pipeline,3,72,s04,E2,pipeline,facebook/blenderbot-400M-distill,25,14,1.786,Não
P151,Português,concluído,Sim,,s12__E2__baseline,2,73,s12,E2,linha de base,facebook/blenderbot-400M-distill,24,20.5,1.171,Não
P151,Português,concluído,Sim,,s09__E3__pipeline,5,74,s09,E3,pipeline,microsoft/Phi-3-mini-4k-instruct,23,17,1.353,Não
P151,Português,concluído,Sim,,s10__E2__baseline,3,75,s10,E2,linha de base,facebook/blenderbot-400M-distill,23,13.5,1.704,Não
P151,Português,concluído,Sim,,s01__E2__pipeline,2,76,s01,E2,pipeline,facebook/blenderbot-400M-distill,26,11.5,2.261,Não
P151,Português,concluído,Sim,,s05__E2__baseline,2,77,s05,E2,linha de base,facebook/blenderbot-400M-distill,28,16,1.750,Não
P151,Português,concluído,Sim,,s08__E4__baseline,6,78,s08,E4,linha de base,Qwen/Qwen2.5-3B-Instruct,29,15,1.933,Não
P151,Português,concluído,Sim,,s05__E2__pipeline,2,79,s05,E2,pipeline,facebook/blenderbot-400M-distill,22,15,1.467,Não
P151,Português,concluído,Sim,,s01__E1__baseline,1,80,s01,E1,linha de base,microsoft/DialoGPT-medium,23,8,2.875,Não
P151,Português,concluído,Sim,,s12__E2__pipeline,2,81,s12,E2,pipeline,facebook/blenderbot-400M-distill,30,20,1.500,Não
P151,Português,concluído,Sim,,s06__E4__pipeline,6,82,s06,E4,pipeline,Qwen/Qwen2.5-3B-Instruct,24,13,1.846,Não
P151,Português,concluído,Sim,,s10__E4__baseline,4,83,s10,E4,linha de base,Qwen/Qwen2.5-3B-Instruct,23,13,1.769,Não
P151,Português,concluído,Sim,,s11__E4__baseline,3,84,s11,E4,linha de base,Qwen/Qwen2.5-3B-Instruct,25,13,1.923,Não
P151,Português,concluído,Sim,,s02__E4__pipeline,4,85,s02,E4,pipeline,Qwen/Qwen2.5-3B-Instruct,22,15,1.467,Não
P151,Português,concluído,Sim,,s03__E4__baseline,4,86,s03,E4,linha de base,Qwen/Qwen2.5-3B-Instruct,23,13,1.769,Não
P151,Português,concluído,Sim,,s11__E4__pipeline,6,87,s11,E4,pipeline,Qwen/Qwen2.5-3B-Instruct,22,14.5,1.517,Não
P151,Português,concluído,Sim,,s08__E1__baseline,1,88,s08,E1,linha de base,microsoft/DialoGPT-medium,22,6,3.667,Não
P151,Português,concluído,Sim,,s11__E1__pipeline,1,89,s11,E1,pipeline,microsoft/DialoGPT-medium,29,10,2.900,Não
P151,Português,concluído,Sim,,s08__E4__pipeline,6,90,s08,E4,pipeline,Qwen/Qwen2.5-3B-Instruct,22,19.5,1.128,Não
P151,Português,concluído,Sim,,s05__E4__baseline,5,91,s05,E4,linha de base,Qwen/Qwen2.5-3B-Instruct,26,13.5,1.926,Não
P151,Português,concluído,Sim,,s02__E2__baseline,3,92,s02,E2,linha de base,facebook/blenderbot-400M-distill,23,15,1.533,Não
P151,Português,concluído,Sim,,s02__E1__baseline,1,93,s02,E1,linha de base,microsoft/DialoGPT-medium,25,11,2.273,Não
P151,Português,concluído,Sim,,s10__E3__pipeline,5,94,s10,E3,pipeline,microsoft/Phi-3-mini-4k-instruct,20,20,1.000,Não
P151,Português,concluído,Sim,,s06__E2__baseline,2,95,s06,E2,linha de base,facebook/blenderbot-400M-distill,24,14,1.714,Não
P151,Português,concluído,Sim,,s02__E3__pipeline,5,96,s02,E3,pipeline,microsoft/Phi-3-mini-4k-instruct,27,25.5,1.059,Não
P152,Português,concluído,Sim,,s11__E3__baseline,5,1,s11,E3,linha de base,microsoft/Phi-3-mini-4k-instruct,,20,,Não
P152,Português,concluído,Sim,,s01__E2__baseline,3,2,s01,E2,linha de base,facebook/blenderbot-400M-distill,27,14,1.929,Não
P152,Português,concluído,Sim,,s09__E1__baseline,1,3,s09,E1,linha de base,microsoft/DialoGPT-medium,20,11,1.818,Não
P152,Português,concluído,Sim,,s08__E1__baseline,1,4,s08,E1,linha de base,microsoft/DialoGPT-medium,26,6,4.333,Não
P152,Português,concluído,Sim,,s03__E1__pipeline,1,5,s03,E1,pipeline,microsoft/DialoGPT-medium,25,11,2.273,Não
P152,Português,concluído,Sim,,s09__E2__pipeline,3,6,s09,E2,pipeline,facebook/blenderbot-400M-distill,35,16,2.188,Não
P152,Português,concluído,Sim,,s05__E3__pipeline,5,7,s05,E3,pipeline,microsoft/Phi-3-mini-4k-instruct,30,18,1.667,Não
P152,Português,concluído,Sim,,s08__E3__baseline,6,8,s08,E3,linha de base,microsoft/Phi-3-mini-4k-instruct,28,15,1.867,Não
P152,Português,concluído,Sim,,s04__E3__baseline,5,9,s04,E3,linha de base,microsoft/Phi-3-mini-4k-instruct,31,17,1.824,Não
P152,Português,concluído,Sim,,s11__E2__pipeline,2,10,s11,E2,pipeline,facebook/blenderbot-400M-distill,29,16,1.813,Não
P152,Português,concluído,Sim,,s07__E3__pipeline,6,11,s07,E3,pipeline,microsoft/Phi-3-mini-4k-instruct,24,16.5,1.455,Não
P152,Português,concluído,Sim,,s12__E3__baseline,6,12,s12,E3,linha de base,microsoft/Phi-3-mini-4k-instruct,24,21,1.143,Não
P152,Português,concluído,Sim,,s06__E4__pipeline,6,13,s06,E4,pipeline,Qwen/Qwen2.5-3B-Instruct,23,13,1.769,Não
P152,Português,concluído,Sim,,s06__E1__baseline,2,14,s06,E1,linha de base,microsoft/DialoGPT-medium,24,16,1.500,Não
P152,Português,concluído,Sim,,s02__E2__baseline,3,15,s02,E2,linha de base,facebook/blenderbot-400M-distill,24,15,1.600,Não
P152,Português,concluído,Sim,,s07__E2__baseline,3,16,s07,E2,linha de base,facebook/blenderbot-400M-distill,24,15,1.600,Não
P152,Português,concluído,Sim,,s01__E3__pipeline,5,17,s01,E3,pipeline,microsoft/Phi-3-mini-4k-instruct,25,19.5,1.282,Não
P152,Português,concluído,Sim,,s12__E4__pipeline,5,18,s12,E4,pipeline,Qwen/Qwen2.5-3B-Instruct,28,13,2.154,Não
P152,Português,concluído,Sim,,s09__E3__baseline,4,19,s09,E3,linha de base,microsoft/Phi-3-mini-4k-instruct,24,26.5,0.906,Não
P152,Português,concluído,Sim,,s04__E3__pipeline,5,20,s04,E3,pipeline,microsoft/Phi-3-mini-4k-instruct,21,17,1.235,Não
P152,Português,concluído,Sim,,s01__E2__pipeline,2,21,s01,E2,pipeline,facebook/blenderbot-400M-distill,24,11.5,2.087,Não
P152,Português,concluído,Sim,,s05__E4__baseline,5,22,s05,E4,linha de base,Qwen/Qwen2.5-3B-Instruct,28,13.5,2.074,Não
P152,Português,concluído,Sim,,s07__E3__baseline,5,23,s07,E3,linha de base,microsoft/Phi-3-mini-4k-instruct,24,24,1.000,Não
P152,Português,concluído,Sim,,s03__E2__baseline,2,24,s03,E2,linha de base,facebook/blenderbot-400M-distill,24,13,1.846,Não
P152,Português,concluído,Sim,,s06__E2__pipeline,2,25,s06,E2,pipeline,facebook/blenderbot-400M-distill,41,15,2.733,Não
P152,Português,concluído,Sim,,s05__E4__pipeline,5,26,s05,E4,pipeline,Qwen/Qwen2.5-3B-Instruct,27,14,1.929,Não
P152,Português,concluído,Sim,,s08__E4__baseline,6,27,s08,E4,linha de base,Qwen/Qwen2.5-3B-Instruct,25,15,1.667,Não
P152,Português,concluído,Sim,,s01__E4__baseline,6,28,s01,E4,linha de base,Qwen/Qwen2.5-3B-Instruct,36,15.5,2.323,Não
P152,Português,concluído,Sim,,s08__E2__pipeline,3,29,s08,E2,pipeline,facebook/blenderbot-400M-distill,34,14,2.429,Não
P152,Português,concluído,Sim,,s04__E2__baseline,2,30,s04,E2,linha de base,facebook/blenderbot-400M-distill,33,13,2.538,Não
P152,Português,concluído,Sim,,s04__E1__baseline,1,31,s04,E1,linha de base,microsoft/DialoGPT-medium,23,8,2.875,Não
P152,Português,concluído,Sim,,s07__E1__pipeline,1,32,s07,E1,pipeline,microsoft/DialoGPT-medium,30,12,2.500,Não
P152,Português,concluído,Sim,,s03__E4__baseline,4,33,s03,E4,linha de base,Qwen/Qwen2.5-3B-Instruct,30,13,2.308,Não
P152,Português,concluído,Sim,,s07__E4__pipeline,6,34,s07,E4,pipeline,Qwen/Qwen2.5-3B-Instruct,27,18,1.500,Não
P152,Português,concluído,Sim,,s09__E3__pipeline,5,35,s09,E3,pipeline,microsoft/Phi-3-mini-4k-instruct,28,17,1.647,Não
P152,Português,concluído,Sim,,s12__E1__baseline,1,36,s12,E1,linha de base,microsoft/DialoGPT-medium,22,10,2.200,Não
P152,Português,concluído,Sim,,s08__E2__baseline,2,37,s08,E2,linha de base,facebook/blenderbot-400M-distill,29,14,2.071,Não
P152,Português,concluído,Sim,,s10__E3__pipeline,5,38,s10,E3,pipeline,microsoft/Phi-3-mini-4k-instruct,29,20,1.450,Não
P152,Português,concluído,Sim,,s02__E1__pipeline,2,39,s02,E1,pipeline,microsoft/DialoGPT-medium,25,10,2.500,Não
P152,Português,concluído,Sim,,s09__E4__baseline,5,40,s09,E4,linha de base,Qwen/Qwen2.5-3B-Instruct,29,20,1.450,Não
P152,Português,concluído,Sim,,s02__E2__pipeline,2,41,s02,E2,pipeline,facebook/blenderbot-400M-distill,21,13,1.615,Não
P152,Português,concluído,Sim,,s04__E4__pipeline,6,42,s04,E4,pipeline,Qwen/Qwen2.5-3B-Instruct,21,17.5,1.200,Não
P152,Português,concluído,Sim,,s03__E1__baseline,1,43,s03,E1,linha de base,microsoft/DialoGPT-medium,23,14,1.643,Não
P152,Português,concluído,Sim,,s05__E2__pipeline,2,44,s05,E2,pipeline,facebook/blenderbot-400M-distill,30,15,2.000,Não
P152,Português,concluído,Sim,,s04__E4__baseline,6,45,s04,E4,linha de base,Qwen/Qwen2.5-3B-Instruct,29,15,1.933,Não
P152,Português,concluído,Sim,,s01__E3__baseline,5,46,s01,E3,linha de base,microsoft/Phi-3-mini-4k-instruct,25,19,1.316,Não
P152,Português,concluído,Sim,,s12__E3__pipeline,4,47,s12,E3,pipeline,microsoft/Phi-3-mini-4k-instruct,24,19,1.263,Não
P152,Português,concluído,Sim,,s08__E4__pipeline,6,48,s08,E4,pipeline,Qwen/Qwen2.5-3B-Instruct,38,19.5,1.949,Não
P152,Português,concluído,Sim,,s02__E3__pipeline,5,49,s02,E3,pipeline,microsoft/Phi-3-mini-4k-instruct,31,25.5,1.216,Não
P152,Português,concluído,Sim,,s06__E3__baseline,4,50,s06,E3,linha de base,microsoft/Phi-3-mini-4k-instruct,29,18,1.611,Não
P152,Português,concluído,Sim,,s06__E4__baseline,4,51,s06,E4,linha de base,Qwen/Qwen2.5-3B-Instruct,31,20,1.550,Não
P152,Português,concluído,Sim,,s01__E1__pipeline,1,52,s01,E1,pipeline,microsoft/DialoGPT-medium,24,17,1.412,Não
P152,Português,concluído,Sim,,s10__E4__pipeline,5,53,s10,E4,pipeline,Qwen/Qwen2.5-3B-Instruct,35,18,1.944,Não
P152,Português,concluído,Sim,,s03__E3__baseline,4,54,s03,E3,linha de base,microsoft/Phi-3-mini-4k-instruct,22,17,1.294,Não
P152,Português,concluído,Sim,,s04__E2__pipeline,3,55,s04,E2,pipeline,facebook/blenderbot-400M-distill,35,14,2.500,Não
P152,Português,concluído,Sim,,s07__E4__baseline,6,56,s07,E4,linha de base,Qwen/Qwen2.5-3B-Instruct,35,15.5,2.258,Não
P152,Português,concluído,Sim,,s10__E4__baseline,4,57,s10,E4,linha de base,Qwen/Qwen2.5-3B-Instruct,27,13,2.077,Não
P152,Português,concluído,Sim,,s08__E1__pipeline,1,58,s08,E1,pipeline,microsoft/DialoGPT-medium,25,10,2.500,Não
P152,Português,concluído,Sim,,s11__E4__pipeline,6,59,s11,E4,pipeline,Qwen/Qwen2.5-3B-Instruct,23,14.5,1.586,Não
P152,Português,concluído,Sim,,s04__E1__pipeline,1,60,s04,E1,pipeline,microsoft/DialoGPT-medium,23,13,1.769,Não
P152,Português,concluído,Sim,,s02__E1__baseline,1,61,s02,E1,linha de base,microsoft/DialoGPT-medium,27,11,2.455,Não
P152,Português,concluído,Sim,,s05__E3__baseline,5,62,s05,E3,linha de base,microsoft/Phi-3-mini-4k-instruct,24,24,1.000,Não
P152,Português,concluído,Sim,,s03__E2__pipeline,2,63,s03,E2,pipeline,facebook/blenderbot-400M-distill,25,14.5,1.724,Não
P152,Português,concluído,Sim,,s09__E4__pipeline,5,64,s09,E4,pipeline,Qwen/Qwen2.5-3B-Instruct,27,20,1.350,Não
P152,Português,concluído,Sim,,s10__E2__baseline,3,65,s10,E2,linha de base,facebook/blenderbot-400M-distill,25,13.5,1.852,Não
P152,Português,concluído,Sim,,s10__E1__pipeline,1,66,s10,E1,pipeline,microsoft/DialoGPT-medium,37,10,3.700,Não
P152,Português,concluído,Sim,,s06__E1__pipeline,1,67,s06,E1,pipeline,microsoft/DialoGPT-medium,30,10,3.000,Não
P152,Português,concluído,Sim,,s02__E3__baseline,6,68,s02,E3,linha de base,microsoft/Phi-3-mini-4k-instruct,26,22,1.182,Não
P152,Português,concluído,Sim,,s05__E1__baseline,2,69,s05,E1,linha de base,microsoft/DialoGPT-medium,23,11,2.091,Não
P152,Português,concluído,Sim,,s01__E4__pipeline,5,70,s01,E4,pipeline,Qwen/Qwen2.5-3B-Instruct,26,25,1.040,Não
P152,Português,concluído,Sim,,s05__E1__pipeline,1,71,s05,E1,pipeline,microsoft/DialoGPT-medium,22,13.5,1.630,Não
P152,Português,concluído,Sim,,s02__E4__pipeline,4,72,s02,E4,pipeline,Qwen/Qwen2.5-3B-Instruct,36,15,2.400,Não
P152,Português,concluído,Sim,,s10__E3__baseline,5,73,s10,E3,linha de base,microsoft/Phi-3-mini-4k-instruct,24,19,1.263,Não
P152,Português,concluído,Sim,,s11__E2__baseline,2,74,s11,E2,linha de base,facebook/blenderbot-400M-distill,20,16,1.250,Não
P152,Português,concluído,Sim,,s08__E3__pipeline,6,75,s08,E3,pipeline,microsoft/Phi-3-mini-4k-instruct,49,21.5,2.279,Não
P152,Português,concluído,Sim,,s07__E2__pipeline,2,76,s07,E2,pipeline,facebook/blenderbot-400M-distill,19,20,0.950,Não
P152,Português,concluído,Sim,,s12__E2__baseline,2,77,s12,E2,linha de base,facebook/blenderbot-400M-distill,19,20.5,0.927,Não
P152,Português,concluído,Sim,,s09__E2__baseline,3,78,s09,E2,linha de base,facebook/blenderbot-400M-distill,21,13.5,1.556,Não
P152,Português,concluído,Sim,,s03__E4__pipeline,4,79,s03,E4,pipeline,Qwen/Qwen2.5-3B-Instruct,21,22,0.955,Não
P152,Português,concluído,Sim,,s12__E2__pipeline,2,80,s12,E2,pipeline,facebook/blenderbot-400M-distill,22,20,1.100,Não
P152,Português,concluído,Sim,,s11__E4__baseline,4,81,s11,E4,linha de base,Qwen/Qwen2.5-3B-Instruct,23,13,1.769,Não
P152,Português,concluído,Sim,,s01__E1__baseline,1,82,s01,E1,linha de base,microsoft/DialoGPT-medium,19,8,2.375,Não
P152,Português,concluído,Sim,,s10__E1__baseline,2,83,s10,E1,linha de base,microsoft/DialoGPT-medium,22,14,1.571,Não
P152,Português,concluído,Sim,,s12__E4__baseline,5,84,s12,E4,linha de base,Qwen/Qwen2.5-3B-Instruct,23,20,1.150,Não
P152,Português,concluído,Sim,,s02__E4__baseline,3,85,s02,E4,linha de base,Qwen/Qwen2.5-3B-Instruct,21,15,1.400,Não
P152,Português,concluído,Sim,,s11__E3__pipeline,6,86,s11,E3,pipeline,microsoft/Phi-3-mini-4k-instruct,26,19,1.368,Não
P152,Português,concluído,Sim,,s11__E1__baseline,1,87,s11,E1,linha de base,microsoft/DialoGPT-medium,23,9,2.556,Não
P152,Português,concluído,Sim,,s11__E1__pipeline,1,88,s11,E1,pipeline,microsoft/DialoGPT-medium,21,10,2.100,Não
P152,Português,concluído,Sim,,s12__E1__pipeline,1,89,s12,E1,pipeline,microsoft/DialoGPT-medium,21,12,1.750,Não
P152,Português,concluído,Sim,,s10__E2__pipeline,3,90,s10,E2,pipeline,facebook/blenderbot-400M-distill,20,11.5,1.739,Não
P152,Português,concluído,Sim,,s06__E3__pipeline,4,91,s06,E3,pipeline,microsoft/Phi-3-mini-4k-instruct,27,18,1.500,Não
P152,Português,concluído,Sim,,s07__E1__baseline,1,92,s07,E1,linha de base,microsoft/DialoGPT-medium,19,11,1.727,Não
P152,Português,concluído,Sim,,s05__E2__baseline,3,93,s05,E2,linha de base,facebook/blenderbot-400M-distill,36,16,2.250,Não
P152,Português,concluído,Sim,,s09__E1__pipeline,1,94,s09,E1,pipeline,microsoft/DialoGPT-medium,22,12,1.833,Não
P152,Português,concluído,Sim,,s06__E2__baseline,2,95,s06,E2,linha de base,facebook/blenderbot-400M-distill,24,14,1.714,Não
P152,Português,concluído,Sim,,s03__E3__pipeline,4,96,s03,E3,pipeline,microsoft/Phi-3-mini-4k-instruct,28,15,1.867,Não
P153,Português,concluído,Sim,,s12__E3__baseline,5,1,s12,E3,linha de base,microsoft/Phi-3-mini-4k-instruct,,21,,Não
P153,Português,concluído,Sim,,s05__E3__pipeline,5,2,s05,E3,pipeline,microsoft/Phi-3-mini-4k-instruct,47,18,2.611,Não
P153,Português,concluído,Sim,,s10__E4__baseline,5,3,s10,E4,linha de base,Qwen/Qwen2.5-3B-Instruct,45,13,3.462,Não
P153,Português,concluído,Sim,,s05__E2__baseline,3,4,s05,E2,linha de base,facebook/blenderbot-400M-distill,111,16,6.938,Não
P153,Português,concluído,Sim,,s02__E2__baseline,3,5,s02,E2,linha de base,facebook/blenderbot-400M-distill,45,15,3.000,Não
P153,Português,concluído,Sim,,s09__E1__baseline,1,6,s09,E1,linha de base,microsoft/DialoGPT-medium,106,11,9.636,Não
P153,Português,concluído,Sim,,s03__E3__pipeline,4,7,s03,E3,pipeline,microsoft/Phi-3-mini-4k-instruct,46,15,3.067,Não
P153,Português,concluído,Sim,,s10__E2__pipeline,3,8,s10,E2,pipeline,facebook/blenderbot-400M-distill,74,11.5,6.435,Não
P153,Português,concluído,Sim,,s10__E3__pipeline,5,9,s10,E3,pipeline,microsoft/Phi-3-mini-4k-instruct,47,20,2.350,Não
P153,Português,concluído,Sim,,s02__E4__baseline,3,10,s02,E4,linha de base,Qwen/Qwen2.5-3B-Instruct,70,15,4.667,Não
P153,Português,concluído,Sim,,s01__E2__baseline,3,11,s01,E2,linha de base,facebook/blenderbot-400M-distill,46,14,3.286,Não
P153,Português,concluído,Sim,,s09__E1__pipeline,1,12,s09,E1,pipeline,microsoft/DialoGPT-medium,70,12,5.833,Não
P153,Português,concluído,Sim,,s12__E4__baseline,5,13,s12,E4,linha de base,Qwen/Qwen2.5-3B-Instruct,46,20,2.300,Não
P153,Português,concluído,Sim,,s03__E1__pipeline,1,14,s03,E1,pipeline,microsoft/DialoGPT-medium,80,11,7.273,Não
P153,Português,concluído,Sim,,s08__E1__baseline,1,15,s08,E1,linha de base,microsoft/DialoGPT-medium,46,6,7.667,Não
P153,Português,concluído,Sim,,s01__E2__pipeline,5,16,s01,E2,pipeline,facebook/blenderbot-400M-distill,46,11.5,4.000,Não
P153,Português,concluído,Sim,,s05__E4__baseline,5,17,s05,E4,linha de base,Qwen/Qwen2.5-3B-Instruct,97,13.5,7.185,Não
P153,Português,concluído,Sim,,s08__E2__baseline,2,18,s08,E2,linha de base,facebook/blenderbot-400M-distill,43,14,3.071,Não
P153,Português,concluído,Sim,,s08__E3__baseline,6,19,s08,E3,linha de base,microsoft/Phi-3-mini-4k-instruct,43,15,2.867,Não
P153,Português,concluído,Sim,,s12__E4__pipeline,4,20,s12,E4,pipeline,Qwen/Qwen2.5-3B-Instruct,63,13,4.846,Não
P153,Português,concluído,Sim,,s06__E4__pipeline,6,21,s06,E4,pipeline,Qwen/Qwen2.5-3B-Instruct,44,13,3.385,Não
P153,Português,concluído,Sim,,s11__E4__pipeline,6,22,s11,E4,pipeline,Qwen/Qwen2.5-3B-Instruct,72,14.5,4.966,Não
P153,Português,concluído,Sim,,s06__E3__pipeline,4,23,s06,E3,pipeline,microsoft/Phi-3-mini-4k-instruct,44,18,2.444,Não
P153,Português,concluído,Sim,,s03__E4__baseline,4,24,s03,E4,linha de base,Qwen/Qwen2.5-3B-Instruct,24,13,1.846,Não
P153,Português,concluído,Sim,,s10__E1__pipeline,1,25,s10,E1,pipeline,microsoft/DialoGPT-medium,103,10,10.300,Não
P153,Português,concluído,Sim,,s06__E3__baseline,4,26,s06,E3,linha de base,microsoft/Phi-3-mini-4k-instruct,44,18,2.444,Não
P153,Português,concluído,Sim,,s03__E4__pipeline,4,27,s03,E4,pipeline,Qwen/Qwen2.5-3B-Instruct,61,22,2.773,Não
P153,Português,concluído,Sim,,s09__E3__pipeline,5,28,s09,E3,pipeline,microsoft/Phi-3-mini-4k-instruct,45,17,2.647,Não
P153,Português,concluído,Sim,,s12__E1__baseline,1,29,s12,E1,linha de base,microsoft/DialoGPT-medium,60,10,6.000,Não
P153,Português,concluído,Sim,,s07__E1__pipeline,1,30,s07,E1,pipeline,microsoft/DialoGPT-medium,44,12,3.667,Não
P153,Português,concluído,Sim,,s06__E1__baseline,3,31,s06,E1,linha de base,microsoft/DialoGPT-medium,64,16,4.000,Não
P153,Português,concluído,Sim,,s10__E3__baseline,5,32,s10,E3,linha de base,microsoft/Phi-3-mini-4k-instruct,44,19,2.316,Não
P153,Português,concluído,Sim,,s07__E1__baseline,1,33,s07,E1,linha de base,microsoft/DialoGPT-medium,61,11,5.545,Não
P153,Português,concluído,Sim,,s12__E1__pipeline,1,34,s12,E1,pipeline,microsoft/DialoGPT-medium,45,12,3.750,Não
P153,Português,concluído,Sim,,s07__E4__pipeline,6,35,s07,E4,pipeline,Qwen/Qwen2.5-3B-Instruct,62,18,3.444,Não
P153,Português,concluído,Sim,,s09__E3__baseline,4,36,s09,E3,linha de base,microsoft/Phi-3-mini-4k-instruct,45,26.5,1.698,Não
P153,Português,concluído,Sim,,s06__E2__baseline,2,37,s06,E2,linha de base,facebook/blenderbot-400M-distill,60,14,4.286,Não
P153,Português,concluído,Sim,,s02__E3__baseline,5,38,s02,E3,linha de base,microsoft/Phi-3-mini-4k-instruct,45,22,2.045,Não
P153,Português,concluído,Sim,,s10__E1__baseline,2,39,s10,E1,linha de base,microsoft/DialoGPT-medium,62,14,4.429,Não
P153,Português,concluído,Sim,,s04__E1__baseline,1,40,s04,E1,linha de base,microsoft/DialoGPT-medium,45,8,5.625,Não
P153,Português,concluído,Sim,,s09__E2__pipeline,3,41,s09,E2,pipeline,facebook/blenderbot-400M-distill,72,16,4.500,Não
P153,Português,concluído,Sim,,s05__E3__baseline,5,42,s05,E3,linha de base,microsoft/Phi-3-mini-4k-instruct,44,24,1.833,Não
P153,Português,concluído,Sim,,s12__E2__baseline,2,43,s12,E2,linha de base,facebook/blenderbot-400M-distill,70,20.5,3.415,Não
P153,Português,concluído,Sim,,s09__E4__baseline,5,44,s09,E4,linha de base,Qwen/Qwen2.5-3B-Instruct,45,20,2.250,Não
P153,Português,concluído,Sim,,s08__E1__pipeline,1,45,s08,E1,pipeline,microsoft/DialoGPT-medium,22,10,2.200,Não
P153,Português,concluído,Sim,,s11__E2__pipeline,2,46,s11,E2,pipeline,facebook/blenderbot-400M-distill,45,16,2.813,Não
P153,Português,concluído,Sim,,s09__E4__pipeline,5,47,s09,E4,pipeline,Qwen/Qwen2.5-3B-Instruct,64,20,3.200,Não
P153,Português,concluído,Sim,,s01__E1__baseline,1,48,s01,E1,linha de base,microsoft/DialoGPT-medium,44,8,5.500,Não
P153,Português,concluído,Sim,,s02__E4__pipeline,4,49,s02,E4,pipeline,Qwen/Qwen2.5-3B-Instruct,61,15,4.067,Não
P153,Português,concluído,Sim,,s03__E2__baseline,3,50,s03,E2,linha de base,facebook/blenderbot-400M-distill,44,13,3.385,Não
P153,Português,concluído,Sim,,s04__E3__baseline,5,51,s04,E3,linha de base,microsoft/Phi-3-mini-4k-instruct,61,17,3.588,Não
P153,Português,concluído,Sim,,s02__E1__baseline,1,52,s02,E1,linha de base,microsoft/DialoGPT-medium,45,11,4.091,Não
P153,Português,concluído,Sim,,s04__E2__baseline,3,53,s04,E2,linha de base,facebook/blenderbot-400M-distill,59,13,4.538,Não
P153,Português,concluído,Sim,,s07__E2__pipeline,2,54,s07,E2,pipeline,facebook/blenderbot-400M-distill,45,20,2.250,Não
P153,Português,concluído,Sim,,s06__E1__pipeline,1,55,s06,E1,pipeline,microsoft/DialoGPT-medium,61,10,6.100,Não
P153,Português,concluído,Sim,,s11__E1__baseline,1,56,s11,E1,linha de base,microsoft/DialoGPT-medium,45,9,5.000,Não
P153,Português,concluído,Sim,,s04__E1__pipeline,1,57,s04,E1,pipeline,microsoft/DialoGPT-medium,61,13,4.692,Não
P153,Português,concluído,Sim,,s11__E3__baseline,5,58,s11,E3,linha de base,microsoft/Phi-3-mini-4k-instruct,44,20,2.200,Não
P153,Português,concluído,Sim,,s10__E2__baseline,3,59,s10,E2,linha de base,facebook/blenderbot-400M-distill,62,13.5,4.593,Não
P153,Português,concluído,Sim,,s01__E1__pipeline,1,60,s01,E1,pipeline,microsoft/DialoGPT-medium,45,17,2.647,Não
P153,Português,concluído,Sim,,s07__E3__pipeline,5,61,s07,E3,pipeline,microsoft/Phi-3-mini-4k-instruct,61,16.5,3.697,Não
P153,Português,concluído,Sim,,s08__E3__pipeline,6,62,s08,E3,pipeline,microsoft/Phi-3-mini-4k-instruct,44,21.5,2.047,Não
P153,Português,concluído,Sim,,s06__E4__baseline,4,63,s06,E4,linha de base,Qwen/Qwen2.5-3B-Instruct,60,20,3.000,Não
P153,Português,concluído,Sim,,s02__E3__pipeline,5,64,s02,E3,pipeline,microsoft/Phi-3-mini-4k-instruct,45,25.5,1.765,Não
P153,Português,concluído,Sim,,s05__E4__pipeline,6,65,s05,E4,pipeline,Qwen/Qwen2.5-3B-Instruct,60,14,4.286,Não
P153,Português,concluído,Sim,,s12__E2__pipeline,2,66,s12,E2,pipeline,facebook/blenderbot-400M-distill,44,20,2.200,Não
P153,Português,concluído,Sim,,s01__E3__baseline,5,67,s01,E3,linha de base,microsoft/Phi-3-mini-4k-instruct,60,19,3.158,Não
P153,Português,concluído,Sim,,s05__E1__baseline,2,68,s05,E1,linha de base,microsoft/DialoGPT-medium,45,11,4.091,Não
P153,Português,concluído,Sim,,s11__E2__baseline,2,69,s11,E2,linha de base,facebook/blenderbot-400M-distill,60,16,3.750,Não
P153,Português,concluído,Sim,,s03__E1__baseline,1,70,s03,E1,linha de base,microsoft/DialoGPT-medium,45,14,3.214,Não
P153,Português,concluído,Sim,,s04__E4__pipeline,6,71,s04,E4,pipeline,Qwen/Qwen2.5-3B-Instruct,59,17.5,3.371,Não
P153,Português,concluído,Sim,,s07__E4__baseline,6,72,s07,E4,linha de base,Qwen/Qwen2.5-3B-Instruct,45,15.5,2.903,Não
P153,Português,concluído,Sim,,s01__E4__pipeline,6,73,s01,E4,pipeline,Qwen/Qwen2.5-3B-Instruct,60,25,2.400,Não
P153,Português,concluído,Sim,,s06__E2__pipeline,2,74,s06,E2,pipeline,facebook/blenderbot-400M-distill,44,15,2.933,Não
P153,Português,concluído,Sim,,s11__E1__pipeline,1,75,s11,E1,pipeline,microsoft/DialoGPT-medium,60,10,6.000,Não
P153,Português,concluído,Sim,,s03__E3__baseline,4,76,s03,E3,linha de base,microsoft/Phi-3-mini-4k-instruct,44,17,2.588,Não
P153,Português,concluído,Sim,,s05__E2__pipeline,2,77,s05,E2,pipeline,facebook/blenderbot-400M-distill,62,15,4.133,Não
P153,Português,concluído,Sim,,s08__E2__pipeline,2,78,s08,E2,pipeline,facebook/blenderbot-400M-distill,44,14,3.143,Não
P153,Português,concluído,Sim,,s02__E1__pipeline,1,79,s02,E1,pipeline,microsoft/DialoGPT-medium,61,10,6.100,Não
P153,Português,concluído,Sim,,s03__E2__pipeline,2,80,s03,E2,pipeline,facebook/blenderbot-400M-distill,44,14.5,3.034,Não
P153,Português,concluído,Sim,,s11__E3__pipeline,6,81,s11,E3,pipeline,microsoft/Phi-3-mini-4k-instruct,63,19,3.316,Não
P153,Português,concluído,Sim,,s02__E2__pipeline,2,82,s02,E2,pipeline,facebook/blenderbot-400M-distill,45,13,3.462,Não
P153,Português,concluído,Sim,,s04__E2__pipeline,2,83,s04,E2,pipeline,facebook/blenderbot-400M-distill,61,14,4.357,Não
P153,Português,concluído,Sim,,s12__E3__pipeline,5,84,s12,E3,pipeline,microsoft/Phi-3-mini-4k-instruct,44,19,2.316,Não
P153,Português,concluído,Sim,,s04__E3__pipeline,6,85,s04,E3,pipeline,microsoft/Phi-3-mini-4k-instruct,60,17,3.529,Não
P153,Português,concluído,Sim,,s07__E3__baseline,5,86,s07,E3,linha de base,microsoft/Phi-3-mini-4k-instruct,44,24,1.833,Não
P153,Português,concluído,Sim,,s01__E4__baseline,6,87,s01,E4,linha de base,Qwen/Qwen2.5-3B-Instruct,62,15.5,4.000,Não
P153,Português,concluído,Sim,,s08__E4__pipeline,6,88,s08,E4,pipeline,Qwen/Qwen2.5-3B-Instruct,44,19.5,2.256,Não
P153,Português,concluído,Sim,,s05__E1__pipeline,1,89,s05,E1,pipeline,microsoft/DialoGPT-medium,61,13.5,4.519,Não
P153,Português,concluído,Sim,,s08__E4__baseline,6,90,s08,E4,linha de base,Qwen/Qwen2.5-3B-Instruct,45,15,3.000,Não
P153,Português,concluído,Sim,,s09__E2__baseline,3,91,s09,E2,linha de base,facebook/blenderbot-400M-distill,64,13.5,4.741,Não
P153,Português,concluído,Sim,,s10__E4__pipeline,4,92,s10,E4,pipeline,Qwen/Qwen2.5-3B-Instruct,44,18,2.444,Não
P153,Português,concluído,Sim,,s11__E4__baseline,4,93,s11,E4,linha de base,Qwen/Qwen2.5-3B-Instruct,63,13,4.846,Não
P153,Português,concluído,Sim,,s04__E4__baseline,6,94,s04,E4,linha de base,Qwen/Qwen2.5-3B-Instruct,45,15,3.000,Não
P153,Português,concluído,Sim,,s01__E3__pipeline,5,95,s01,E3,pipeline,microsoft/Phi-3-mini-4k-instruct,37,19.5,1.897,Não
P153,Português,concluído,Sim,,s07__E2__baseline,2,96,s07,E2,linha de base,facebook/blenderbot-400M-distill,15,15,1.000,Não
P154,Português,concluído,Sim,,s08__E3__pipeline,6,1,s08,E3,pipeline,microsoft/Phi-3-mini-4k-instruct,,21.5,,Não
P154,Português,concluído,Sim,,s08__E1__pipeline,1,2,s08,E1,pipeline,microsoft/DialoGPT-medium,62,10,6.200,Não
P154,Português,concluído,Sim,,s03__E4__baseline,4,3,s03,E4,linha de base,Qwen/Qwen2.5-3B-Instruct,45,13,3.462,Não
P154,Português,concluído,Sim,,s07__E1__pipeline,1,4,s07,E1,pipeline,microsoft/DialoGPT-medium,64,12,5.333,Não
P154,Português,concluído,Sim,,s10__E4__baseline,5,5,s10,E4,linha de base,Qwen/Qwen2.5-3B-Instruct,45,13,3.462,Não
P154,Português,concluído,Sim,,s11__E4__pipeline,6,6,s11,E4,pipeline,Qwen/Qwen2.5-3B-Instruct,64,14.5,4.414,Não
P154,Português,concluído,Sim,,s03__E1__baseline,1,7,s03,E1,linha de base,microsoft/DialoGPT-medium,44,14,3.143,Não
P154,Português,concluído,Sim,,s12__E1__baseline,1,8,s12,E1,linha de base,microsoft/DialoGPT-medium,62,10,6.200,Não
P154,Português,concluído,Sim,,s06__E2__baseline,2,9,s06,E2,linha de base,facebook/blenderbot-400M-distill,45,14,3.214,Não
P154,Português,concluído,Sim,,s10__E3__pipeline,5,10,s10,E3,pipeline,microsoft/Phi-3-mini-4k-instruct,63,20,3.150,Não
P154,Português,concluído,Sim,,s05__E2__baseline,3,11,s05,E2,linha de base,facebook/blenderbot-400M-distill,45,16,2.813,Não
P154,Português,concluído,Sim,,s10__E2__pipeline,3,12,s10,E2,pipeline,facebook/blenderbot-400M-distill,61,11.5,5.304,Não
P154,Português,concluído,Sim,,s12__E4__baseline,5,13,s12,E4,linha de base,Qwen/Qwen2.5-3B-Instruct,45,20,2.250,Não
P154,Português,concluído,Sim,,s12__E3__pipeline,5,14,s12,E3,pipeline,microsoft/Phi-3-mini-4k-instruct,61,19,3.211,Não
P154,Português,concluído,Sim,,s02__E4__baseline,3,15,s02,E4,linha de base,Qwen/Qwen2.5-3B-Instruct,45,15,3.000,Não
P154,Português,concluído,Sim,,s04__E2__pipeline,2,16,s04,E2,pipeline,facebook/blenderbot-400M-distill,63,14,4.500,Não
P154,Português,concluído,Sim,,s06__E2__pipeline,2,17,s06,E2,pipeline,facebook/blenderbot-400M-distill,44,15,2.933,Não
P154,Português,concluído,Sim,,s09__E1__pipeline,1,18,s09,E1,pipeline,microsoft/DialoGPT-medium,63,12,5.250,Não
P154,Português,concluído,Sim,,s03__E3__pipeline,4,19,s03,E3,pipeline,microsoft/Phi-3-mini-4k-instruct,44,15,2.933,Não
P154,Português,concluído,Sim,,s11__E2__baseline,2,20,s11,E2,linha de base,facebook/blenderbot-400M-distill,64,16,4.000,Não
P154,Português,concluído,Sim,,s06__E3__pipeline,4,21,s06,E3,pipeline,microsoft/Phi-3-mini-4k-instruct,45,18,2.500,Não
P154,Português,concluído,Sim,,s08__E2__baseline,2,22,s08,E2,linha de base,facebook/blenderbot-400M-distill,63,14,4.500,Não
P154,Português,concluído,Sim,,s09__E3__pipeline,5,23,s09,E3,pipeline,microsoft/Phi-3-mini-4k-instruct,45,17,2.647,Não
P154,Português,concluído,Sim,,s01__E1__baseline,1,24,s01,E1,linha de base,microsoft/DialoGPT-medium,21,8,2.625,Não
P154,Português,concluído,Sim,,s11__E3__pipeline,6,25,s11,E3,pipeline,microsoft/Phi-3-mini-4k-instruct,61,19,3.211,Não
P154,Português,concluído,Sim,,s05__E4__pipeline,6,26,s05,E4,pipeline,Qwen/Qwen2.5-3B-Instruct,44,14,3.143,Não
P154,Português,concluído,Sim,,s07__E2__pipeline,2,27,s07,E2,pipeline,facebook/blenderbot-400M-distill,61,20,3.050,Não
P154,Português,concluído,Sim,,s03__E2__pipeline,2,28,s03,E2,pipeline,facebook/blenderbot-400M-distill,45,14.5,3.103,Não
P154,Português,concluído,Sim,,s12__E3__baseline,5,29,s12,E3,linha de base,microsoft/Phi-3-mini-4k-instruct,77,21,3.667,Não
P154,Português,concluído,Sim,,s02__E3__pipeline,5,30,s02,E3,pipeline,microsoft/Phi-3-mini-4k-instruct,45,25.5,1.765,Não
P154,Português,concluído,Sim,,s01__E1__pipeline,1,31,s01,E1,pipeline,microsoft/DialoGPT-medium,71,17,4.176,Não
P154,Português,concluído,Sim,,s05__E1__baseline,2,32,s05,E1,linha de base,microsoft/DialoGPT-medium,44,11,4.000,Não
P154,Português,concluído,Sim,,s04__E4__pipeline,6,33,s04,E4,pipeline,Qwen/Qwen2.5-3B-Instruct,62,17.5,3.543,Não
P154,Português,concluído,Sim,,s01__E3__pipeline,5,34,s01,E3,pipeline,microsoft/Phi-3-mini-4k-instruct,44,19.5,2.256,Não
P154,Português,concluído,Sim,,s12__E2__baseline,2,35,s12,E2,linha de base,facebook/blenderbot-400M-distill,66,20.5,3.220,Não
P154,Português,concluído,Sim,,s06__E1__pipeline,1,36,s06,E1,pipeline,microsoft/DialoGPT-medium,44,10,4.400,Não
P154,Português,concluído,Sim,,s08__E2__pipeline,2,37,s08,E2,pipeline,facebook/blenderbot-400M-distill,71,14,5.071,Não
P154,Português,concluído,Sim,,s08__E4__pipeline,6,38,s08,E4,pipeline,Qwen/Qwen2.5-3B-Instruct,44,19.5,2.256,Não
P154,Português,concluído,Sim,,s03__E3__baseline,4,39,s03,E3,linha de base,microsoft/Phi-3-mini-4k-instruct,61,17,3.588,Não
P154,Português,concluído,Sim,,s07__E2__baseline,2,40,s07,E2,linha de base,facebook/blenderbot-400M-distill,45,15,3.000,Não
P154,Português,concluído,Sim,,s05__E1__pipeline,1,41,s05,E1,pipeline,microsoft/DialoGPT-medium,62,13.5,4.593,Não
P154,Português,concluído,Sim,,s10__E3__baseline,5,42,s10,E3,linha de base,microsoft/Phi-3-mini-4k-instruct,45,19,2.368,Não
P154,Português,concluído,Sim,,s01__E2__pipeline,5,43,s01,E2,pipeline,facebook/blenderbot-400M-distill,61,11.5,5.304,Não
P154,Português,concluído,Sim,,s04__E1__pipeline,1,44,s04,E1,pipeline,microsoft/DialoGPT-medium,45,13,3.462,Não
P154,Português,concluído,Sim,,s04__E1__baseline,1,45,s04,E1,linha de base,microsoft/DialoGPT-medium,85,8,10.625,Não
P154,Português,concluído,Sim,,s06__E4__baseline,4,46,s06,E4,linha de base,Qwen/Qwen2.5-3B-Instruct,44,20,2.200,Não
P154,Português,concluído,Sim,,s04__E2__baseline,3,47,s04,E2,linha de base,facebook/blenderbot-400M-distill,61,13,4.692,Não
P154,Português,concluído,Sim,,s09__E2__baseline,3,48,s09,E2,linha de base,facebook/blenderbot-400M-distill,45,13.5,3.333,Não
P154,Português,concluído,Sim,,s01__E2__baseline,3,49,s01,E2,linha de base,facebook/blenderbot-400M-distill,67,14,4.786,Não
P154,Português,concluído,Sim,,s12__E1__pipeline,1,50,s12,E1,pipeline,microsoft/DialoGPT-medium,44,12,3.667,Não
P154,Português,concluído,Sim,,s04__E3__pipeline,6,51,s04,E3,pipeline,microsoft/Phi-3-mini-4k-instruct,59,17,3.471,Não
P154,Português,concluído,Sim,,s02__E2__baseline,3,52,s02,E2,linha de base,facebook/blenderbot-400M-distill,45,15,3.000,Não
P154,Português,concluído,Sim,,s09__E2__pipeline,3,53,s09,E2,pipeline,facebook/blenderbot-400M-distill,60,16,3.750,Não
P154,Português,concluído,Sim,,s07__E3__baseline,5,54,s07,E3,linha de base,microsoft/Phi-3-mini-4k-instruct,45,24,1.875,Não
P154,Português,concluído,Sim,,s10__E1__pipeline,1,55,s10,E1,pipeline,microsoft/DialoGPT-medium,61,10,6.100,Não
P154,Português,concluído,Sim,,s11__E4__baseline,4,56,s11,E4,linha de base,Qwen/Qwen2.5-3B-Instruct,45,13,3.462,Não
P154,Português,concluído,Sim,,s12__E2__pipeline,2,57,s12,E2,pipeline,facebook/blenderbot-400M-distill,61,20,3.050,Não
P154,Português,concluído,Sim,,s08__E3__baseline,6,58,s08,E3,linha de base,microsoft/Phi-3-mini-4k-instruct,45,15,3.000,Não
P154,Português,concluído,Sim,,s09__E3__baseline,4,59,s09,E3,linha de base,microsoft/Phi-3-mini-4k-instruct,60,26.5,2.264,Não
P154,Português,concluído,Sim,,s01__E4__pipeline,6,60,s01,E4,pipeline,Qwen/Qwen2.5-3B-Instruct,44,25,1.760,Não
P154,Português,concluído,Sim,,s09__E4__pipeline,5,61,s09,E4,pipeline,Qwen/Qwen2.5-3B-Instruct,61,20,3.050,Não
P154,Português,concluído,Sim,,s02__E4__pipeline,4,62,s02,E4,pipeline,Qwen/Qwen2.5-3B-Instruct,44,15,2.933,Não
P154,Português,concluído,Sim,,s05__E4__baseline,5,63,s05,E4,linha de base,Qwen/Qwen2.5-3B-Instruct,62,13.5,4.593,Não
P154,Português,concluído,Sim,,s12__E4__pipeline,4,64,s12,E4,pipeline,Qwen/Qwen2.5-3B-Instruct,45,13,3.462,Não
P154,Português,concluído,Sim,,s10__E2__baseline,3,65,s10,E2,linha de base,facebook/blenderbot-400M-distill,66,13.5,4.889,Não
P154,Português,concluído,Sim,,s02__E1__baseline,1,66,s02,E1,linha de base,microsoft/DialoGPT-medium,45,11,4.091,Não
P154,Português,concluído,Sim,,s10__E4__pipeline,4,67,s10,E4,pipeline,Qwen/Qwen2.5-3B-Instruct,62,18,3.444,Não
P154,Português,concluído,Sim,,s10__E1__baseline,2,68,s10,E1,linha de base,microsoft/DialoGPT-medium,44,14,3.143,Não
P154,Português,concluído,Sim,,s09__E4__baseline,5,69,s09,E4,linha de base,Qwen/Qwen2.5-3B-Instruct,61,20,3.050,Não
P154,Português,concluído,Sim,,s03__E4__pipeline,4,70,s03,E4,pipeline,Qwen/Qwen2.5-3B-Instruct,45,22,2.045,Não
P154,Português,concluído,Sim,,s05__E3__pipeline,5,71,s05,E3,pipeline,microsoft/Phi-3-mini-4k-instruct,60,18,3.333,Não
P154,Português,concluído,Sim,,s06__E3__baseline,4,72,s06,E3,linha de base,microsoft/Phi-3-mini-4k-instruct,44,18,2.444,Não
P154,Português,concluído,Sim,,s11__E2__pipeline,2,73,s11,E2,pipeline,facebook/blenderbot-400M-distill,70,16,4.375,Não
P154,Português,concluído,Sim,,s06__E4__pipeline,6,74,s06,E4,pipeline,Qwen/Qwen2.5-3B-Instruct,45,13,3.462,Não
P154,Português,concluído,Sim,,s11__E3__baseline,5,75,s11,E3,linha de base,microsoft/Phi-3-mini-4k-instruct,65,20,3.250,Não
P154,Português,concluído,Sim,,s02__E1__pipeline,1,76,s02,E1,pipeline,microsoft/DialoGPT-medium,44,10,4.400,Não
P154,Português,concluído,Sim,,s07__E4__pipeline,6,77,s07,E4,pipeline,Qwen/Qwen2.5-3B-Instruct,61,18,3.389,Não
P154,Português,concluído,Sim,,s03__E1__pipeline,1,78,s03,E1,pipeline,microsoft/DialoGPT-medium,44,11,4.000,Não
P154,Português,concluído,Sim,,s03__E2__baseline,3,79,s03,E2,linha de base,facebook/blenderbot-400M-distill,59,13,4.538,Não
P154,Português,concluído,Sim,,s11__E1__pipeline,1,80,s11,E1,pipeline,microsoft/DialoGPT-medium,45,10,4.500,Não
P154,Português,concluído,Sim,,s01__E3__baseline,5,81,s01,E3,linha de base,microsoft/Phi-3-mini-4k-instruct,59,19,3.105,Não
P154,Português,concluído,Sim,,s05__E2__pipeline,2,82,s05,E2,pipeline,facebook/blenderbot-400M-distill,44,15,2.933,Não
P154,Português,concluído,Sim,,s04__E4__baseline,6,83,s04,E4,linha de base,Qwen/Qwen2.5-3B-Instruct,60,15,4.000,Não
P155,Português,concluído,Sim,,s11__E3__pipeline,6,1,s11,E3,pipeline,microsoft/Phi-3-mini-4k-instruct,,19,,Não
P155,Português,concluído,Sim,,s08__E4__pipeline,6,2,s08,E4,pipeline,Qwen/Qwen2.5-3B-Instruct,45,19.5,2.308,Não
P155,Português,concluído,Sim,,s12__E3__pipeline,5,3,s12,E3,pipeline,microsoft/Phi-3-mini-4k-instruct,92,19,4.842,Não
P155,Português,concluído,Sim,,s08__E3__pipeline,6,4,s08,E3,pipeline,microsoft/Phi-3-mini-4k-instruct,44,21.5,2.047,Não
P155,Português,concluído,Sim,,s12__E1__baseline,1,5,s12,E1,linha de base,microsoft/DialoGPT-medium,61,10,6.100,Não
P155,Português,concluído,Sim,,s11__E1__pipeline,1,6,s11,E1,pipeline,microsoft/DialoGPT-medium,45,10,4.500,Não
P155,Português,concluído,Sim,,s03__E1__baseline,1,7,s03,E1,linha de base,microsoft/DialoGPT-medium,61,14,4.357,Não
P155,Português,concluído,Sim,,s07__E2__pipeline,2,8,s07,E2,pipeline,facebook/blenderbot-400M-distill,45,20,2.250,Não
P155,Português,concluído,Sim,,s10__E2__baseline,3,9,s10,E2,linha de base,facebook/blenderbot-400M-distill,60,13.5,4.444,Não
P155,Português,concluído,Sim,,s09__E3__pipeline,5,10,s09,E3,pipeline,microsoft/Phi-3-mini-4k-instruct,45,17,2.647,Não
P155,Português,concluído,Sim,,s04__E1__pipeline,1,11,s04,E1,pipeline,microsoft/DialoGPT-medium,61,13,4.692,Não
P155,Português,concluído,Sim,,s01__E1__baseline,1,12,s01,E1,linha de base,microsoft/DialoGPT-medium,44,8,5.500,Não
P155,Português,concluído,Sim,,s04__E2__pipeline,2,13,s04,E2,pipeline,facebook/blenderbot-400M-distill,61,14,4.357,Não
P155,Português,concluído,Sim,,s08__E1__pipeline,1,14,s08,E1,pipeline,microsoft/DialoGPT-medium,44,10,4.400,Não
P155,Português,concluído,Sim,,s06__E2__pipeline,2,15,s06,E2,pipeline,facebook/blenderbot-400M-distill,61,15,4.067,Não
P155,Português,concluído,Sim,,s03__E4__pipeline,4,16,s03,E4,pipeline,Qwen/Qwen2.5-3B-Instruct,45,22,2.045,Não
P155,Português,concluído,Sim,,s07__E1__pipeline,4,17,s07,E1,pipeline,microsoft/DialoGPT-medium,7,12,0.583,Não
P155,Português,concluído,Sim,,s01__E4__pipeline,6,18,s01,E4,pipeline,Qwen/Qwen2.5-3B-Instruct,44,25,1.760,Não
P155,Português,concluído,Sim,,s10__E1__pipeline,1,19,s10,E1,pipeline,microsoft/DialoGPT-medium,71,10,7.100,Não
P155,Português,concluído,Sim,,s06__E4__baseline,4,20,s06,E4,linha de base,Qwen/Qwen2.5-3B-Instruct,44,20,2.200,Não
P155,Português,concluído,Sim,,s10__E4__pipeline,4,21,s10,E4,pipeline,Qwen/Qwen2.5-3B-Instruct,62,18,3.444,Não
P155,Português,concluído,Sim,,s01__E1__pipeline,1,22,s01,E1,pipeline,microsoft/DialoGPT-medium,44,17,2.588,Não
P155,Português,concluído,Sim,,s11__E2__baseline,2,23,s11,E2,linha de base,facebook/blenderbot-400M-distill,94,16,5.875,Não
P155,Português,concluído,Sim,,s06__E2__baseline,2,24,s06,E2,linha de base,facebook/blenderbot-400M-distill,44,14,3.143,Não
P156,Português,concluído,Sim,,s08__E4__pipeline,6,1,s08,E4,pipeline,Qwen/Qwen2.5-3B-Instruct,,19.5,,Não
P156,Português,concluído,Sim,,s02__E1__pipeline,1,2,s02,E1,pipeline,microsoft/DialoGPT-medium,45,10,4.500,Não
P156,Português,concluído,Sim,,s10__E2__baseline,3,3,s10,E2,linha de base,facebook/blenderbot-400M-distill,63,13.5,4.667,Não
P156,Português,concluído,Sim,,s02__E4__pipeline,4,4,s02,E4,pipeline,Qwen/Qwen2.5-3B-Instruct,44,15,2.933,Não
P156,Português,concluído,Sim,,s01__E4__pipeline,6,5,s01,E4,pipeline,Qwen/Qwen2.5-3B-Instruct,60,25,2.400,Não
P156,Português,concluído,Sim,,s11__E3__pipeline,6,6,s11,E3,pipeline,microsoft/Phi-3-mini-4k-instruct,45,19,2.368,Não
P156,Português,concluído,Sim,,s03__E4__pipeline,4,7,s03,E4,pipeline,Qwen/Qwen2.5-3B-Instruct,75,22,3.409,Não
P156,Português,concluído,Sim,,s05__E2__pipeline,2,8,s05,E2,pipeline,facebook/blenderbot-400M-distill,44,15,2.933,Não
P156,Português,concluído,Sim,,s08__E2__pipeline,2,9,s08,E2,pipeline,facebook/blenderbot-400M-distill,61,14,4.357,Não
P156,Português,concluído,Sim,,s02__E3__pipeline,5,10,s02,E3,pipeline,microsoft/Phi-3-mini-4k-instruct,45,25.5,1.765,Não
P156,Português,concluído,Sim,,s12__E2__baseline,2,11,s12,E2,linha de base,facebook/blenderbot-400M-distill,62,20.5,3.024,Não
P156,Português,concluído,Sim,,s10__E4__pipeline,4,12,s10,E4,pipeline,Qwen/Qwen2.5-3B-Instruct,44,18,2.444,Não
P156,Português,concluído,Sim,,s04__E4__pipeline,6,13,s04,E4,pipeline,Qwen/Qwen2.5-3B-Instruct,62,17.5,3.543,Não
P156,Português,concluído,Sim,,s04__E1__pipeline,1,14,s04,E1,pipeline,microsoft/DialoGPT-medium,45,13,3.462,Não
P156,Português,concluído,Sim,,s11__E1__baseline,1,15,s11,E1,linha de base,microsoft/DialoGPT-medium,62,9,6.889,Não
P156,Português,concluído,Sim,,s02__E2__pipeline,2,16,s02,E2,pipeline,facebook/blenderbot-400M-distill,45,13,3.462,Não
P156,Português,concluído,Sim,,s01__E1__pipeline,1,17,s01,E1,pipeline,microsoft/DialoGPT-medium,67,17,3.941,Não
P156,Português,concluído,Sim,,s07__E2__pipeline,2,18,s07,E2,pipeline,facebook/blenderbot-400M-distill,45,20,2.250,Não
P156,Português,concluído,Sim,,s04__E2__baseline,3,19,s04,E2,linha de base,facebook/blenderbot-400M-distill,71,13,5.462,Não
P156,Português,concluído,Sim,,s11__E1__pipeline,1,20,s11,E1,pipeline,microsoft/DialoGPT-medium,45,10,4.500,Não
P156,Português,concluído,Sim,,s07__E1__baseline,1,21,s07,E1,linha de base,microsoft/DialoGPT-medium,65,11,5.909,Não
P156,Português,concluído,Sim,,s10__E1__pipeline,1,22,s10,E1,pipeline,microsoft/DialoGPT-medium,45,10,4.500,Não
P156,Português,concluído,Sim,,s12__E2__pipeline,3,23,s12,E2,pipeline,facebook/blenderbot-400M-distill,8,20,0.400,Não
P156,Português,concluído,Sim,,s06__E4__baseline,4,24,s06,E4,linha de base,Qwen/Qwen2.5-3B-Instruct,8,20,0.400,Não
